-- phpMyAdmin SQL Dump
-- version 5.2.1
-- https://www.phpmyadmin.net/
--
-- Host: localhost:3306
-- Generation Time: Feb 04, 2024 at 09:45 AM
-- Server version: 10.5.20-MariaDB-cll-lve
-- PHP Version: 7.4.27

SET SQL_MODE = "NO_AUTO_VALUE_ON_ZERO";
START TRANSACTION;
SET time_zone = "+00:00";


/*!40101 SET @OLD_CHARACTER_SET_CLIENT=@@CHARACTER_SET_CLIENT */;
/*!40101 SET @OLD_CHARACTER_SET_RESULTS=@@CHARACTER_SET_RESULTS */;
/*!40101 SET @OLD_COLLATION_CONNECTION=@@COLLATION_CONNECTION */;
/*!40101 SET NAMES utf8mb4 */;

--
-- Database: `jiteitzg_jmisdb`
--

-- --------------------------------------------------------

--
-- Table structure for table `admission_types`
--

CREATE TABLE `admission_types` (
  `id` bigint(20) UNSIGNED NOT NULL,
  `admission` varchar(255) NOT NULL,
  `created_at` timestamp NULL DEFAULT NULL,
  `updated_at` timestamp NULL DEFAULT NULL
) ENGINE=InnoDB DEFAULT CHARSET=utf8mb4 COLLATE=utf8mb4_unicode_ci;

--
-- Dumping data for table `admission_types`
--

INSERT INTO `admission_types` (`id`, `admission`, `created_at`, `updated_at`) VALUES
(1, 'day', NULL, NULL),
(2, 'boarding', NULL, NULL);

-- --------------------------------------------------------

--
-- Table structure for table `attendances`
--

CREATE TABLE `attendances` (
  `id` bigint(20) UNSIGNED NOT NULL,
  `year` varchar(255) NOT NULL,
  `date_att` varchar(255) NOT NULL,
  `date_no` int(11) NOT NULL,
  `student_id` bigint(20) UNSIGNED NOT NULL,
  `classroom_id` bigint(20) UNSIGNED NOT NULL,
  `level_id` bigint(20) UNSIGNED NOT NULL,
  `user_id` bigint(20) UNSIGNED NOT NULL,
  `attend` int(11) NOT NULL DEFAULT 0,
  `created_at` timestamp NULL DEFAULT NULL,
  `updated_at` timestamp NULL DEFAULT NULL
) ENGINE=InnoDB DEFAULT CHARSET=utf8mb4 COLLATE=utf8mb4_unicode_ci;

--
-- Dumping data for table `attendances`
--

INSERT INTO `attendances` (`id`, `year`, `date_att`, `date_no`, `student_id`, `classroom_id`, `level_id`, `user_id`, `attend`, `created_at`, `updated_at`) VALUES
(45, '2023', '19/11/2023', 20231119, 13, 18, 1, 3, 0, NULL, NULL),
(46, '2023', '20/11/2023', 20231120, 13, 18, 1, 3, 1, NULL, NULL);

-- --------------------------------------------------------

--
-- Table structure for table `classrooms`
--

CREATE TABLE `classrooms` (
  `id` bigint(20) UNSIGNED NOT NULL,
  `classname` varchar(255) NOT NULL,
  `roomnumber` varchar(255) NOT NULL,
  `user_id` bigint(20) UNSIGNED NOT NULL,
  `level_id` bigint(20) UNSIGNED NOT NULL,
  `teacher_id` int(20) NOT NULL,
  `students` int(11) NOT NULL DEFAULT 0,
  `created_at` timestamp NULL DEFAULT NULL,
  `updated_at` timestamp NULL DEFAULT NULL,
  `fees` varchar(220) NOT NULL,
  `subjects` varchar(220) NOT NULL,
  `course_id` int(20) NOT NULL DEFAULT 0
) ENGINE=InnoDB DEFAULT CHARSET=utf8mb4 COLLATE=utf8mb4_unicode_ci;

--
-- Dumping data for table `classrooms`
--

INSERT INTO `classrooms` (`id`, `classname`, `roomnumber`, `user_id`, `level_id`, `teacher_id`, `students`, `created_at`, `updated_at`, `fees`, `subjects`, `course_id`) VALUES
(0, 'default', '0', 3, 0, 0, 0, NULL, NULL, '', '', 0),
(18, 'IA1', '23', 3, 1, 42, 0, '2023-11-19 23:28:58', '2023-12-10 18:24:24', '11', '21,22,23,25,27,24,26,28,29,30,31,51,41', 0),
(22, 'IA2', '21', 3, 1, 47, 0, '2023-11-24 07:15:57', '2023-12-10 18:24:39', '0', '21,23,22,24,26,28,25,27,29,30,41,51,35', 0),
(24, 'IB1', '07', 3, 1, 39, 0, '2023-12-09 16:47:29', '2023-12-10 18:24:06', '0', '24,25,27,26,51,21,22,23,29,30,41,36', 0),
(25, 'IIA1', '09', 3, 2, 51, 0, '2023-12-09 17:27:02', '2023-12-10 18:22:58', '0', '21,23,25,27,41,22,24,26,29,31,51,30', 0),
(26, 'IIA2', '11', 41, 2, 56, 0, '2023-12-09 17:33:28', '2023-12-09 17:33:28', '0', '21,23,25,27,30,35,41,22,24,26,29,51', 0),
(27, 'IIB1', '10', 41, 2, 52, 0, '2023-12-09 17:41:49', '2023-12-09 17:41:49', '0', '21,23,25,27,30,41,22,24,26,36', 0),
(28, 'IIIA1', '13', 41, 3, 48, 0, '2023-12-09 17:44:39', '2023-12-09 17:44:39', '0', '21,23,25,27,22,24,26,29,31,51', 0),
(29, 'IIIA2', '14', 41, 3, 49, 0, '2023-12-09 17:46:06', '2023-12-09 17:46:06', '0', '21,25,27,30,41,24,26,29,35,51', 0),
(30, 'IIIB1', '16', 41, 3, 55, 0, '2023-12-09 17:49:30', '2023-12-09 18:54:30', '0', '21,25,27,24,26,29,51', 0),
(31, 'IVA1', '19', 41, 4, 46, 0, '2023-12-09 17:51:40', '2023-12-09 17:51:40', '0', '21,23,25,27,22,24,26,31,51', 0),
(32, 'IVA2', '20', 41, 4, 45, 0, '2023-12-09 17:54:56', '2023-12-09 17:54:56', '0', '21,25,27,30,41,24,26,29,51', 0),
(33, 'IVB1', '21', 41, 4, 41, 0, '2023-12-09 18:00:42', '2023-12-09 18:00:42', '0', '21,25,27,24,26,29,51', 0),
(34, 'V-HGE', '25', 3, 5, 43, 0, '2023-12-09 18:25:33', '2023-12-10 18:28:27', '0', '37,33,40,39,46', 12),
(35, 'V-HGK', '26', 3, 5, 44, 0, '2023-12-09 18:29:59', '2023-12-10 18:28:39', '0', '37,39,40,49', 14),
(36, 'V-HKL', '27', 3, 5, 36, 0, '2023-12-09 18:30:59', '2023-12-10 18:29:55', '0', '37,39,49,50', 15),
(37, 'V-HGL', '31', 3, 5, 35, 0, '2023-12-09 18:32:57', '2023-12-10 18:30:08', '0', '37,39,40,50', 13),
(38, 'V-PCM', '31', 3, 5, 50, 0, '2023-12-09 18:34:28', '2023-12-10 18:25:06', '0', '37,45,42,32', 17),
(39, 'V-PCB', '32', 3, 5, 26, 0, '2023-12-09 18:35:28', '2023-12-10 18:29:18', '0', '37,45,42,48,33', 18),
(40, 'V-CBG', '33', 3, 5, 3, 0, '2023-12-09 18:42:08', '2023-12-10 18:28:53', '0', '37,42,48,40,33', 20),
(41, 'V-EGM', '35', 3, 5, 33, 0, '2023-12-09 18:43:02', '2023-12-10 18:29:42', '0', '37,46,40,32', 16),
(42, 'V-ECA', '34', 3, 5, 27, 0, '2023-12-09 18:44:13', '2023-12-10 18:30:25', '0', '37,46,44,43,33', 21),
(43, 'VI-HGE', '23', 3, 6, 57, 0, '2023-12-09 19:00:48', '2023-12-10 18:25:37', '0', '37,33,40,39,46', 12),
(44, 'VI-HGK', '29', 3, 6, 58, 0, '2023-12-09 19:02:06', '2023-12-10 18:27:16', '0', '37,39,40,49', 14),
(45, 'VI-HKL', '22', 3, 6, 54, 0, '2023-12-09 19:03:41', '2023-12-10 18:25:52', '0', '37,39,49,50', 15),
(46, 'VI-PCM', '37', 3, 6, 40, 0, '2023-12-09 19:16:18', '2023-12-10 18:25:19', '0', '37,45,42,32', 17),
(47, 'VI-PCB', '38', 3, 6, 53, 0, '2023-12-09 19:28:23', '2023-12-10 18:26:26', '0', '37,45,42,48,33', 18),
(48, 'VI-CBG', '39', 3, 6, 61, 0, '2023-12-09 19:42:54', '2023-12-10 18:26:45', '0', '37,42,48,40,33', 20),
(49, 'VI-ECA', '40', 3, 6, 59, 0, '2023-12-09 19:43:49', '2023-12-10 18:27:34', '0', '37,46,44,43,33', 21),
(50, 'VI-EGM', '41', 3, 6, 60, 0, '2023-12-09 19:44:43', '2023-12-10 18:27:02', '0', '37,46,40,32', 16),
(51, 'VI-HGL', '42', 3, 6, 62, 0, '2023-12-09 19:45:55', '2023-12-10 18:26:11', '0', '37,39,40,50', 13);

-- --------------------------------------------------------

--
-- Table structure for table `courses`
--

CREATE TABLE `courses` (
  `id` bigint(20) UNSIGNED NOT NULL,
  `coursename` varchar(255) NOT NULL,
  `subjects` varchar(255) NOT NULL,
  `subject_names` varchar(220) NOT NULL,
  `user_id` bigint(20) UNSIGNED NOT NULL,
  `created_at` timestamp NULL DEFAULT NULL,
  `updated_at` timestamp NULL DEFAULT NULL
) ENGINE=InnoDB DEFAULT CHARSET=utf8mb4 COLLATE=utf8mb4_unicode_ci;

--
-- Dumping data for table `courses`
--

INSERT INTO `courses` (`id`, `coursename`, `subjects`, `subject_names`, `user_id`, `created_at`, `updated_at`) VALUES
(12, 'HGE', '37,33,40,39,46', 'General studies, Basic applied mathematics, Geography, History, Economics,', 41, '2023-12-08 21:07:54', '2023-12-08 21:07:54'),
(13, 'HGL', '37,39,40,50', 'General studies, History, Geography, English Language,', 41, '2023-12-08 21:08:44', '2023-12-08 21:08:44'),
(14, 'HGK', '37,39,40,49', 'General studies, History, Geography, Kiswahili,', 41, '2023-12-08 21:09:18', '2023-12-08 21:09:18'),
(15, 'HKL', '37,39,49,50', 'General studies, History, Kiswahili, English Language,', 41, '2023-12-08 21:10:34', '2023-12-08 21:10:34'),
(16, 'EGM', '37,46,40,32', 'General studies, Economics, Geography, Advanced mathematics,', 41, '2023-12-08 21:11:42', '2023-12-08 21:11:42'),
(17, 'PCM', '37,45,42,32', 'General studies, Physics, Chemistry, Advanced mathematics,', 41, '2023-12-08 21:12:09', '2023-12-08 21:12:09'),
(18, 'PCB', '37,45,42,48,33', 'General studies, Physics, Chemistry, Biology, Basic applied mathematics,', 41, '2023-12-08 21:13:00', '2023-12-08 21:13:00'),
(19, 'PGM', '37,45,40,32', 'General studies, Physics, Geography, Advanced mathematics,', 41, '2023-12-08 21:15:31', '2023-12-08 21:15:31'),
(20, 'CBG', '37,42,48,40,33', 'General studies, Chemistry, Biology, Geography, Basic applied mathematics,', 41, '2023-12-08 21:17:08', '2023-12-08 21:17:08'),
(21, 'ECA', '37,46,44,43,33', 'General studies, Economics, Accountancy, Commerce, Basic applied mathematics,', 41, '2023-12-08 21:18:40', '2023-12-08 21:18:40');

-- --------------------------------------------------------

--
-- Table structure for table `departments`
--

CREATE TABLE `departments` (
  `id` bigint(20) UNSIGNED NOT NULL,
  `department` varchar(255) NOT NULL,
  `user_id` bigint(20) UNSIGNED NOT NULL,
  `created_at` timestamp NULL DEFAULT NULL,
  `updated_at` timestamp NULL DEFAULT NULL
) ENGINE=InnoDB DEFAULT CHARSET=utf8mb4 COLLATE=utf8mb4_unicode_ci;

--
-- Dumping data for table `departments`
--

INSERT INTO `departments` (`id`, `department`, `user_id`, `created_at`, `updated_at`) VALUES
(1, 'Accademic', 3, '2023-11-23 06:35:29', '2023-11-23 06:35:29'),
(2, 'Admission', 3, '2023-11-23 06:35:40', '2023-11-23 06:35:40'),
(3, 'Finance', 3, '2023-11-23 06:35:56', '2023-11-23 06:35:56'),
(15, 'Kiswahili', 3, '2023-04-15 12:19:52', '2023-04-15 12:19:52'),
(21, 'History', 3, '2023-12-07 11:54:30', '2023-12-07 11:54:30'),
(22, 'Adminstration', 42, '2023-12-07 13:27:45', '2023-12-07 13:27:45'),
(23, 'Registration', 42, '2023-12-07 13:28:49', '2023-12-07 13:28:49'),
(24, 'Examination', 42, '2023-12-07 13:29:47', '2023-12-07 13:29:47'),
(25, 'Libarary', 42, '2023-12-07 13:30:04', '2023-12-07 13:30:04'),
(26, 'Laboratory', 42, '2023-12-07 13:30:53', '2023-12-07 13:30:53'),
(27, 'Hostel', 42, '2023-12-07 13:32:32', '2023-12-07 13:32:32'),
(28, 'Discipline', 42, '2023-12-07 13:34:00', '2023-12-07 13:34:00'),
(29, 'JID', 42, '2023-12-07 13:34:30', '2023-12-07 13:34:30'),
(30, 'ICT/JCC', 42, '2023-12-07 13:34:44', '2023-12-07 13:34:44'),
(31, 'QM', 42, '2023-12-07 13:35:14', '2023-12-07 13:35:14'),
(32, 'Stores', 42, '2023-12-07 13:35:33', '2023-12-07 13:35:33'),
(33, 'Environment', 42, '2023-12-07 13:35:56', '2023-12-07 13:35:56'),
(34, 'Sports', 42, '2023-12-07 13:36:18', '2023-12-07 13:36:18'),
(35, 'Coordinators A/O Levels', 42, '2023-12-07 13:36:54', '2023-12-07 13:36:54'),
(36, 'Drivers/TO', 42, '2023-12-07 13:37:22', '2023-12-07 13:37:22'),
(37, 'Estate Manager', 42, '2023-12-07 13:38:11', '2023-12-07 13:38:11'),
(39, 'Science', 42, '2023-12-07 14:45:48', '2023-12-07 14:45:48');

-- --------------------------------------------------------

--
-- Table structure for table `deposit_slips`
--

CREATE TABLE `deposit_slips` (
  `id` bigint(20) UNSIGNED NOT NULL,
  `year` varchar(255) NOT NULL,
  `amount` decimal(17,2) NOT NULL,
  `deposit_code` varchar(255) NOT NULL,
  `description` mediumtext NOT NULL,
  `student_id` bigint(20) UNSIGNED NOT NULL,
  `user_id` bigint(20) UNSIGNED NOT NULL,
  `status` int(11) NOT NULL DEFAULT 0,
  `created_at` timestamp NULL DEFAULT NULL,
  `updated_at` timestamp NULL DEFAULT NULL
) ENGINE=InnoDB DEFAULT CHARSET=utf8mb4 COLLATE=utf8mb4_unicode_ci;

--
-- Dumping data for table `deposit_slips`
--

INSERT INTO `deposit_slips` (`id`, `year`, `amount`, `deposit_code`, `description`, `student_id`, `user_id`, `status`, `created_at`, `updated_at`) VALUES
(11, '2023', 50000.00, 'ckckckckc', 'via CRDB', 13, 3, 0, '2023-11-20 00:17:15', '2023-11-20 00:17:15');

-- --------------------------------------------------------

--
-- Table structure for table `duration_payments`
--

CREATE TABLE `duration_payments` (
  `id` bigint(20) UNSIGNED NOT NULL,
  `year` varchar(255) NOT NULL,
  `amount` decimal(17,2) NOT NULL,
  `student_id` bigint(20) UNSIGNED NOT NULL,
  `classroom_id` bigint(20) UNSIGNED NOT NULL,
  `level_id` bigint(20) UNSIGNED NOT NULL,
  `user_id` bigint(20) UNSIGNED NOT NULL,
  `fee_id` bigint(20) UNSIGNED NOT NULL,
  `fee_payment_id` bigint(20) UNSIGNED NOT NULL,
  `created_at` timestamp NULL DEFAULT NULL,
  `updated_at` timestamp NULL DEFAULT NULL
) ENGINE=InnoDB DEFAULT CHARSET=utf8mb4 COLLATE=utf8mb4_unicode_ci;

--
-- Dumping data for table `duration_payments`
--

INSERT INTO `duration_payments` (`id`, `year`, `amount`, `student_id`, `classroom_id`, `level_id`, `user_id`, `fee_id`, `fee_payment_id`, `created_at`, `updated_at`) VALUES
(24, '2023', 30000.00, 13, 18, 1, 3, 11, 61, '2023-11-20 00:17:42', '2023-11-20 00:17:42');

-- --------------------------------------------------------

--
-- Table structure for table `entry_types`
--

CREATE TABLE `entry_types` (
  `id` bigint(20) UNSIGNED NOT NULL,
  `entry` varchar(255) NOT NULL,
  `created_at` timestamp NULL DEFAULT NULL,
  `updated_at` timestamp NULL DEFAULT NULL
) ENGINE=InnoDB DEFAULT CHARSET=utf8mb4 COLLATE=utf8mb4_unicode_ci;

--
-- Dumping data for table `entry_types`
--

INSERT INTO `entry_types` (`id`, `entry`, `created_at`, `updated_at`) VALUES
(1, 'new registration', NULL, NULL),
(2, 'transfer in', NULL, NULL);

-- --------------------------------------------------------

--
-- Table structure for table `exams`
--

CREATE TABLE `exams` (
  `id` bigint(20) UNSIGNED NOT NULL,
  `examname` varchar(255) NOT NULL,
  `user_id` bigint(20) UNSIGNED NOT NULL,
  `status` varchar(50) NOT NULL DEFAULT 'active',
  `created_at` timestamp NULL DEFAULT NULL,
  `updated_at` timestamp NULL DEFAULT NULL
) ENGINE=InnoDB DEFAULT CHARSET=utf8mb4 COLLATE=utf8mb4_unicode_ci;

--
-- Dumping data for table `exams`
--

INSERT INTO `exams` (`id`, `examname`, `user_id`, `status`, `created_at`, `updated_at`) VALUES
(4, 'annualy', 3, 'deactive', '2023-04-14 03:42:19', '2023-12-08 21:05:56'),
(5, 'terminal', 3, 'deactive', '2023-04-14 06:04:01', '2023-12-08 21:05:54'),
(6, 'test 1', 3, 'deactive', '2023-04-14 10:34:32', '2023-12-08 21:05:36'),
(7, 'Test 2', 3, 'deactive', '2023-04-14 12:38:41', '2023-11-26 11:26:58');

-- --------------------------------------------------------

--
-- Table structure for table `exam_hosts`
--

CREATE TABLE `exam_hosts` (
  `id` bigint(20) UNSIGNED NOT NULL,
  `year` varchar(255) NOT NULL,
  `classroom_id` bigint(20) UNSIGNED NOT NULL,
  `level_id` bigint(20) UNSIGNED NOT NULL,
  `exam_id` bigint(20) UNSIGNED NOT NULL,
  `user_id` bigint(20) UNSIGNED NOT NULL,
  `created_at` timestamp NULL DEFAULT NULL,
  `updated_at` timestamp NULL DEFAULT NULL
) ENGINE=InnoDB DEFAULT CHARSET=utf8mb4 COLLATE=utf8mb4_unicode_ci;

-- --------------------------------------------------------

--
-- Table structure for table `exam_marks`
--

CREATE TABLE `exam_marks` (
  `id` bigint(20) UNSIGNED NOT NULL,
  `year` varchar(255) NOT NULL,
  `mark` int(11) NOT NULL,
  `grade_point` int(11) NOT NULL,
  `grade_label` varchar(255) NOT NULL,
  `grade` varchar(255) NOT NULL,
  `grade_id` varchar(255) NOT NULL,
  `student_id` bigint(20) UNSIGNED NOT NULL,
  `subject_id` bigint(20) UNSIGNED NOT NULL,
  `classroom_id` bigint(20) UNSIGNED NOT NULL,
  `level_id` bigint(20) UNSIGNED NOT NULL,
  `exam_id` bigint(20) UNSIGNED NOT NULL,
  `user_id` bigint(20) UNSIGNED NOT NULL,
  `subs` int(50) NOT NULL DEFAULT 0,
  `created_at` timestamp NULL DEFAULT NULL,
  `updated_at` timestamp NULL DEFAULT NULL
) ENGINE=InnoDB DEFAULT CHARSET=utf8mb4 COLLATE=utf8mb4_unicode_ci;

--
-- Dumping data for table `exam_marks`
--

INSERT INTO `exam_marks` (`id`, `year`, `mark`, `grade_point`, `grade_label`, `grade`, `grade_id`, `student_id`, `subject_id`, `classroom_id`, `level_id`, `exam_id`, `user_id`, `subs`, `created_at`, `updated_at`) VALUES
(58, '2023', 76, 1, 'Excellent', 'A', '9', 19, 21, 18, 1, 4, 41, 0, '2023-11-28 13:43:57', '2023-11-28 13:43:57'),
(59, '2023', 55, 3, 'Good', 'C', '17', 19, 22, 18, 1, 4, 41, 0, '2023-11-28 13:44:26', '2023-11-28 13:44:26');

-- --------------------------------------------------------

--
-- Table structure for table `failed_jobs`
--

CREATE TABLE `failed_jobs` (
  `id` bigint(20) UNSIGNED NOT NULL,
  `uuid` varchar(255) NOT NULL,
  `connection` text NOT NULL,
  `queue` text NOT NULL,
  `payload` longtext NOT NULL,
  `exception` longtext NOT NULL,
  `failed_at` timestamp NOT NULL DEFAULT current_timestamp()
) ENGINE=InnoDB DEFAULT CHARSET=utf8mb4 COLLATE=utf8mb4_unicode_ci;

-- --------------------------------------------------------

--
-- Table structure for table `fees`
--

CREATE TABLE `fees` (
  `id` bigint(20) UNSIGNED NOT NULL,
  `fee` varchar(255) NOT NULL,
  `amount` decimal(11,2) NOT NULL,
  `min_amount` decimal(11,2) NOT NULL,
  `duration` int(11) NOT NULL DEFAULT 1,
  `status` int(20) NOT NULL DEFAULT 1,
  `level_id` int(20) NOT NULL,
  `user_id` bigint(20) UNSIGNED NOT NULL,
  `created_at` timestamp NULL DEFAULT NULL,
  `updated_at` timestamp NULL DEFAULT NULL
) ENGINE=InnoDB DEFAULT CHARSET=utf8mb4 COLLATE=utf8mb4_unicode_ci;

--
-- Dumping data for table `fees`
--

INSERT INTO `fees` (`id`, `fee`, `amount`, `min_amount`, `duration`, `status`, `level_id`, `user_id`, `created_at`, `updated_at`) VALUES
(11, 'Sample fee', 30000.00, 0.00, 0, 1, 0, 3, '2023-11-19 23:27:12', '2023-12-09 11:04:10'),
(22, 'FORM I SCHOOL FEES 2024', 1000000.00, 0.00, 0, 1, 1, 50, '2023-12-08 13:28:51', '2023-12-09 12:52:42'),
(26, 'FORM II SCHOOL FEES 2024', 1145000.00, 0.00, 0, 1, 2, 50, '2023-12-09 12:05:49', '2023-12-09 13:01:06'),
(27, 'FORM II HOSTEL FEES 2024', 1450000.00, 0.00, 0, 2, 2, 50, '2023-12-09 12:08:38', '2023-12-09 12:08:38'),
(32, 'FORM III SCHOOL FEES 2024', 1155000.00, 0.00, 0, 1, 3, 50, '2023-12-09 12:38:32', '2023-12-09 12:38:32'),
(33, 'FORM III HOSTELL FEES 2024', 1450000.00, 0.00, 0, 2, 3, 50, '2023-12-09 12:40:42', '2023-12-09 12:40:42'),
(38, 'FORM IV SCHOOL FEES 2024', 1335000.00, 0.00, 0, 1, 4, 50, '2023-12-09 12:53:36', '2023-12-09 12:53:36'),
(39, 'FORM IV HOSTEL FEES 2024', 1450000.00, 0.00, 0, 2, 4, 50, '2023-12-09 12:56:46', '2023-12-09 12:56:46'),
(44, 'FORM V SCHOOL FEES 2023/24', 1370000.00, 0.00, 0, 1, 5, 50, '2023-12-11 10:33:50', '2023-12-11 11:41:59'),
(45, 'FORM V HOSTEL  FEES 2023/24', 1450000.00, 0.00, 0, 2, 5, 50, '2023-12-11 10:36:10', '2023-12-11 11:46:58'),
(46, 'FORM V TERM SCHOOL FEES 2023/24', 685000.00, 0.00, 0, 2, 5, 50, '2023-12-11 11:44:25', '2023-12-11 11:44:25'),
(47, 'FORM V TERM HOSTEL FEES 2023/24', 725000.00, 0.00, 0, 2, 5, 50, '2023-12-11 11:45:48', '2023-12-11 11:45:48'),
(48, 'FORM V SECOND TERM NEW COMER SCHOOL FEES 2023/24', 810000.00, 0.00, 0, 1, 5, 50, '2023-12-11 11:49:24', '2023-12-11 11:50:07'),
(49, 'FORM V SECOND TERM NEW COMER HOSTEL AND SCHOOL FEES 2023/24', 1585000.00, 0.00, 0, 2, 5, 50, '2023-12-11 11:52:09', '2023-12-11 11:52:09'),
(50, 'FORM VI SCHOOL FEES 2023/24', 1420000.00, 0.00, 0, 1, 6, 50, '2023-12-11 12:21:02', '2023-12-11 12:21:02'),
(51, 'FORM VI TERM SCHOOL FEES 2023/24', 710000.00, 0.00, 0, 2, 6, 50, '2023-12-11 12:21:48', '2023-12-11 12:21:48'),
(52, 'FORM VI NEW COMER FIRST TERM SCHOOL FEES 2023/24', 1500000.00, 0.00, 0, 2, 6, 50, '2023-12-11 12:25:45', '2023-12-11 12:25:45'),
(54, 'FORM VI HOSTEL FEES 2023/24', 1550000.00, 0.00, 0, 2, 6, 50, '2023-12-11 12:30:26', '2023-12-11 12:30:26'),
(55, 'FORM VI TERM HOSTEL FEES 2023/24', 775000.00, 0.00, 0, 2, 6, 50, '2023-12-11 12:30:54', '2023-12-11 12:30:54'),
(57, 'FORM VI NEW COMER SECOND TERM SCHOO FEES 2023/24', 1085000.00, 0.00, 0, 2, 6, 50, '2023-12-11 12:41:11', '2023-12-11 12:41:11'),
(58, 'FORM I TERM SCHOOL FEES 2024', 500000.00, 0.00, 0, 2, 1, 50, '2023-12-11 12:54:50', '2023-12-11 12:54:50'),
(59, 'FORM I NEW COMER SECOND TERM SCHOOL FEES 2024', 692000.00, 0.00, 0, 2, 1, 50, '2023-12-11 12:56:05', '2023-12-11 12:56:05'),
(60, 'FORM I NEW COMER SECOND TERM SCHOOL AND HOSTEL FEES 2024', 1437000.00, 0.00, 0, 2, 1, 50, '2023-12-11 12:57:13', '2023-12-11 12:57:13'),
(61, 'FORM I HOSTEL  FEES 2024', 1420000.00, 0.00, 0, 2, 1, 50, '2023-12-11 12:58:21', '2023-12-11 12:58:21'),
(62, 'FORM I TERM HOSTEL  FEES 2024', 710000.00, 0.00, 0, 2, 1, 50, '2023-12-11 12:58:52', '2023-12-11 12:58:52'),
(63, 'FORM II TERM SCHOOL FEES', 572500.00, 0.00, 0, 2, 2, 50, '2023-12-11 13:12:46', '2023-12-11 13:12:46'),
(64, 'FORM II TERM HOSTEL FEES', 725000.00, 0.00, 0, 2, 2, 50, '2023-12-11 13:19:38', '2023-12-11 13:19:38'),
(65, 'FORM II SECOND TERM SCHOOL AND HOSTEL FEES 2024', 1590000.00, 0.00, 0, 2, 2, 50, '2023-12-11 13:21:31', '2023-12-11 13:21:31'),
(66, 'FORM II SECOND TERM SCHOOL FEES 2024', 865000.00, 0.00, 0, 2, 2, 50, '2023-12-11 13:22:10', '2023-12-11 13:22:10'),
(67, 'FORM II NEW COMER FIRST TERM SCHOOL FEES 2024', 1240000.00, 0.00, 0, 2, 2, 50, '2023-12-11 13:23:49', '2023-12-11 13:23:49'),
(68, 'FORM III TERM HOSTEL FEES', 725000.00, 0.00, 0, 2, 3, 50, '2023-12-11 13:32:18', '2023-12-11 13:32:18'),
(69, 'FORM III SECOND TERM SCHOOL AND HOSTEL FEES 2024', 1590000.00, 0.00, 0, 2, 3, 50, '2023-12-11 13:34:12', '2023-12-11 13:34:12'),
(70, 'FORM III SECOND TERM SCHOOL FEES 2024', 865000.00, 0.00, 0, 2, 3, 50, '2023-12-11 13:34:42', '2023-12-11 13:34:42'),
(71, 'FORM III FIRST TERM SCHOOL FEES 2024', 1255000.00, 0.00, 0, 2, 3, 50, '2023-12-11 13:35:56', '2023-12-11 13:35:56'),
(72, 'FORM IV TERM HOSTEL FEES 2024', 725000.00, 0.00, 0, 2, 4, 50, '2023-12-11 13:44:17', '2023-12-11 13:44:17'),
(73, 'FORM IV TERM SCHOOL FEES 2024', 667500.00, 0.00, 0, 2, 4, 50, '2023-12-11 13:45:03', '2023-12-11 13:45:03'),
(74, 'FORM IV NEW COMER SECOND TERM SCHOOL FEES 2024', 1035000.00, 0.00, 0, 2, 4, 50, '2023-12-11 13:46:48', '2023-12-11 13:50:08'),
(75, 'FORM IV NEW COMER SECOND TERM SCHOOL AND HOSTEL FEES 2024', 1760000.00, 0.00, 0, 2, 4, 50, '2023-12-11 13:47:41', '2023-12-11 13:50:35'),
(76, 'FORM IV NEW COMER FIRST TERM SCHOOL FEES 2024', 1435000.00, 0.00, 0, 2, 4, 50, '2023-12-11 13:52:03', '2023-12-11 13:52:03'),
(77, 'FORM IV NEW COMER FIRST TERM HOSTEL FEES 2024', 1475000.00, 0.00, 0, 2, 4, 50, '2023-12-11 13:54:56', '2023-12-11 13:54:56'),
(78, 'FORM IV NEW COMER TERM HOSTEL FEES 2024', 737500.00, 0.00, 0, 2, 4, 50, '2023-12-11 13:56:12', '2023-12-11 13:56:12');

-- --------------------------------------------------------

--
-- Table structure for table `fee_balances`
--

CREATE TABLE `fee_balances` (
  `id` bigint(20) UNSIGNED NOT NULL,
  `amount` decimal(17,2) NOT NULL,
  `student_id` bigint(20) UNSIGNED NOT NULL,
  `user_id` bigint(20) UNSIGNED NOT NULL,
  `created_at` timestamp NULL DEFAULT NULL,
  `updated_at` timestamp NULL DEFAULT NULL
) ENGINE=InnoDB DEFAULT CHARSET=utf8mb4 COLLATE=utf8mb4_unicode_ci;

--
-- Dumping data for table `fee_balances`
--

INSERT INTO `fee_balances` (`id`, `amount`, `student_id`, `user_id`, `created_at`, `updated_at`) VALUES
(9, 18580.00, 13, 3, '2023-11-20 00:16:47', '2023-12-11 11:29:00'),
(14, 0.00, 22, 42, '2023-12-11 15:09:13', '2023-12-11 15:09:13'),
(15, 0.00, 23, 42, '2023-12-11 15:42:38', '2023-12-11 15:42:38'),
(16, 0.00, 24, 42, '2023-12-11 16:13:09', '2023-12-11 16:13:09'),
(17, 0.00, 25, 42, '2023-12-11 16:27:24', '2023-12-11 16:27:24'),
(18, 0.00, 26, 42, '2023-12-11 16:46:51', '2023-12-11 16:46:51'),
(19, 0.00, 27, 42, '2023-12-11 16:53:34', '2023-12-11 16:53:34'),
(20, 0.00, 28, 42, '2023-12-11 16:58:37', '2023-12-11 16:58:37'),
(21, 0.00, 29, 42, '2023-12-11 17:06:53', '2023-12-11 17:06:53'),
(22, 0.00, 30, 42, '2023-12-11 17:13:31', '2023-12-11 17:13:31'),
(23, 0.00, 31, 42, '2023-12-11 17:19:54', '2023-12-11 17:19:54'),
(24, 0.00, 32, 42, '2023-12-11 17:24:47', '2023-12-11 17:24:47'),
(25, 0.00, 33, 42, '2023-12-11 17:33:14', '2023-12-11 17:33:14'),
(26, 0.00, 34, 42, '2023-12-11 17:38:23', '2023-12-11 17:38:23'),
(27, 0.00, 35, 42, '2023-12-11 17:43:37', '2023-12-11 17:43:37'),
(28, 0.00, 36, 42, '2023-12-11 17:48:52', '2023-12-11 17:48:52'),
(29, 0.00, 37, 42, '2023-12-11 17:59:54', '2023-12-11 17:59:54'),
(30, 0.00, 38, 42, '2023-12-11 18:04:19', '2023-12-11 18:04:19'),
(31, 0.00, 39, 42, '2023-12-11 18:10:24', '2023-12-11 18:10:24'),
(32, 0.00, 40, 42, '2023-12-11 18:15:18', '2023-12-11 18:15:18'),
(33, 0.00, 41, 42, '2023-12-12 16:39:43', '2023-12-12 16:39:43'),
(34, 0.00, 42, 42, '2023-12-12 16:45:40', '2023-12-12 16:45:40'),
(35, 0.00, 43, 42, '2023-12-12 16:53:14', '2023-12-12 16:53:14'),
(36, 0.00, 44, 42, '2023-12-13 12:56:24', '2023-12-13 12:56:24'),
(37, 0.00, 45, 42, '2023-12-13 13:01:35', '2023-12-13 13:01:35'),
(38, 0.00, 46, 42, '2023-12-13 13:07:36', '2023-12-13 13:07:36'),
(39, 0.00, 47, 42, '2023-12-13 13:35:48', '2023-12-13 13:35:48'),
(40, 0.00, 48, 42, '2023-12-13 13:42:24', '2023-12-13 13:42:24'),
(41, 0.00, 49, 42, '2023-12-13 13:47:06', '2023-12-13 13:47:06'),
(42, 0.00, 50, 42, '2023-12-13 13:58:54', '2023-12-13 13:58:54'),
(43, 0.00, 51, 42, '2023-12-13 14:07:13', '2023-12-13 14:07:13'),
(44, 0.00, 52, 42, '2023-12-13 14:13:01', '2023-12-13 14:13:01'),
(45, 0.00, 53, 42, '2023-12-13 14:17:40', '2023-12-13 14:17:40'),
(46, 0.00, 54, 42, '2023-12-13 14:22:16', '2023-12-13 14:22:16'),
(47, 0.00, 55, 42, '2023-12-13 14:25:53', '2023-12-13 14:25:53'),
(48, 0.00, 56, 42, '2023-12-13 14:31:03', '2023-12-13 14:31:03'),
(49, 0.00, 57, 42, '2023-12-13 14:36:50', '2023-12-13 14:36:50'),
(50, 0.00, 58, 42, '2023-12-13 14:41:11', '2023-12-13 14:41:11'),
(51, 0.00, 59, 42, '2023-12-13 14:45:38', '2023-12-13 14:45:38'),
(52, 0.00, 60, 42, '2023-12-13 14:53:03', '2023-12-13 14:53:03'),
(53, 0.00, 61, 42, '2023-12-13 14:58:21', '2023-12-13 14:58:21'),
(54, 0.00, 62, 42, '2023-12-14 12:48:06', '2023-12-14 12:48:06'),
(55, 0.00, 63, 42, '2023-12-14 15:33:30', '2023-12-14 15:33:30'),
(56, 0.00, 64, 42, '2023-12-14 15:43:09', '2023-12-14 15:43:09'),
(57, 0.00, 65, 42, '2023-12-14 15:46:55', '2023-12-14 15:46:55'),
(58, 0.00, 66, 42, '2023-12-14 15:54:00', '2023-12-14 15:54:00'),
(59, 0.00, 67, 42, '2023-12-14 16:10:36', '2023-12-14 16:10:36'),
(60, 0.00, 68, 42, '2023-12-14 16:50:48', '2023-12-14 16:50:48'),
(61, 0.00, 69, 42, '2023-12-14 16:55:29', '2023-12-14 16:55:29'),
(62, 0.00, 70, 42, '2023-12-14 17:04:22', '2023-12-14 17:04:22'),
(63, 0.00, 71, 42, '2023-12-14 17:09:13', '2023-12-14 17:09:13'),
(64, 0.00, 72, 42, '2024-01-19 10:27:17', '2024-01-19 10:27:17'),
(65, 0.00, 73, 42, '2024-01-19 10:39:56', '2024-01-19 10:39:56'),
(66, 0.00, 74, 39, '2024-01-19 12:10:13', '2024-01-19 12:10:13'),
(67, 0.00, 75, 39, '2024-01-19 12:19:51', '2024-01-19 12:19:51'),
(68, 0.00, 76, 39, '2024-01-19 12:29:20', '2024-01-19 12:29:20'),
(69, 0.00, 77, 39, '2024-01-19 12:47:26', '2024-01-19 12:47:26'),
(70, 0.00, 78, 39, '2024-01-19 12:53:30', '2024-01-19 12:53:30'),
(71, 0.00, 79, 39, '2024-01-19 13:02:34', '2024-01-19 13:02:34'),
(72, 0.00, 80, 39, '2024-01-19 13:09:56', '2024-01-19 13:09:56'),
(73, 0.00, 81, 39, '2024-01-19 13:17:57', '2024-01-19 13:17:57'),
(74, 0.00, 82, 39, '2024-01-19 13:27:25', '2024-01-19 13:27:25'),
(75, 0.00, 83, 39, '2024-01-19 13:57:20', '2024-01-19 13:57:20'),
(76, 0.00, 84, 39, '2024-01-19 14:08:17', '2024-01-19 14:08:17'),
(77, 0.00, 85, 39, '2024-01-19 14:14:23', '2024-01-19 14:14:23'),
(78, 0.00, 86, 39, '2024-01-19 14:22:10', '2024-01-19 14:22:10'),
(79, 0.00, 87, 39, '2024-01-19 14:28:14', '2024-01-19 14:28:14'),
(80, 0.00, 88, 39, '2024-01-19 14:36:46', '2024-01-19 14:36:46'),
(81, 0.00, 89, 39, '2024-01-19 14:46:54', '2024-01-19 14:46:54'),
(82, 0.00, 90, 39, '2024-01-19 14:55:22', '2024-01-19 14:55:22'),
(83, 0.00, 91, 39, '2024-01-19 14:59:33', '2024-01-19 14:59:33'),
(84, 0.00, 92, 39, '2024-01-19 15:07:19', '2024-01-19 15:07:19'),
(85, 0.00, 93, 39, '2024-01-19 15:14:10', '2024-01-19 15:14:10'),
(86, 0.00, 94, 39, '2024-01-19 15:24:18', '2024-01-19 15:24:18'),
(87, 0.00, 95, 39, '2024-01-19 16:50:01', '2024-01-19 16:50:01'),
(88, 0.00, 96, 39, '2024-01-19 16:55:12', '2024-01-19 16:55:12'),
(89, 0.00, 97, 39, '2024-01-19 16:58:45', '2024-01-19 16:58:45'),
(90, 0.00, 98, 39, '2024-01-19 17:03:03', '2024-01-19 17:03:03'),
(91, 0.00, 99, 39, '2024-01-19 17:10:18', '2024-01-19 17:10:18'),
(92, 0.00, 100, 39, '2024-01-19 17:15:03', '2024-01-19 17:15:03'),
(93, 0.00, 101, 39, '2024-01-19 17:19:13', '2024-01-19 17:19:13'),
(94, 0.00, 102, 39, '2024-01-19 17:23:09', '2024-01-19 17:23:09'),
(95, 0.00, 103, 39, '2024-01-19 17:26:52', '2024-01-19 17:26:52'),
(96, 0.00, 104, 39, '2024-01-22 10:01:58', '2024-01-22 10:01:58'),
(97, 0.00, 105, 39, '2024-01-22 10:08:04', '2024-01-22 10:08:04'),
(98, 0.00, 106, 39, '2024-01-22 10:13:40', '2024-01-22 10:13:40'),
(99, 0.00, 107, 39, '2024-01-22 10:16:54', '2024-01-22 10:16:54'),
(100, 0.00, 108, 39, '2024-01-22 10:20:11', '2024-01-22 10:20:11'),
(101, 0.00, 109, 39, '2024-01-22 10:23:50', '2024-01-22 10:23:50'),
(102, 0.00, 110, 39, '2024-01-22 10:27:48', '2024-01-22 10:27:48'),
(103, 0.00, 111, 39, '2024-01-22 10:31:44', '2024-01-22 10:31:44'),
(104, 0.00, 112, 39, '2024-01-22 10:35:14', '2024-01-22 10:35:14'),
(105, 0.00, 113, 39, '2024-01-22 10:41:44', '2024-01-22 10:41:44'),
(106, 0.00, 114, 39, '2024-01-22 10:55:14', '2024-01-22 10:55:14'),
(107, 0.00, 115, 39, '2024-01-22 10:59:40', '2024-01-22 10:59:40'),
(108, 0.00, 116, 39, '2024-01-22 12:27:33', '2024-01-22 12:27:33'),
(109, 0.00, 117, 39, '2024-01-22 12:32:10', '2024-01-22 12:32:10'),
(110, 0.00, 118, 39, '2024-01-22 12:40:59', '2024-01-22 12:40:59'),
(111, 0.00, 119, 39, '2024-01-22 12:48:59', '2024-01-22 12:48:59'),
(112, 0.00, 120, 39, '2024-01-22 12:58:14', '2024-01-22 12:58:14'),
(113, 0.00, 121, 39, '2024-01-22 13:10:49', '2024-01-22 13:10:49'),
(114, 0.00, 122, 39, '2024-01-22 13:22:21', '2024-01-22 13:22:21'),
(115, 0.00, 123, 39, '2024-01-22 13:29:12', '2024-01-22 13:29:12'),
(116, 0.00, 124, 39, '2024-01-22 14:13:31', '2024-01-22 14:13:31'),
(117, 0.00, 125, 39, '2024-01-22 14:17:40', '2024-01-22 14:17:40'),
(118, 0.00, 126, 39, '2024-01-22 14:21:17', '2024-01-22 14:21:17'),
(119, 0.00, 127, 39, '2024-01-22 14:24:33', '2024-01-22 14:24:33'),
(120, 0.00, 128, 39, '2024-01-22 14:28:35', '2024-01-22 14:28:35'),
(121, 0.00, 129, 39, '2024-01-22 14:32:16', '2024-01-22 14:32:16'),
(122, 0.00, 130, 39, '2024-01-22 14:36:14', '2024-01-22 14:36:14'),
(123, 0.00, 131, 39, '2024-01-22 14:40:58', '2024-01-22 14:40:58'),
(124, 0.00, 132, 39, '2024-01-22 14:53:25', '2024-01-22 14:53:25'),
(125, 0.00, 133, 39, '2024-01-22 14:58:45', '2024-01-22 14:58:45'),
(126, 0.00, 134, 39, '2024-01-22 15:04:29', '2024-01-22 15:04:29'),
(127, 0.00, 135, 39, '2024-01-22 15:07:58', '2024-01-22 15:07:58'),
(128, 0.00, 136, 39, '2024-01-22 15:11:12', '2024-01-22 15:11:12'),
(129, 0.00, 137, 39, '2024-01-22 15:14:52', '2024-01-22 15:14:52'),
(130, 0.00, 138, 39, '2024-01-22 16:30:37', '2024-01-22 16:30:37'),
(131, 0.00, 139, 39, '2024-01-22 16:38:50', '2024-01-22 16:38:50'),
(132, 0.00, 140, 39, '2024-01-22 16:49:08', '2024-01-22 16:49:08'),
(133, 0.00, 141, 39, '2024-01-22 16:56:46', '2024-01-22 16:56:46'),
(134, 0.00, 142, 39, '2024-01-22 17:00:01', '2024-01-22 17:00:01'),
(135, 0.00, 143, 39, '2024-01-22 17:03:55', '2024-01-22 17:03:55'),
(136, 0.00, 144, 39, '2024-01-22 17:07:08', '2024-01-22 17:07:08'),
(137, 0.00, 145, 39, '2024-01-22 17:10:30', '2024-01-22 17:10:30'),
(138, 0.00, 146, 39, '2024-01-22 17:21:13', '2024-01-22 17:21:13'),
(139, 0.00, 147, 39, '2024-01-22 17:25:05', '2024-01-22 17:25:05'),
(140, 0.00, 148, 39, '2024-01-22 17:29:59', '2024-01-22 17:29:59'),
(141, 0.00, 149, 39, '2024-01-22 17:34:33', '2024-01-22 17:34:33'),
(142, 0.00, 150, 39, '2024-01-22 17:46:36', '2024-01-22 17:46:36'),
(143, 0.00, 151, 39, '2024-01-22 17:54:58', '2024-01-22 17:54:58'),
(144, 0.00, 152, 39, '2024-01-22 18:00:17', '2024-01-22 18:00:17'),
(145, 0.00, 153, 39, '2024-01-25 10:08:14', '2024-01-25 10:08:14'),
(146, 0.00, 154, 39, '2024-01-25 10:12:39', '2024-01-25 10:12:39'),
(147, 0.00, 155, 39, '2024-01-25 10:24:37', '2024-01-25 10:24:37'),
(148, 0.00, 156, 39, '2024-01-25 10:30:42', '2024-01-25 10:30:42'),
(149, 0.00, 157, 39, '2024-01-25 10:34:27', '2024-01-25 10:34:27'),
(150, 0.00, 158, 39, '2024-01-25 10:43:07', '2024-01-25 10:43:07'),
(151, 0.00, 159, 39, '2024-01-25 10:48:08', '2024-01-25 10:48:08'),
(152, 0.00, 160, 39, '2024-01-25 10:56:33', '2024-01-25 10:56:33'),
(153, 0.00, 161, 39, '2024-01-25 12:24:53', '2024-01-25 12:24:53'),
(154, 0.00, 162, 39, '2024-01-25 12:29:27', '2024-01-25 12:29:27'),
(155, 0.00, 163, 39, '2024-01-25 12:37:45', '2024-01-25 12:37:45'),
(156, 0.00, 164, 39, '2024-01-25 13:00:05', '2024-01-25 13:00:05'),
(157, 0.00, 165, 39, '2024-01-25 13:08:36', '2024-01-25 13:08:36'),
(158, 0.00, 166, 39, '2024-01-25 13:13:28', '2024-01-25 13:13:28'),
(159, 0.00, 167, 39, '2024-01-25 13:45:39', '2024-01-25 13:45:39'),
(160, 0.00, 168, 39, '2024-01-25 14:30:55', '2024-01-25 14:30:55'),
(161, 0.00, 169, 39, '2024-01-25 14:44:08', '2024-01-25 14:44:08'),
(162, 0.00, 170, 39, '2024-01-25 14:52:31', '2024-01-25 14:52:31'),
(163, 0.00, 171, 39, '2024-01-25 15:00:35', '2024-01-25 15:00:35'),
(164, 0.00, 172, 39, '2024-01-25 15:13:41', '2024-01-25 15:13:41'),
(165, 0.00, 173, 39, '2024-01-25 15:21:22', '2024-01-25 15:21:22'),
(166, 0.00, 174, 39, '2024-01-25 15:31:54', '2024-01-25 15:31:54'),
(167, 0.00, 175, 39, '2024-01-25 16:26:58', '2024-01-25 16:26:58'),
(168, 0.00, 176, 39, '2024-01-25 16:33:37', '2024-01-25 16:33:37'),
(169, 0.00, 177, 39, '2024-01-25 16:38:28', '2024-01-25 16:38:28'),
(170, 0.00, 178, 39, '2024-01-25 17:03:21', '2024-01-25 17:03:21'),
(171, 0.00, 179, 39, '2024-01-25 17:10:12', '2024-01-25 17:10:12'),
(172, 0.00, 180, 39, '2024-01-25 17:15:00', '2024-01-25 17:15:00'),
(173, 0.00, 181, 39, '2024-01-25 17:31:45', '2024-01-25 17:31:45'),
(174, 0.00, 182, 39, '2024-01-25 17:39:28', '2024-01-25 17:39:28'),
(175, 0.00, 183, 39, '2024-01-25 17:43:54', '2024-01-25 17:43:54'),
(176, 0.00, 184, 39, '2024-01-25 17:49:02', '2024-01-25 17:49:02'),
(177, 0.00, 185, 39, '2024-01-25 17:55:13', '2024-01-25 17:55:13'),
(178, 0.00, 186, 39, '2024-01-25 18:00:28', '2024-01-25 18:00:28'),
(179, 0.00, 187, 39, '2024-01-26 09:53:35', '2024-01-26 09:53:35'),
(180, 0.00, 188, 39, '2024-01-26 10:01:14', '2024-01-26 10:01:14'),
(181, 0.00, 189, 39, '2024-01-26 10:06:13', '2024-01-26 10:06:13'),
(182, 0.00, 190, 39, '2024-01-26 10:09:16', '2024-01-26 10:09:16'),
(183, 0.00, 191, 39, '2024-01-26 10:13:46', '2024-01-26 10:13:46'),
(184, 0.00, 192, 39, '2024-01-26 10:21:00', '2024-01-26 10:21:00'),
(185, 0.00, 193, 39, '2024-01-26 10:29:23', '2024-01-26 10:29:23'),
(186, 0.00, 194, 39, '2024-01-26 11:13:56', '2024-01-26 11:13:56'),
(187, 0.00, 195, 39, '2024-01-29 12:04:49', '2024-01-29 12:04:49'),
(188, 0.00, 196, 39, '2024-01-29 12:15:24', '2024-01-29 12:15:24'),
(189, 0.00, 197, 39, '2024-01-29 12:26:24', '2024-01-29 12:26:24'),
(190, 0.00, 198, 39, '2024-01-29 12:32:56', '2024-01-29 12:32:56'),
(191, 0.00, 199, 39, '2024-01-29 12:40:29', '2024-01-29 12:40:29'),
(192, 0.00, 200, 39, '2024-01-29 12:53:55', '2024-01-29 12:53:55'),
(193, 0.00, 201, 39, '2024-01-29 13:08:40', '2024-01-29 13:08:40'),
(194, 0.00, 202, 39, '2024-01-29 13:13:08', '2024-01-29 13:13:08'),
(195, 0.00, 203, 39, '2024-02-01 12:25:16', '2024-02-01 12:25:16'),
(196, 0.00, 204, 39, '2024-02-01 12:31:33', '2024-02-01 12:31:33'),
(197, 0.00, 205, 39, '2024-02-01 12:40:23', '2024-02-01 12:40:23'),
(198, 0.00, 206, 39, '2024-02-01 12:45:32', '2024-02-01 12:45:32'),
(199, 0.00, 207, 39, '2024-02-01 12:56:55', '2024-02-01 12:56:55'),
(200, 0.00, 208, 39, '2024-02-01 13:00:47', '2024-02-01 13:00:47'),
(201, 0.00, 209, 39, '2024-02-01 13:06:34', '2024-02-01 13:06:34'),
(202, 0.00, 210, 39, '2024-02-01 13:10:43', '2024-02-01 13:10:43'),
(203, 0.00, 211, 39, '2024-02-01 13:15:49', '2024-02-01 13:15:49'),
(204, 0.00, 212, 39, '2024-02-01 13:19:10', '2024-02-01 13:19:10'),
(205, 0.00, 213, 39, '2024-02-01 13:32:45', '2024-02-01 13:32:45'),
(206, 0.00, 214, 39, '2024-02-01 13:42:02', '2024-02-01 13:42:02'),
(207, 0.00, 215, 39, '2024-02-01 13:54:19', '2024-02-01 13:54:19'),
(208, 0.00, 216, 39, '2024-02-01 15:49:04', '2024-02-01 15:49:04'),
(209, 0.00, 217, 39, '2024-02-01 15:52:51', '2024-02-01 15:52:51'),
(210, 0.00, 218, 39, '2024-02-01 16:06:26', '2024-02-01 16:06:26'),
(211, 0.00, 219, 39, '2024-02-01 16:12:44', '2024-02-01 16:12:44'),
(212, 0.00, 220, 39, '2024-02-01 16:18:42', '2024-02-01 16:18:42'),
(213, 0.00, 221, 39, '2024-02-01 16:30:04', '2024-02-01 16:30:04'),
(214, 0.00, 222, 39, '2024-02-01 16:34:32', '2024-02-01 16:34:32'),
(215, 0.00, 223, 39, '2024-02-01 16:42:46', '2024-02-01 16:42:46'),
(216, 0.00, 224, 39, '2024-02-01 17:12:40', '2024-02-01 17:12:40'),
(217, 0.00, 225, 39, '2024-02-01 17:19:11', '2024-02-01 17:19:11'),
(218, 0.00, 226, 39, '2024-02-01 17:23:43', '2024-02-01 17:23:43'),
(219, 0.00, 227, 39, '2024-02-01 17:35:25', '2024-02-01 17:35:25'),
(220, 0.00, 228, 39, '2024-02-01 17:42:34', '2024-02-01 17:42:34'),
(221, 0.00, 230, 39, '2024-02-01 17:48:10', '2024-02-01 17:48:10'),
(222, 0.00, 231, 39, '2024-02-01 17:55:38', '2024-02-01 17:55:38'),
(223, 0.00, 233, 39, '2024-02-01 18:02:24', '2024-02-01 18:02:24'),
(224, 0.00, 234, 39, '2024-02-01 18:08:17', '2024-02-01 18:08:17'),
(225, 0.00, 236, 39, '2024-02-01 18:15:52', '2024-02-01 18:15:52'),
(226, 0.00, 237, 39, '2024-02-01 18:21:38', '2024-02-01 18:21:38'),
(227, 0.00, 238, 39, '2024-02-01 18:29:26', '2024-02-01 18:29:26'),
(228, 0.00, 239, 39, '2024-02-01 18:35:52', '2024-02-01 18:35:52'),
(229, 0.00, 240, 39, '2024-02-01 18:43:59', '2024-02-01 18:43:59'),
(230, 0.00, 242, 39, '2024-02-01 18:51:32', '2024-02-01 18:51:32'),
(231, 0.00, 243, 39, '2024-02-01 18:57:15', '2024-02-01 18:57:15'),
(232, 0.00, 245, 39, '2024-02-01 19:02:56', '2024-02-01 19:02:56'),
(233, 0.00, 246, 39, '2024-02-01 19:08:15', '2024-02-01 19:08:15'),
(234, 0.00, 247, 39, '2024-02-01 19:17:32', '2024-02-01 19:17:32'),
(235, 0.00, 248, 39, '2024-02-01 19:24:25', '2024-02-01 19:24:25'),
(236, 0.00, 249, 39, '2024-02-02 10:35:03', '2024-02-02 10:35:03'),
(237, 0.00, 250, 39, '2024-02-02 10:39:21', '2024-02-02 10:39:21'),
(238, 0.00, 251, 39, '2024-02-02 11:01:29', '2024-02-02 11:01:29'),
(239, 0.00, 252, 39, '2024-02-02 11:05:52', '2024-02-02 11:05:52'),
(240, 0.00, 253, 39, '2024-02-02 11:14:05', '2024-02-02 11:14:05'),
(241, 0.00, 254, 39, '2024-02-02 11:22:07', '2024-02-02 11:22:07'),
(242, 0.00, 255, 39, '2024-02-02 11:29:07', '2024-02-02 11:29:07'),
(243, 0.00, 256, 39, '2024-02-02 12:06:11', '2024-02-02 12:06:11'),
(244, 0.00, 257, 39, '2024-02-02 12:10:57', '2024-02-02 12:10:57'),
(245, 0.00, 258, 39, '2024-02-02 12:55:04', '2024-02-02 12:55:04'),
(246, 0.00, 259, 39, '2024-02-02 13:05:52', '2024-02-02 13:05:52'),
(247, 0.00, 260, 39, '2024-02-02 13:22:51', '2024-02-02 13:22:51'),
(248, 0.00, 261, 39, '2024-02-02 13:29:49', '2024-02-02 13:29:49'),
(249, 0.00, 262, 39, '2024-02-02 13:35:47', '2024-02-02 13:35:47'),
(250, 0.00, 263, 39, '2024-02-02 13:40:34', '2024-02-02 13:40:34'),
(251, 0.00, 264, 39, '2024-02-02 13:44:58', '2024-02-02 13:44:58'),
(252, 0.00, 265, 39, '2024-02-02 13:50:28', '2024-02-02 13:50:28'),
(253, 0.00, 266, 39, '2024-02-02 14:16:22', '2024-02-02 14:16:22'),
(254, 0.00, 267, 39, '2024-02-02 14:29:40', '2024-02-02 14:29:40'),
(255, 0.00, 268, 39, '2024-02-02 14:55:42', '2024-02-02 14:55:42'),
(256, 0.00, 269, 39, '2024-02-02 15:03:51', '2024-02-02 15:03:51'),
(257, 0.00, 270, 39, '2024-02-02 15:07:30', '2024-02-02 15:07:30'),
(258, 0.00, 271, 39, '2024-02-02 15:13:39', '2024-02-02 15:13:39'),
(259, 0.00, 272, 39, '2024-02-02 15:18:31', '2024-02-02 15:18:31'),
(260, 0.00, 273, 39, '2024-02-02 15:23:52', '2024-02-02 15:23:52'),
(261, 0.00, 274, 39, '2024-02-02 15:26:53', '2024-02-02 15:26:53'),
(262, 0.00, 275, 39, '2024-02-02 15:30:12', '2024-02-02 15:30:12'),
(263, 0.00, 276, 39, '2024-02-02 15:32:58', '2024-02-02 15:32:58');

-- --------------------------------------------------------

--
-- Table structure for table `fee_payments`
--

CREATE TABLE `fee_payments` (
  `id` bigint(20) UNSIGNED NOT NULL,
  `year` varchar(255) NOT NULL,
  `valid_to` varchar(255) NOT NULL,
  `amount` decimal(17,2) NOT NULL,
  `paid_amount` decimal(17,2) NOT NULL,
  `student_id` bigint(20) UNSIGNED NOT NULL,
  `classroom_id` bigint(20) UNSIGNED NOT NULL,
  `level_id` bigint(20) UNSIGNED NOT NULL,
  `user_id` bigint(20) UNSIGNED NOT NULL,
  `fee_id` bigint(20) UNSIGNED NOT NULL,
  `status` int(11) NOT NULL DEFAULT 0,
  `created_at` timestamp NULL DEFAULT NULL,
  `updated_at` timestamp NULL DEFAULT NULL
) ENGINE=InnoDB DEFAULT CHARSET=utf8mb4 COLLATE=utf8mb4_unicode_ci;

--
-- Dumping data for table `fee_payments`
--

INSERT INTO `fee_payments` (`id`, `year`, `valid_to`, `amount`, `paid_amount`, `student_id`, `classroom_id`, `level_id`, `user_id`, `fee_id`, `status`, `created_at`, `updated_at`) VALUES
(61, '2023', '20231210', 30000.00, 30000.00, 13, 22, 1, 3, 11, 1, NULL, '2023-12-11 13:02:43'),
(77, '2023', '2023', 1000000.00, 0.00, 13, 22, 1, 50, 22, 0, '2023-12-11 11:29:27', '2023-12-11 13:02:43'),
(78, '2024', '2024', 30000.00, 0.00, 22, 25, 2, 42, 11, 0, '2023-12-11 05:00:00', NULL),
(79, '2024', '2024', 1145000.00, 0.00, 22, 25, 2, 42, 26, 0, '2023-12-11 05:00:00', NULL),
(80, '2024', '2024', 30000.00, 0.00, 23, 27, 2, 42, 11, 0, '2023-12-11 05:00:00', NULL),
(81, '2024', '2024', 1145000.00, 0.00, 23, 27, 2, 42, 26, 0, '2023-12-11 05:00:00', NULL),
(82, '2024', '2024', 30000.00, 0.00, 24, 26, 2, 42, 11, 0, '2023-12-11 05:00:00', NULL),
(83, '2024', '2024', 1145000.00, 0.00, 24, 26, 2, 42, 26, 0, '2023-12-11 05:00:00', NULL),
(84, '2024', '2024', 30000.00, 0.00, 25, 25, 2, 42, 11, 0, '2023-12-11 05:00:00', NULL),
(85, '2024', '2024', 1145000.00, 0.00, 25, 25, 2, 42, 26, 0, '2023-12-11 05:00:00', NULL),
(86, '2024', '2024', 30000.00, 0.00, 26, 27, 2, 42, 11, 0, '2023-12-11 05:00:00', NULL),
(87, '2024', '2024', 1145000.00, 0.00, 26, 27, 2, 42, 26, 0, '2023-12-11 05:00:00', NULL),
(88, '2024', '2024', 30000.00, 0.00, 27, 26, 2, 42, 11, 0, '2023-12-11 05:00:00', NULL),
(89, '2024', '2024', 1145000.00, 0.00, 27, 26, 2, 42, 26, 0, '2023-12-11 05:00:00', NULL),
(90, '2024', '2024', 30000.00, 0.00, 28, 27, 2, 42, 11, 0, '2023-12-11 05:00:00', NULL),
(91, '2024', '2024', 1145000.00, 0.00, 28, 27, 2, 42, 26, 0, '2023-12-11 05:00:00', NULL),
(92, '2024', '2024', 30000.00, 0.00, 29, 27, 2, 42, 11, 0, '2023-12-11 05:00:00', NULL),
(93, '2024', '2024', 1145000.00, 0.00, 29, 27, 2, 42, 26, 0, '2023-12-11 05:00:00', NULL),
(94, '2024', '2024', 30000.00, 0.00, 30, 26, 2, 42, 11, 0, '2023-12-11 05:00:00', NULL),
(95, '2024', '2024', 1145000.00, 0.00, 30, 26, 2, 42, 26, 0, '2023-12-11 05:00:00', NULL),
(96, '2024', '2024', 30000.00, 0.00, 31, 26, 2, 42, 11, 0, '2023-12-11 05:00:00', NULL),
(97, '2024', '2024', 1145000.00, 0.00, 31, 26, 2, 42, 26, 0, '2023-12-11 05:00:00', NULL),
(98, '2024', '2024', 30000.00, 0.00, 32, 27, 2, 42, 11, 0, '2023-12-11 05:00:00', NULL),
(99, '2024', '2024', 1145000.00, 0.00, 32, 27, 2, 42, 26, 0, '2023-12-11 05:00:00', NULL),
(100, '2024', '2024', 30000.00, 0.00, 33, 26, 2, 42, 11, 0, '2023-12-11 05:00:00', NULL),
(101, '2024', '2024', 1145000.00, 0.00, 33, 26, 2, 42, 26, 0, '2023-12-11 05:00:00', NULL),
(102, '2024', '2024', 30000.00, 0.00, 34, 26, 2, 42, 11, 0, '2023-12-11 05:00:00', NULL),
(103, '2024', '2024', 1145000.00, 0.00, 34, 26, 2, 42, 26, 0, '2023-12-11 05:00:00', NULL),
(104, '2024', '2024', 30000.00, 0.00, 35, 25, 2, 42, 11, 0, '2023-12-11 05:00:00', '2023-12-16 01:49:54'),
(105, '2024', '2024', 1145000.00, 0.00, 35, 25, 2, 42, 26, 0, '2023-12-11 05:00:00', '2023-12-16 01:49:54'),
(106, '2024', '2024', 30000.00, 0.00, 36, 25, 2, 42, 11, 0, '2023-12-11 05:00:00', '2024-01-30 11:07:27'),
(107, '2024', '2024', 1145000.00, 0.00, 36, 25, 2, 42, 26, 0, '2023-12-11 05:00:00', '2024-01-30 11:07:27'),
(108, '2024', '2024', 30000.00, 0.00, 37, 26, 2, 42, 11, 0, '2023-12-11 05:00:00', NULL),
(109, '2024', '2024', 1145000.00, 0.00, 37, 26, 2, 42, 26, 0, '2023-12-11 05:00:00', NULL),
(110, '2024', '2024', 30000.00, 0.00, 38, 25, 2, 42, 11, 0, '2023-12-11 05:00:00', NULL),
(111, '2024', '2024', 1145000.00, 0.00, 38, 25, 2, 42, 26, 0, '2023-12-11 05:00:00', NULL),
(112, '2024', '2024', 30000.00, 0.00, 39, 27, 2, 42, 11, 0, '2023-12-11 05:00:00', NULL),
(113, '2024', '2024', 1145000.00, 0.00, 39, 27, 2, 42, 26, 0, '2023-12-11 05:00:00', NULL),
(114, '2024', '2024', 30000.00, 0.00, 40, 27, 2, 42, 11, 0, '2023-12-11 05:00:00', NULL),
(115, '2024', '2024', 1145000.00, 0.00, 40, 27, 2, 42, 26, 0, '2023-12-11 05:00:00', NULL),
(116, '2024', '2024', 30000.00, 0.00, 41, 25, 2, 42, 11, 0, '2023-12-12 05:00:00', NULL),
(117, '2024', '2024', 1145000.00, 0.00, 41, 25, 2, 42, 26, 0, '2023-12-12 05:00:00', NULL),
(118, '2024', '2024', 30000.00, 0.00, 42, 25, 2, 42, 11, 0, '2023-12-12 05:00:00', NULL),
(119, '2024', '2024', 1145000.00, 0.00, 42, 25, 2, 42, 26, 0, '2023-12-12 05:00:00', NULL),
(120, '2024', '2024', 30000.00, 0.00, 43, 25, 2, 42, 11, 0, '2023-12-12 05:00:00', NULL),
(121, '2024', '2024', 1145000.00, 0.00, 43, 25, 2, 42, 26, 0, '2023-12-12 05:00:00', NULL),
(122, '2024', '2024', 30000.00, 0.00, 44, 25, 2, 42, 11, 0, '2023-12-13 05:00:00', NULL),
(123, '2024', '2024', 1145000.00, 0.00, 44, 25, 2, 42, 26, 0, '2023-12-13 05:00:00', NULL),
(124, '2024', '2024', 30000.00, 0.00, 45, 25, 2, 42, 11, 0, '2023-12-13 05:00:00', NULL),
(125, '2024', '2024', 1145000.00, 0.00, 45, 25, 2, 42, 26, 0, '2023-12-13 05:00:00', NULL),
(126, '2024', '2024', 30000.00, 0.00, 46, 25, 2, 42, 11, 0, '2023-12-13 05:00:00', NULL),
(127, '2024', '2024', 1145000.00, 0.00, 46, 25, 2, 42, 26, 0, '2023-12-13 05:00:00', NULL),
(128, '2024', '2024', 30000.00, 0.00, 47, 25, 2, 42, 11, 0, '2023-12-13 05:00:00', NULL),
(129, '2024', '2024', 1145000.00, 0.00, 47, 25, 2, 42, 26, 0, '2023-12-13 05:00:00', NULL),
(130, '2024', '2024', 30000.00, 0.00, 48, 25, 2, 42, 11, 0, '2023-12-13 05:00:00', NULL),
(131, '2024', '2024', 1145000.00, 0.00, 48, 25, 2, 42, 26, 0, '2023-12-13 05:00:00', NULL),
(132, '2024', '2024', 30000.00, 0.00, 49, 25, 2, 42, 11, 0, '2023-12-13 05:00:00', NULL),
(133, '2024', '2024', 1145000.00, 0.00, 49, 25, 2, 42, 26, 0, '2023-12-13 05:00:00', NULL),
(134, '2024', '2024', 30000.00, 0.00, 50, 25, 2, 42, 11, 0, '2023-12-13 05:00:00', NULL),
(135, '2024', '2024', 1145000.00, 0.00, 50, 25, 2, 42, 26, 0, '2023-12-13 05:00:00', NULL),
(136, '2024', '2024', 30000.00, 0.00, 51, 25, 2, 42, 11, 0, '2023-12-13 05:00:00', NULL),
(137, '2024', '2024', 1145000.00, 0.00, 51, 25, 2, 42, 26, 0, '2023-12-13 05:00:00', NULL),
(138, '2024', '2024', 30000.00, 0.00, 52, 25, 2, 42, 11, 0, '2023-12-13 05:00:00', NULL),
(139, '2024', '2024', 1145000.00, 0.00, 52, 25, 2, 42, 26, 0, '2023-12-13 05:00:00', NULL),
(140, '2024', '2024', 30000.00, 0.00, 53, 25, 2, 42, 11, 0, '2023-12-13 05:00:00', NULL),
(141, '2024', '2024', 1145000.00, 0.00, 53, 25, 2, 42, 26, 0, '2023-12-13 05:00:00', NULL),
(142, '2024', '2024', 30000.00, 0.00, 54, 25, 2, 42, 11, 0, '2023-12-13 05:00:00', NULL),
(143, '2024', '2024', 1145000.00, 0.00, 54, 25, 2, 42, 26, 0, '2023-12-13 05:00:00', NULL),
(144, '2024', '2024', 30000.00, 0.00, 55, 25, 2, 42, 11, 0, '2023-12-13 05:00:00', NULL),
(145, '2024', '2024', 1145000.00, 0.00, 55, 25, 2, 42, 26, 0, '2023-12-13 05:00:00', NULL),
(146, '2024', '2024', 30000.00, 0.00, 56, 25, 2, 42, 11, 0, '2023-12-13 05:00:00', NULL),
(147, '2024', '2024', 1145000.00, 0.00, 56, 25, 2, 42, 26, 0, '2023-12-13 05:00:00', NULL),
(148, '2024', '2024', 30000.00, 0.00, 57, 25, 2, 42, 11, 0, '2023-12-13 05:00:00', NULL),
(149, '2024', '2024', 1145000.00, 0.00, 57, 25, 2, 42, 26, 0, '2023-12-13 05:00:00', NULL),
(150, '2024', '2024', 30000.00, 0.00, 58, 25, 2, 42, 11, 0, '2023-12-13 05:00:00', NULL),
(151, '2024', '2024', 1145000.00, 0.00, 58, 25, 2, 42, 26, 0, '2023-12-13 05:00:00', NULL),
(152, '2024', '2024', 30000.00, 0.00, 59, 25, 2, 42, 11, 0, '2023-12-13 05:00:00', NULL),
(153, '2024', '2024', 1145000.00, 0.00, 59, 25, 2, 42, 26, 0, '2023-12-13 05:00:00', NULL),
(154, '2024', '2024', 30000.00, 0.00, 60, 25, 2, 42, 11, 0, '2023-12-13 05:00:00', NULL),
(155, '2024', '2024', 1145000.00, 0.00, 60, 25, 2, 42, 26, 0, '2023-12-13 05:00:00', NULL),
(156, '2024', '2024', 30000.00, 0.00, 61, 25, 2, 42, 11, 0, '2023-12-13 05:00:00', NULL),
(157, '2024', '2024', 1145000.00, 0.00, 61, 25, 2, 42, 26, 0, '2023-12-13 05:00:00', NULL),
(158, '2024', '2024', 30000.00, 0.00, 62, 26, 2, 42, 11, 0, '2023-12-14 05:00:00', NULL),
(159, '2024', '2024', 1145000.00, 0.00, 62, 26, 2, 42, 26, 0, '2023-12-14 05:00:00', NULL),
(160, '2024', '2024', 30000.00, 0.00, 63, 26, 2, 42, 11, 0, '2023-12-14 05:00:00', NULL),
(161, '2024', '2024', 1145000.00, 0.00, 63, 26, 2, 42, 26, 0, '2023-12-14 05:00:00', NULL),
(162, '2024', '2024', 30000.00, 0.00, 64, 26, 2, 42, 11, 0, '2023-12-14 05:00:00', NULL),
(163, '2024', '2024', 1145000.00, 0.00, 64, 26, 2, 42, 26, 0, '2023-12-14 05:00:00', NULL),
(164, '2024', '2024', 30000.00, 0.00, 65, 25, 2, 42, 11, 0, '2023-12-14 05:00:00', NULL),
(165, '2024', '2024', 1145000.00, 0.00, 65, 25, 2, 42, 26, 0, '2023-12-14 05:00:00', NULL),
(166, '2024', '2024', 30000.00, 0.00, 66, 27, 2, 42, 11, 0, '2023-12-14 05:00:00', NULL),
(167, '2024', '2024', 1145000.00, 0.00, 66, 27, 2, 42, 26, 0, '2023-12-14 05:00:00', NULL),
(168, '2024', '2024', 30000.00, 0.00, 67, 27, 2, 42, 11, 0, '2023-12-14 05:00:00', NULL),
(169, '2024', '2024', 1145000.00, 0.00, 67, 27, 2, 42, 26, 0, '2023-12-14 05:00:00', NULL),
(170, '2024', '2024', 30000.00, 0.00, 68, 27, 2, 42, 11, 0, '2023-12-14 05:00:00', NULL),
(171, '2024', '2024', 1145000.00, 0.00, 68, 27, 2, 42, 26, 0, '2023-12-14 05:00:00', NULL),
(172, '2024', '2024', 30000.00, 0.00, 69, 26, 2, 42, 11, 0, '2023-12-14 05:00:00', NULL),
(173, '2024', '2024', 1145000.00, 0.00, 69, 26, 2, 42, 26, 0, '2023-12-14 05:00:00', NULL),
(174, '2024', '2024', 30000.00, 0.00, 70, 27, 2, 42, 11, 0, '2023-12-14 05:00:00', NULL),
(175, '2024', '2024', 1145000.00, 0.00, 70, 27, 2, 42, 26, 0, '2023-12-14 05:00:00', NULL),
(176, '2024', '2024', 30000.00, 0.00, 71, 27, 2, 42, 11, 0, '2023-12-14 05:00:00', NULL),
(177, '2024', '2024', 1145000.00, 0.00, 71, 27, 2, 42, 26, 0, '2023-12-14 05:00:00', NULL),
(178, '2024', '2024', 30000.00, 0.00, 72, 25, 2, 42, 11, 0, '2024-01-19 05:00:00', NULL),
(179, '2024', '2024', 1145000.00, 0.00, 72, 25, 2, 42, 26, 0, '2024-01-19 05:00:00', NULL),
(180, '2024', '2024', 30000.00, 0.00, 73, 25, 2, 42, 11, 0, '2024-01-19 05:00:00', NULL),
(181, '2024', '2024', 1145000.00, 0.00, 73, 25, 2, 42, 26, 0, '2024-01-19 05:00:00', NULL),
(182, '2024', '2024', 30000.00, 0.00, 74, 18, 1, 39, 11, 0, '2024-01-19 05:00:00', NULL),
(183, '2024', '2024', 1000000.00, 0.00, 74, 18, 1, 39, 22, 0, '2024-01-19 05:00:00', NULL),
(184, '2024', '2024', 30000.00, 0.00, 75, 18, 1, 39, 11, 0, '2024-01-19 05:00:00', NULL),
(185, '2024', '2024', 1000000.00, 0.00, 75, 18, 1, 39, 22, 0, '2024-01-19 05:00:00', NULL),
(186, '2024', '2024', 30000.00, 0.00, 76, 18, 1, 39, 11, 0, '2024-01-19 05:00:00', NULL),
(187, '2024', '2024', 1000000.00, 0.00, 76, 18, 1, 39, 22, 0, '2024-01-19 05:00:00', NULL),
(188, '2024', '2024', 30000.00, 0.00, 77, 18, 1, 39, 11, 0, '2024-01-19 05:00:00', NULL),
(189, '2024', '2024', 1000000.00, 0.00, 77, 18, 1, 39, 22, 0, '2024-01-19 05:00:00', NULL),
(190, '2024', '2024', 30000.00, 0.00, 78, 18, 1, 39, 11, 0, '2024-01-19 05:00:00', NULL),
(191, '2024', '2024', 1000000.00, 0.00, 78, 18, 1, 39, 22, 0, '2024-01-19 05:00:00', NULL),
(192, '2024', '2024', 30000.00, 0.00, 79, 18, 1, 39, 11, 0, '2024-01-19 05:00:00', NULL),
(193, '2024', '2024', 1000000.00, 0.00, 79, 18, 1, 39, 22, 0, '2024-01-19 05:00:00', NULL),
(194, '2024', '2024', 30000.00, 0.00, 80, 18, 1, 39, 11, 0, '2024-01-19 05:00:00', NULL),
(195, '2024', '2024', 1000000.00, 0.00, 80, 18, 1, 39, 22, 0, '2024-01-19 05:00:00', NULL),
(196, '2024', '2024', 30000.00, 0.00, 81, 18, 1, 39, 11, 0, '2024-01-19 05:00:00', NULL),
(197, '2024', '2024', 1000000.00, 0.00, 81, 18, 1, 39, 22, 0, '2024-01-19 05:00:00', NULL),
(198, '2024', '2024', 30000.00, 0.00, 82, 18, 1, 39, 11, 0, '2024-01-19 05:00:00', NULL),
(199, '2024', '2024', 1000000.00, 0.00, 82, 18, 1, 39, 22, 0, '2024-01-19 05:00:00', NULL),
(200, '2024', '2024', 30000.00, 0.00, 83, 18, 1, 39, 11, 0, '2024-01-19 05:00:00', NULL),
(201, '2024', '2024', 1000000.00, 0.00, 83, 18, 1, 39, 22, 0, '2024-01-19 05:00:00', NULL),
(202, '2024', '2024', 30000.00, 0.00, 84, 18, 1, 39, 11, 0, '2024-01-19 05:00:00', NULL),
(203, '2024', '2024', 1000000.00, 0.00, 84, 18, 1, 39, 22, 0, '2024-01-19 05:00:00', NULL),
(204, '2024', '2024', 30000.00, 0.00, 85, 18, 1, 39, 11, 0, '2024-01-19 05:00:00', NULL),
(205, '2024', '2024', 1000000.00, 0.00, 85, 18, 1, 39, 22, 0, '2024-01-19 05:00:00', NULL),
(206, '2024', '2024', 30000.00, 0.00, 86, 18, 1, 39, 11, 0, '2024-01-19 05:00:00', NULL),
(207, '2024', '2024', 1000000.00, 0.00, 86, 18, 1, 39, 22, 0, '2024-01-19 05:00:00', NULL),
(208, '2024', '2024', 30000.00, 0.00, 87, 18, 1, 39, 11, 0, '2024-01-19 05:00:00', NULL),
(209, '2024', '2024', 1000000.00, 0.00, 87, 18, 1, 39, 22, 0, '2024-01-19 05:00:00', NULL),
(210, '2024', '2024', 30000.00, 0.00, 88, 18, 1, 39, 11, 0, '2024-01-19 05:00:00', NULL),
(211, '2024', '2024', 1000000.00, 0.00, 88, 18, 1, 39, 22, 0, '2024-01-19 05:00:00', NULL),
(212, '2024', '2024', 30000.00, 0.00, 89, 18, 1, 39, 11, 0, '2024-01-19 05:00:00', NULL),
(213, '2024', '2024', 1000000.00, 0.00, 89, 18, 1, 39, 22, 0, '2024-01-19 05:00:00', NULL),
(214, '2024', '2024', 30000.00, 0.00, 90, 18, 1, 39, 11, 0, '2024-01-19 05:00:00', NULL),
(215, '2024', '2024', 1000000.00, 0.00, 90, 18, 1, 39, 22, 0, '2024-01-19 05:00:00', NULL),
(216, '2024', '2024', 30000.00, 0.00, 91, 18, 1, 39, 11, 0, '2024-01-19 05:00:00', NULL),
(217, '2024', '2024', 1000000.00, 0.00, 91, 18, 1, 39, 22, 0, '2024-01-19 05:00:00', NULL),
(218, '2024', '2024', 30000.00, 0.00, 92, 18, 1, 39, 11, 0, '2024-01-19 05:00:00', NULL),
(219, '2024', '2024', 1000000.00, 0.00, 92, 18, 1, 39, 22, 0, '2024-01-19 05:00:00', NULL),
(220, '2024', '2024', 30000.00, 0.00, 93, 18, 1, 39, 11, 0, '2024-01-19 05:00:00', NULL),
(221, '2024', '2024', 1000000.00, 0.00, 93, 18, 1, 39, 22, 0, '2024-01-19 05:00:00', NULL),
(222, '2024', '2024', 30000.00, 0.00, 94, 18, 1, 39, 11, 0, '2024-01-19 05:00:00', NULL),
(223, '2024', '2024', 1000000.00, 0.00, 94, 18, 1, 39, 22, 0, '2024-01-19 05:00:00', NULL),
(224, '2024', '2024', 30000.00, 0.00, 95, 37, 5, 39, 11, 0, '2024-01-19 05:00:00', NULL),
(225, '2024', '2024', 1370000.00, 0.00, 95, 37, 5, 39, 44, 0, '2024-01-19 05:00:00', NULL),
(226, '2024', '2024', 810000.00, 0.00, 95, 37, 5, 39, 48, 0, '2024-01-19 05:00:00', NULL),
(227, '2024', '2024', 30000.00, 0.00, 96, 37, 5, 39, 11, 0, '2024-01-19 05:00:00', NULL),
(228, '2024', '2024', 1370000.00, 0.00, 96, 37, 5, 39, 44, 0, '2024-01-19 05:00:00', NULL),
(229, '2024', '2024', 810000.00, 0.00, 96, 37, 5, 39, 48, 0, '2024-01-19 05:00:00', NULL),
(230, '2024', '2024', 30000.00, 0.00, 97, 37, 5, 39, 11, 0, '2024-01-19 05:00:00', NULL),
(231, '2024', '2024', 1370000.00, 0.00, 97, 37, 5, 39, 44, 0, '2024-01-19 05:00:00', NULL),
(232, '2024', '2024', 810000.00, 0.00, 97, 37, 5, 39, 48, 0, '2024-01-19 05:00:00', NULL),
(233, '2024', '2024', 30000.00, 0.00, 98, 37, 5, 39, 11, 0, '2024-01-19 05:00:00', NULL),
(234, '2024', '2024', 1370000.00, 0.00, 98, 37, 5, 39, 44, 0, '2024-01-19 05:00:00', NULL),
(235, '2024', '2024', 810000.00, 0.00, 98, 37, 5, 39, 48, 0, '2024-01-19 05:00:00', NULL),
(236, '2024', '2024', 30000.00, 0.00, 99, 37, 5, 39, 11, 0, '2024-01-19 05:00:00', NULL),
(237, '2024', '2024', 1370000.00, 0.00, 99, 37, 5, 39, 44, 0, '2024-01-19 05:00:00', NULL),
(238, '2024', '2024', 810000.00, 0.00, 99, 37, 5, 39, 48, 0, '2024-01-19 05:00:00', NULL),
(239, '2024', '2024', 30000.00, 0.00, 100, 37, 5, 39, 11, 0, '2024-01-19 05:00:00', NULL),
(240, '2024', '2024', 1370000.00, 0.00, 100, 37, 5, 39, 44, 0, '2024-01-19 05:00:00', NULL),
(241, '2024', '2024', 810000.00, 0.00, 100, 37, 5, 39, 48, 0, '2024-01-19 05:00:00', NULL),
(242, '2024', '2024', 30000.00, 0.00, 101, 37, 5, 39, 11, 0, '2024-01-19 05:00:00', NULL),
(243, '2024', '2024', 1370000.00, 0.00, 101, 37, 5, 39, 44, 0, '2024-01-19 05:00:00', NULL),
(244, '2024', '2024', 810000.00, 0.00, 101, 37, 5, 39, 48, 0, '2024-01-19 05:00:00', NULL),
(245, '2024', '2024', 30000.00, 0.00, 102, 37, 5, 39, 11, 0, '2024-01-19 05:00:00', NULL),
(246, '2024', '2024', 1370000.00, 0.00, 102, 37, 5, 39, 44, 0, '2024-01-19 05:00:00', NULL),
(247, '2024', '2024', 810000.00, 0.00, 102, 37, 5, 39, 48, 0, '2024-01-19 05:00:00', NULL),
(248, '2024', '2024', 30000.00, 0.00, 103, 37, 5, 39, 11, 0, '2024-01-19 05:00:00', NULL),
(249, '2024', '2024', 1370000.00, 0.00, 103, 37, 5, 39, 44, 0, '2024-01-19 05:00:00', NULL),
(250, '2024', '2024', 810000.00, 0.00, 103, 37, 5, 39, 48, 0, '2024-01-19 05:00:00', NULL),
(251, '2024', '2024', 30000.00, 0.00, 104, 42, 5, 39, 11, 0, '2024-01-22 05:00:00', NULL),
(252, '2024', '2024', 1370000.00, 0.00, 104, 42, 5, 39, 44, 0, '2024-01-22 05:00:00', NULL),
(253, '2024', '2024', 810000.00, 0.00, 104, 42, 5, 39, 48, 0, '2024-01-22 05:00:00', NULL),
(254, '2024', '2024', 30000.00, 0.00, 105, 42, 5, 39, 11, 0, '2024-01-22 05:00:00', NULL),
(255, '2024', '2024', 1370000.00, 0.00, 105, 42, 5, 39, 44, 0, '2024-01-22 05:00:00', NULL),
(256, '2024', '2024', 810000.00, 0.00, 105, 42, 5, 39, 48, 0, '2024-01-22 05:00:00', NULL),
(257, '2024', '2024', 30000.00, 0.00, 106, 41, 5, 39, 11, 0, '2024-01-22 05:00:00', NULL),
(258, '2024', '2024', 1370000.00, 0.00, 106, 41, 5, 39, 44, 0, '2024-01-22 05:00:00', NULL),
(259, '2024', '2024', 810000.00, 0.00, 106, 41, 5, 39, 48, 0, '2024-01-22 05:00:00', NULL),
(260, '2024', '2024', 30000.00, 0.00, 107, 41, 5, 39, 11, 0, '2024-01-22 05:00:00', NULL),
(261, '2024', '2024', 1370000.00, 0.00, 107, 41, 5, 39, 44, 0, '2024-01-22 05:00:00', NULL),
(262, '2024', '2024', 810000.00, 0.00, 107, 41, 5, 39, 48, 0, '2024-01-22 05:00:00', NULL),
(263, '2024', '2024', 30000.00, 0.00, 108, 41, 5, 39, 11, 0, '2024-01-22 05:00:00', NULL),
(264, '2024', '2024', 1370000.00, 0.00, 108, 41, 5, 39, 44, 0, '2024-01-22 05:00:00', NULL),
(265, '2024', '2024', 810000.00, 0.00, 108, 41, 5, 39, 48, 0, '2024-01-22 05:00:00', NULL),
(266, '2024', '2024', 30000.00, 0.00, 109, 41, 5, 39, 11, 0, '2024-01-22 05:00:00', NULL),
(267, '2024', '2024', 1370000.00, 0.00, 109, 41, 5, 39, 44, 0, '2024-01-22 05:00:00', NULL),
(268, '2024', '2024', 810000.00, 0.00, 109, 41, 5, 39, 48, 0, '2024-01-22 05:00:00', NULL),
(269, '2024', '2024', 30000.00, 0.00, 110, 34, 5, 39, 11, 0, '2024-01-22 05:00:00', NULL),
(270, '2024', '2024', 1370000.00, 0.00, 110, 34, 5, 39, 44, 0, '2024-01-22 05:00:00', NULL),
(271, '2024', '2024', 810000.00, 0.00, 110, 34, 5, 39, 48, 0, '2024-01-22 05:00:00', NULL),
(272, '2024', '2024', 30000.00, 0.00, 111, 34, 5, 39, 11, 0, '2024-01-22 05:00:00', NULL),
(273, '2024', '2024', 1370000.00, 0.00, 111, 34, 5, 39, 44, 0, '2024-01-22 05:00:00', NULL),
(274, '2024', '2024', 810000.00, 0.00, 111, 34, 5, 39, 48, 0, '2024-01-22 05:00:00', NULL),
(275, '2024', '2024', 30000.00, 0.00, 112, 34, 5, 39, 11, 0, '2024-01-22 05:00:00', NULL),
(276, '2024', '2024', 1370000.00, 0.00, 112, 34, 5, 39, 44, 0, '2024-01-22 05:00:00', NULL),
(277, '2024', '2024', 810000.00, 0.00, 112, 34, 5, 39, 48, 0, '2024-01-22 05:00:00', NULL),
(278, '2024', '2024', 30000.00, 0.00, 113, 34, 5, 39, 11, 0, '2024-01-22 05:00:00', NULL),
(279, '2024', '2024', 1370000.00, 0.00, 113, 34, 5, 39, 44, 0, '2024-01-22 05:00:00', NULL),
(280, '2024', '2024', 810000.00, 0.00, 113, 34, 5, 39, 48, 0, '2024-01-22 05:00:00', NULL),
(281, '2024', '2024', 30000.00, 0.00, 114, 34, 5, 39, 11, 0, '2024-01-22 05:00:00', NULL),
(282, '2024', '2024', 1370000.00, 0.00, 114, 34, 5, 39, 44, 0, '2024-01-22 05:00:00', NULL),
(283, '2024', '2024', 810000.00, 0.00, 114, 34, 5, 39, 48, 0, '2024-01-22 05:00:00', NULL),
(284, '2024', '2024', 30000.00, 0.00, 115, 34, 5, 39, 11, 0, '2024-01-22 05:00:00', NULL),
(285, '2024', '2024', 1370000.00, 0.00, 115, 34, 5, 39, 44, 0, '2024-01-22 05:00:00', NULL),
(286, '2024', '2024', 810000.00, 0.00, 115, 34, 5, 39, 48, 0, '2024-01-22 05:00:00', NULL),
(287, '2024', '2024', 30000.00, 0.00, 116, 35, 5, 39, 11, 0, '2024-01-22 05:00:00', NULL),
(288, '2024', '2024', 1370000.00, 0.00, 116, 35, 5, 39, 44, 0, '2024-01-22 05:00:00', NULL),
(289, '2024', '2024', 810000.00, 0.00, 116, 35, 5, 39, 48, 0, '2024-01-22 05:00:00', NULL),
(290, '2024', '2024', 30000.00, 0.00, 117, 35, 5, 39, 11, 0, '2024-01-22 05:00:00', NULL),
(291, '2024', '2024', 1370000.00, 0.00, 117, 35, 5, 39, 44, 0, '2024-01-22 05:00:00', NULL),
(292, '2024', '2024', 810000.00, 0.00, 117, 35, 5, 39, 48, 0, '2024-01-22 05:00:00', NULL),
(293, '2024', '2024', 30000.00, 0.00, 118, 35, 5, 39, 11, 0, '2024-01-22 05:00:00', NULL),
(294, '2024', '2024', 1370000.00, 0.00, 118, 35, 5, 39, 44, 0, '2024-01-22 05:00:00', NULL),
(295, '2024', '2024', 810000.00, 0.00, 118, 35, 5, 39, 48, 0, '2024-01-22 05:00:00', NULL),
(296, '2024', '2024', 30000.00, 0.00, 119, 35, 5, 39, 11, 0, '2024-01-22 05:00:00', NULL),
(297, '2024', '2024', 1370000.00, 0.00, 119, 35, 5, 39, 44, 0, '2024-01-22 05:00:00', NULL),
(298, '2024', '2024', 810000.00, 0.00, 119, 35, 5, 39, 48, 0, '2024-01-22 05:00:00', NULL),
(299, '2024', '2024', 30000.00, 0.00, 120, 35, 5, 39, 11, 0, '2024-01-22 05:00:00', NULL),
(300, '2024', '2024', 1370000.00, 0.00, 120, 35, 5, 39, 44, 0, '2024-01-22 05:00:00', NULL),
(301, '2024', '2024', 810000.00, 0.00, 120, 35, 5, 39, 48, 0, '2024-01-22 05:00:00', NULL),
(302, '2024', '2024', 30000.00, 0.00, 121, 35, 5, 39, 11, 0, '2024-01-22 05:00:00', NULL),
(303, '2024', '2024', 1370000.00, 0.00, 121, 35, 5, 39, 44, 0, '2024-01-22 05:00:00', NULL),
(304, '2024', '2024', 810000.00, 0.00, 121, 35, 5, 39, 48, 0, '2024-01-22 05:00:00', NULL),
(305, '2024', '2024', 30000.00, 0.00, 122, 35, 5, 39, 11, 0, '2024-01-22 05:00:00', NULL),
(306, '2024', '2024', 1370000.00, 0.00, 122, 35, 5, 39, 44, 0, '2024-01-22 05:00:00', NULL),
(307, '2024', '2024', 810000.00, 0.00, 122, 35, 5, 39, 48, 0, '2024-01-22 05:00:00', NULL),
(308, '2024', '2024', 30000.00, 0.00, 123, 35, 5, 39, 11, 0, '2024-01-22 05:00:00', NULL),
(309, '2024', '2024', 1370000.00, 0.00, 123, 35, 5, 39, 44, 0, '2024-01-22 05:00:00', NULL),
(310, '2024', '2024', 810000.00, 0.00, 123, 35, 5, 39, 48, 0, '2024-01-22 05:00:00', NULL),
(311, '2024', '2024', 30000.00, 0.00, 124, 35, 5, 39, 11, 0, '2024-01-22 05:00:00', NULL),
(312, '2024', '2024', 1370000.00, 0.00, 124, 35, 5, 39, 44, 0, '2024-01-22 05:00:00', NULL),
(313, '2024', '2024', 810000.00, 0.00, 124, 35, 5, 39, 48, 0, '2024-01-22 05:00:00', NULL),
(314, '2024', '2024', 30000.00, 0.00, 125, 35, 5, 39, 11, 0, '2024-01-22 05:00:00', NULL),
(315, '2024', '2024', 1370000.00, 0.00, 125, 35, 5, 39, 44, 0, '2024-01-22 05:00:00', NULL),
(316, '2024', '2024', 810000.00, 0.00, 125, 35, 5, 39, 48, 0, '2024-01-22 05:00:00', NULL),
(317, '2024', '2024', 30000.00, 0.00, 126, 35, 5, 39, 11, 0, '2024-01-22 05:00:00', NULL),
(318, '2024', '2024', 1370000.00, 0.00, 126, 35, 5, 39, 44, 0, '2024-01-22 05:00:00', NULL),
(319, '2024', '2024', 810000.00, 0.00, 126, 35, 5, 39, 48, 0, '2024-01-22 05:00:00', NULL),
(320, '2024', '2024', 30000.00, 0.00, 127, 35, 5, 39, 11, 0, '2024-01-22 05:00:00', NULL),
(321, '2024', '2024', 1370000.00, 0.00, 127, 35, 5, 39, 44, 0, '2024-01-22 05:00:00', NULL),
(322, '2024', '2024', 810000.00, 0.00, 127, 35, 5, 39, 48, 0, '2024-01-22 05:00:00', NULL),
(323, '2024', '2024', 30000.00, 0.00, 128, 35, 5, 39, 11, 0, '2024-01-22 05:00:00', NULL),
(324, '2024', '2024', 1370000.00, 0.00, 128, 35, 5, 39, 44, 0, '2024-01-22 05:00:00', NULL),
(325, '2024', '2024', 810000.00, 0.00, 128, 35, 5, 39, 48, 0, '2024-01-22 05:00:00', NULL),
(326, '2024', '2024', 30000.00, 0.00, 129, 35, 5, 39, 11, 0, '2024-01-22 05:00:00', NULL),
(327, '2024', '2024', 1370000.00, 0.00, 129, 35, 5, 39, 44, 0, '2024-01-22 05:00:00', NULL),
(328, '2024', '2024', 810000.00, 0.00, 129, 35, 5, 39, 48, 0, '2024-01-22 05:00:00', NULL),
(329, '2024', '2024', 30000.00, 0.00, 130, 35, 5, 39, 11, 0, '2024-01-22 05:00:00', NULL),
(330, '2024', '2024', 1370000.00, 0.00, 130, 35, 5, 39, 44, 0, '2024-01-22 05:00:00', NULL),
(331, '2024', '2024', 810000.00, 0.00, 130, 35, 5, 39, 48, 0, '2024-01-22 05:00:00', NULL),
(332, '2024', '2024', 30000.00, 0.00, 131, 35, 5, 39, 11, 0, '2024-01-22 05:00:00', NULL),
(333, '2024', '2024', 1370000.00, 0.00, 131, 35, 5, 39, 44, 0, '2024-01-22 05:00:00', NULL),
(334, '2024', '2024', 810000.00, 0.00, 131, 35, 5, 39, 48, 0, '2024-01-22 05:00:00', NULL),
(335, '2024', '2024', 30000.00, 0.00, 132, 35, 5, 39, 11, 0, '2024-01-22 05:00:00', NULL),
(336, '2024', '2024', 1370000.00, 0.00, 132, 35, 5, 39, 44, 0, '2024-01-22 05:00:00', NULL),
(337, '2024', '2024', 810000.00, 0.00, 132, 35, 5, 39, 48, 0, '2024-01-22 05:00:00', NULL),
(338, '2024', '2024', 30000.00, 0.00, 133, 35, 5, 39, 11, 0, '2024-01-22 05:00:00', NULL),
(339, '2024', '2024', 1370000.00, 0.00, 133, 35, 5, 39, 44, 0, '2024-01-22 05:00:00', NULL),
(340, '2024', '2024', 810000.00, 0.00, 133, 35, 5, 39, 48, 0, '2024-01-22 05:00:00', NULL),
(341, '2024', '2024', 30000.00, 0.00, 134, 35, 5, 39, 11, 0, '2024-01-22 05:00:00', NULL),
(342, '2024', '2024', 1370000.00, 0.00, 134, 35, 5, 39, 44, 0, '2024-01-22 05:00:00', NULL),
(343, '2024', '2024', 810000.00, 0.00, 134, 35, 5, 39, 48, 0, '2024-01-22 05:00:00', NULL),
(344, '2024', '2024', 30000.00, 0.00, 135, 35, 5, 39, 11, 0, '2024-01-22 05:00:00', NULL),
(345, '2024', '2024', 1370000.00, 0.00, 135, 35, 5, 39, 44, 0, '2024-01-22 05:00:00', NULL),
(346, '2024', '2024', 810000.00, 0.00, 135, 35, 5, 39, 48, 0, '2024-01-22 05:00:00', NULL),
(347, '2024', '2024', 30000.00, 0.00, 136, 35, 5, 39, 11, 0, '2024-01-22 05:00:00', NULL),
(348, '2024', '2024', 1370000.00, 0.00, 136, 35, 5, 39, 44, 0, '2024-01-22 05:00:00', NULL),
(349, '2024', '2024', 810000.00, 0.00, 136, 35, 5, 39, 48, 0, '2024-01-22 05:00:00', NULL),
(350, '2024', '2024', 30000.00, 0.00, 137, 35, 5, 39, 11, 0, '2024-01-22 05:00:00', NULL),
(351, '2024', '2024', 1370000.00, 0.00, 137, 35, 5, 39, 44, 0, '2024-01-22 05:00:00', NULL),
(352, '2024', '2024', 810000.00, 0.00, 137, 35, 5, 39, 48, 0, '2024-01-22 05:00:00', NULL),
(353, '2024', '2024', 30000.00, 0.00, 138, 51, 6, 39, 11, 0, '2024-01-22 05:00:00', NULL),
(354, '2024', '2024', 1420000.00, 0.00, 138, 51, 6, 39, 50, 0, '2024-01-22 05:00:00', NULL),
(355, '2024', '2024', 30000.00, 0.00, 139, 51, 6, 39, 11, 0, '2024-01-22 05:00:00', NULL),
(356, '2024', '2024', 1420000.00, 0.00, 139, 51, 6, 39, 50, 0, '2024-01-22 05:00:00', NULL),
(357, '2024', '2024', 30000.00, 0.00, 140, 51, 6, 39, 11, 0, '2024-01-22 05:00:00', NULL),
(358, '2024', '2024', 1420000.00, 0.00, 140, 51, 6, 39, 50, 0, '2024-01-22 05:00:00', NULL),
(359, '2024', '2024', 30000.00, 0.00, 141, 51, 6, 39, 11, 0, '2024-01-22 05:00:00', NULL),
(360, '2024', '2024', 1420000.00, 0.00, 141, 51, 6, 39, 50, 0, '2024-01-22 05:00:00', NULL),
(361, '2024', '2024', 30000.00, 0.00, 142, 51, 6, 39, 11, 0, '2024-01-22 05:00:00', NULL),
(362, '2024', '2024', 1420000.00, 0.00, 142, 51, 6, 39, 50, 0, '2024-01-22 05:00:00', NULL),
(363, '2024', '2024', 30000.00, 0.00, 143, 51, 6, 39, 11, 0, '2024-01-22 05:00:00', NULL),
(364, '2024', '2024', 1420000.00, 0.00, 143, 51, 6, 39, 50, 0, '2024-01-22 05:00:00', NULL),
(365, '2024', '2024', 30000.00, 0.00, 144, 51, 6, 39, 11, 0, '2024-01-22 05:00:00', NULL),
(366, '2024', '2024', 1420000.00, 0.00, 144, 51, 6, 39, 50, 0, '2024-01-22 05:00:00', NULL),
(367, '2024', '2024', 30000.00, 0.00, 145, 45, 6, 39, 11, 0, '2024-01-22 05:00:00', NULL),
(368, '2024', '2024', 1420000.00, 0.00, 145, 45, 6, 39, 50, 0, '2024-01-22 05:00:00', NULL),
(369, '2024', '2024', 30000.00, 0.00, 146, 45, 6, 39, 11, 0, '2024-01-22 05:00:00', NULL),
(370, '2024', '2024', 1420000.00, 0.00, 146, 45, 6, 39, 50, 0, '2024-01-22 05:00:00', NULL),
(371, '2024', '2024', 30000.00, 0.00, 147, 45, 6, 39, 11, 0, '2024-01-22 05:00:00', NULL),
(372, '2024', '2024', 1420000.00, 0.00, 147, 45, 6, 39, 50, 0, '2024-01-22 05:00:00', NULL),
(373, '2024', '2024', 30000.00, 0.00, 148, 43, 6, 39, 11, 0, '2024-01-22 05:00:00', NULL),
(374, '2024', '2024', 1420000.00, 0.00, 148, 43, 6, 39, 50, 0, '2024-01-22 05:00:00', NULL),
(375, '2024', '2024', 30000.00, 0.00, 149, 49, 6, 39, 11, 0, '2024-01-22 05:00:00', NULL),
(376, '2024', '2024', 1420000.00, 0.00, 149, 49, 6, 39, 50, 0, '2024-01-22 05:00:00', NULL),
(377, '2024', '2024', 30000.00, 0.00, 150, 50, 6, 39, 11, 0, '2024-01-22 05:00:00', NULL),
(378, '2024', '2024', 1420000.00, 0.00, 150, 50, 6, 39, 50, 0, '2024-01-22 05:00:00', NULL),
(379, '2024', '2024', 30000.00, 0.00, 151, 43, 6, 39, 11, 0, '2024-01-22 05:00:00', NULL),
(380, '2024', '2024', 1420000.00, 0.00, 151, 43, 6, 39, 50, 0, '2024-01-22 05:00:00', NULL),
(381, '2024', '2024', 30000.00, 0.00, 152, 50, 6, 39, 11, 0, '2024-01-22 05:00:00', NULL),
(382, '2024', '2024', 1420000.00, 0.00, 152, 50, 6, 39, 50, 0, '2024-01-22 05:00:00', NULL),
(383, '2024', '2024', 30000.00, 0.00, 153, 24, 1, 39, 11, 0, '2024-01-25 05:00:00', NULL),
(384, '2024', '2024', 1000000.00, 0.00, 153, 24, 1, 39, 22, 0, '2024-01-25 05:00:00', NULL),
(385, '2024', '2024', 30000.00, 0.00, 154, 24, 1, 39, 11, 0, '2024-01-25 05:00:00', NULL),
(386, '2024', '2024', 1000000.00, 0.00, 154, 24, 1, 39, 22, 0, '2024-01-25 05:00:00', NULL),
(387, '2024', '2024', 30000.00, 0.00, 155, 24, 1, 39, 11, 0, '2024-01-25 05:00:00', NULL),
(388, '2024', '2024', 1000000.00, 0.00, 155, 24, 1, 39, 22, 0, '2024-01-25 05:00:00', NULL),
(389, '2024', '2024', 30000.00, 0.00, 156, 24, 1, 39, 11, 0, '2024-01-25 05:00:00', NULL),
(390, '2024', '2024', 1000000.00, 0.00, 156, 24, 1, 39, 22, 0, '2024-01-25 05:00:00', NULL),
(391, '2024', '2024', 30000.00, 0.00, 157, 24, 1, 39, 11, 0, '2024-01-25 05:00:00', NULL),
(392, '2024', '2024', 1000000.00, 0.00, 157, 24, 1, 39, 22, 0, '2024-01-25 05:00:00', NULL),
(393, '2024', '2024', 30000.00, 0.00, 158, 24, 1, 39, 11, 0, '2024-01-25 05:00:00', NULL),
(394, '2024', '2024', 1000000.00, 0.00, 158, 24, 1, 39, 22, 0, '2024-01-25 05:00:00', NULL),
(395, '2024', '2024', 30000.00, 0.00, 159, 24, 1, 39, 11, 0, '2024-01-25 05:00:00', NULL),
(396, '2024', '2024', 1000000.00, 0.00, 159, 24, 1, 39, 22, 0, '2024-01-25 05:00:00', NULL),
(397, '2024', '2024', 30000.00, 0.00, 160, 24, 1, 39, 11, 0, '2024-01-25 05:00:00', NULL),
(398, '2024', '2024', 1000000.00, 0.00, 160, 24, 1, 39, 22, 0, '2024-01-25 05:00:00', NULL),
(399, '2024', '2024', 30000.00, 0.00, 161, 24, 1, 39, 11, 0, '2024-01-25 05:00:00', NULL),
(400, '2024', '2024', 1000000.00, 0.00, 161, 24, 1, 39, 22, 0, '2024-01-25 05:00:00', NULL),
(401, '2024', '2024', 30000.00, 0.00, 162, 24, 1, 39, 11, 0, '2024-01-25 05:00:00', NULL),
(402, '2024', '2024', 1000000.00, 0.00, 162, 24, 1, 39, 22, 0, '2024-01-25 05:00:00', NULL),
(403, '2024', '2024', 30000.00, 0.00, 163, 24, 1, 39, 11, 0, '2024-01-25 05:00:00', NULL),
(404, '2024', '2024', 1000000.00, 0.00, 163, 24, 1, 39, 22, 0, '2024-01-25 05:00:00', NULL),
(405, '2024', '2024', 30000.00, 0.00, 164, 24, 1, 39, 11, 0, '2024-01-25 05:00:00', NULL),
(406, '2024', '2024', 1000000.00, 0.00, 164, 24, 1, 39, 22, 0, '2024-01-25 05:00:00', NULL),
(407, '2024', '2024', 30000.00, 0.00, 165, 24, 1, 39, 11, 0, '2024-01-25 05:00:00', NULL),
(408, '2024', '2024', 1000000.00, 0.00, 165, 24, 1, 39, 22, 0, '2024-01-25 05:00:00', NULL),
(409, '2024', '2024', 30000.00, 0.00, 166, 24, 1, 39, 11, 0, '2024-01-25 05:00:00', NULL),
(410, '2024', '2024', 1000000.00, 0.00, 166, 24, 1, 39, 22, 0, '2024-01-25 05:00:00', NULL),
(411, '2024', '2024', 30000.00, 0.00, 167, 24, 1, 39, 11, 0, '2024-01-25 05:00:00', NULL),
(412, '2024', '2024', 1000000.00, 0.00, 167, 24, 1, 39, 22, 0, '2024-01-25 05:00:00', NULL),
(413, '2024', '2024', 30000.00, 0.00, 168, 24, 1, 39, 11, 0, '2024-01-25 05:00:00', NULL),
(414, '2024', '2024', 1000000.00, 0.00, 168, 24, 1, 39, 22, 0, '2024-01-25 05:00:00', NULL),
(415, '2024', '2024', 30000.00, 0.00, 169, 24, 1, 39, 11, 0, '2024-01-25 05:00:00', NULL),
(416, '2024', '2024', 1000000.00, 0.00, 169, 24, 1, 39, 22, 0, '2024-01-25 05:00:00', NULL),
(417, '2024', '2024', 30000.00, 0.00, 170, 24, 1, 39, 11, 0, '2024-01-25 05:00:00', NULL),
(418, '2024', '2024', 1000000.00, 0.00, 170, 24, 1, 39, 22, 0, '2024-01-25 05:00:00', NULL),
(419, '2024', '2024', 30000.00, 0.00, 171, 24, 1, 39, 11, 0, '2024-01-25 05:00:00', NULL),
(420, '2024', '2024', 1000000.00, 0.00, 171, 24, 1, 39, 22, 0, '2024-01-25 05:00:00', NULL),
(421, '2024', '2024', 30000.00, 0.00, 172, 24, 1, 39, 11, 0, '2024-01-25 05:00:00', NULL),
(422, '2024', '2024', 1000000.00, 0.00, 172, 24, 1, 39, 22, 0, '2024-01-25 05:00:00', NULL),
(423, '2024', '2024', 30000.00, 0.00, 173, 24, 1, 39, 11, 0, '2024-01-25 05:00:00', NULL),
(424, '2024', '2024', 1000000.00, 0.00, 173, 24, 1, 39, 22, 0, '2024-01-25 05:00:00', NULL),
(425, '2024', '2024', 30000.00, 0.00, 174, 24, 1, 39, 11, 0, '2024-01-25 05:00:00', NULL),
(426, '2024', '2024', 1000000.00, 0.00, 174, 24, 1, 39, 22, 0, '2024-01-25 05:00:00', NULL),
(427, '2024', '2024', 30000.00, 0.00, 175, 24, 1, 39, 11, 0, '2024-01-25 05:00:00', NULL),
(428, '2024', '2024', 1000000.00, 0.00, 175, 24, 1, 39, 22, 0, '2024-01-25 05:00:00', NULL),
(429, '2024', '2024', 30000.00, 0.00, 176, 24, 1, 39, 11, 0, '2024-01-25 05:00:00', NULL),
(430, '2024', '2024', 1000000.00, 0.00, 176, 24, 1, 39, 22, 0, '2024-01-25 05:00:00', NULL),
(431, '2024', '2024', 30000.00, 0.00, 177, 24, 1, 39, 11, 0, '2024-01-25 05:00:00', NULL),
(432, '2024', '2024', 1000000.00, 0.00, 177, 24, 1, 39, 22, 0, '2024-01-25 05:00:00', NULL),
(433, '2024', '2024', 30000.00, 0.00, 178, 24, 1, 39, 11, 0, '2024-01-25 05:00:00', NULL),
(434, '2024', '2024', 1000000.00, 0.00, 178, 24, 1, 39, 22, 0, '2024-01-25 05:00:00', NULL),
(435, '2024', '2024', 30000.00, 0.00, 179, 24, 1, 39, 11, 0, '2024-01-25 05:00:00', NULL),
(436, '2024', '2024', 1000000.00, 0.00, 179, 24, 1, 39, 22, 0, '2024-01-25 05:00:00', NULL),
(437, '2024', '2024', 30000.00, 0.00, 180, 24, 1, 39, 11, 0, '2024-01-25 05:00:00', NULL),
(438, '2024', '2024', 1000000.00, 0.00, 180, 24, 1, 39, 22, 0, '2024-01-25 05:00:00', NULL),
(439, '2024', '2024', 30000.00, 0.00, 181, 24, 1, 39, 11, 0, '2024-01-25 05:00:00', NULL),
(440, '2024', '2024', 1000000.00, 0.00, 181, 24, 1, 39, 22, 0, '2024-01-25 05:00:00', NULL),
(441, '2024', '2024', 30000.00, 0.00, 182, 24, 1, 39, 11, 0, '2024-01-25 05:00:00', NULL),
(442, '2024', '2024', 1000000.00, 0.00, 182, 24, 1, 39, 22, 0, '2024-01-25 05:00:00', NULL),
(443, '2024', '2024', 30000.00, 0.00, 183, 24, 1, 39, 11, 0, '2024-01-25 05:00:00', NULL),
(444, '2024', '2024', 1000000.00, 0.00, 183, 24, 1, 39, 22, 0, '2024-01-25 05:00:00', NULL),
(445, '2024', '2024', 30000.00, 0.00, 184, 24, 1, 39, 11, 0, '2024-01-25 05:00:00', NULL),
(446, '2024', '2024', 1000000.00, 0.00, 184, 24, 1, 39, 22, 0, '2024-01-25 05:00:00', NULL),
(447, '2024', '2024', 30000.00, 0.00, 185, 24, 1, 39, 11, 0, '2024-01-25 05:00:00', NULL),
(448, '2024', '2024', 1000000.00, 0.00, 185, 24, 1, 39, 22, 0, '2024-01-25 05:00:00', NULL),
(449, '2024', '2024', 30000.00, 0.00, 186, 24, 1, 39, 11, 0, '2024-01-25 05:00:00', NULL),
(450, '2024', '2024', 1000000.00, 0.00, 186, 24, 1, 39, 22, 0, '2024-01-25 05:00:00', NULL),
(451, '2024', '2024', 30000.00, 0.00, 187, 24, 1, 39, 11, 0, '2024-01-26 05:00:00', NULL),
(452, '2024', '2024', 1000000.00, 0.00, 187, 24, 1, 39, 22, 0, '2024-01-26 05:00:00', NULL),
(453, '2024', '2024', 30000.00, 0.00, 188, 24, 1, 39, 11, 0, '2024-01-26 05:00:00', NULL),
(454, '2024', '2024', 1000000.00, 0.00, 188, 24, 1, 39, 22, 0, '2024-01-26 05:00:00', NULL),
(455, '2024', '2024', 30000.00, 0.00, 189, 24, 1, 39, 11, 0, '2024-01-26 05:00:00', NULL),
(456, '2024', '2024', 1000000.00, 0.00, 189, 24, 1, 39, 22, 0, '2024-01-26 05:00:00', NULL),
(457, '2024', '2024', 30000.00, 0.00, 190, 24, 1, 39, 11, 0, '2024-01-26 05:00:00', NULL),
(458, '2024', '2024', 1000000.00, 0.00, 190, 24, 1, 39, 22, 0, '2024-01-26 05:00:00', NULL),
(459, '2024', '2024', 30000.00, 0.00, 191, 24, 1, 39, 11, 0, '2024-01-26 05:00:00', NULL),
(460, '2024', '2024', 1000000.00, 0.00, 191, 24, 1, 39, 22, 0, '2024-01-26 05:00:00', NULL),
(461, '2024', '2024', 30000.00, 0.00, 192, 24, 1, 39, 11, 0, '2024-01-26 05:00:00', NULL),
(462, '2024', '2024', 1000000.00, 0.00, 192, 24, 1, 39, 22, 0, '2024-01-26 05:00:00', NULL),
(463, '2024', '2024', 30000.00, 0.00, 193, 24, 1, 39, 11, 0, '2024-01-26 05:00:00', NULL),
(464, '2024', '2024', 1000000.00, 0.00, 193, 24, 1, 39, 22, 0, '2024-01-26 05:00:00', NULL),
(465, '2024', '2024', 30000.00, 0.00, 194, 24, 1, 39, 11, 0, '2024-01-26 05:00:00', NULL),
(466, '2024', '2024', 1000000.00, 0.00, 194, 24, 1, 39, 22, 0, '2024-01-26 05:00:00', NULL),
(467, '2024', '2024', 30000.00, 0.00, 195, 35, 5, 39, 11, 0, '2024-01-29 05:00:00', NULL),
(468, '2024', '2024', 1370000.00, 0.00, 195, 35, 5, 39, 44, 0, '2024-01-29 05:00:00', NULL),
(469, '2024', '2024', 810000.00, 0.00, 195, 35, 5, 39, 48, 0, '2024-01-29 05:00:00', NULL),
(470, '2024', '2024', 30000.00, 0.00, 196, 35, 5, 39, 11, 0, '2024-01-29 05:00:00', NULL),
(471, '2024', '2024', 1370000.00, 0.00, 196, 35, 5, 39, 44, 0, '2024-01-29 05:00:00', NULL),
(472, '2024', '2024', 810000.00, 0.00, 196, 35, 5, 39, 48, 0, '2024-01-29 05:00:00', NULL),
(473, '2024', '2024', 30000.00, 0.00, 197, 35, 5, 39, 11, 0, '2024-01-29 05:00:00', NULL),
(474, '2024', '2024', 1370000.00, 0.00, 197, 35, 5, 39, 44, 0, '2024-01-29 05:00:00', NULL),
(475, '2024', '2024', 810000.00, 0.00, 197, 35, 5, 39, 48, 0, '2024-01-29 05:00:00', NULL),
(476, '2024', '2024', 30000.00, 0.00, 198, 22, 1, 39, 11, 0, '2024-01-29 05:00:00', NULL),
(477, '2024', '2024', 1000000.00, 0.00, 198, 22, 1, 39, 22, 0, '2024-01-29 05:00:00', NULL),
(478, '2024', '2024', 30000.00, 0.00, 199, 22, 1, 39, 11, 0, '2024-01-29 05:00:00', NULL),
(479, '2024', '2024', 1000000.00, 0.00, 199, 22, 1, 39, 22, 0, '2024-01-29 05:00:00', NULL),
(480, '2024', '2024', 30000.00, 0.00, 200, 22, 1, 39, 11, 0, '2024-01-29 05:00:00', NULL),
(481, '2024', '2024', 1000000.00, 0.00, 200, 22, 1, 39, 22, 0, '2024-01-29 05:00:00', NULL),
(482, '2024', '2024', 30000.00, 0.00, 201, 22, 1, 39, 11, 0, '2024-01-29 05:00:00', NULL),
(483, '2024', '2024', 1000000.00, 0.00, 201, 22, 1, 39, 22, 0, '2024-01-29 05:00:00', NULL),
(484, '2024', '2024', 30000.00, 0.00, 202, 22, 1, 39, 11, 0, '2024-01-29 05:00:00', NULL),
(485, '2024', '2024', 1000000.00, 0.00, 202, 22, 1, 39, 22, 0, '2024-01-29 05:00:00', NULL),
(486, '2024', '2024', 30000.00, 0.00, 203, 30, 3, 39, 11, 0, '2024-02-01 05:00:00', NULL),
(487, '2024', '2024', 1155000.00, 0.00, 203, 30, 3, 39, 32, 0, '2024-02-01 05:00:00', NULL),
(488, '2024', '2024', 30000.00, 0.00, 204, 22, 1, 39, 11, 0, '2024-02-01 05:00:00', NULL),
(489, '2024', '2024', 1000000.00, 0.00, 204, 22, 1, 39, 22, 0, '2024-02-01 05:00:00', NULL),
(490, '2024', '2024', 30000.00, 0.00, 205, 22, 1, 39, 11, 0, '2024-02-01 05:00:00', NULL),
(491, '2024', '2024', 1000000.00, 0.00, 205, 22, 1, 39, 22, 0, '2024-02-01 05:00:00', NULL),
(492, '2024', '2024', 30000.00, 0.00, 206, 22, 1, 39, 11, 0, '2024-02-01 05:00:00', NULL),
(493, '2024', '2024', 1000000.00, 0.00, 206, 22, 1, 39, 22, 0, '2024-02-01 05:00:00', NULL),
(494, '2024', '2024', 30000.00, 0.00, 207, 22, 1, 39, 11, 0, '2024-02-01 05:00:00', NULL),
(495, '2024', '2024', 1000000.00, 0.00, 207, 22, 1, 39, 22, 0, '2024-02-01 05:00:00', NULL),
(496, '2024', '2024', 30000.00, 0.00, 208, 22, 1, 39, 11, 0, '2024-02-01 05:00:00', NULL),
(497, '2024', '2024', 1000000.00, 0.00, 208, 22, 1, 39, 22, 0, '2024-02-01 05:00:00', NULL),
(498, '2024', '2024', 30000.00, 0.00, 209, 22, 1, 39, 11, 0, '2024-02-01 05:00:00', NULL),
(499, '2024', '2024', 1000000.00, 0.00, 209, 22, 1, 39, 22, 0, '2024-02-01 05:00:00', NULL),
(500, '2024', '2024', 30000.00, 0.00, 210, 22, 1, 39, 11, 0, '2024-02-01 05:00:00', NULL),
(501, '2024', '2024', 1000000.00, 0.00, 210, 22, 1, 39, 22, 0, '2024-02-01 05:00:00', NULL),
(502, '2024', '2024', 30000.00, 0.00, 211, 22, 1, 39, 11, 0, '2024-02-01 05:00:00', NULL),
(503, '2024', '2024', 1000000.00, 0.00, 211, 22, 1, 39, 22, 0, '2024-02-01 05:00:00', NULL),
(504, '2024', '2024', 30000.00, 0.00, 212, 22, 1, 39, 11, 0, '2024-02-01 05:00:00', NULL),
(505, '2024', '2024', 1000000.00, 0.00, 212, 22, 1, 39, 22, 0, '2024-02-01 05:00:00', NULL),
(506, '2024', '2024', 30000.00, 0.00, 213, 22, 1, 39, 11, 0, '2024-02-01 05:00:00', NULL),
(507, '2024', '2024', 1000000.00, 0.00, 213, 22, 1, 39, 22, 0, '2024-02-01 05:00:00', NULL),
(508, '2024', '2024', 30000.00, 0.00, 214, 22, 1, 39, 11, 0, '2024-02-01 05:00:00', NULL),
(509, '2024', '2024', 1000000.00, 0.00, 214, 22, 1, 39, 22, 0, '2024-02-01 05:00:00', NULL),
(510, '2024', '2024', 30000.00, 0.00, 215, 18, 1, 39, 11, 0, '2024-02-01 05:00:00', NULL),
(511, '2024', '2024', 1000000.00, 0.00, 215, 18, 1, 39, 22, 0, '2024-02-01 05:00:00', NULL),
(512, '2024', '2024', 30000.00, 0.00, 216, 28, 3, 39, 11, 0, '2024-02-01 05:00:00', NULL),
(513, '2024', '2024', 1155000.00, 0.00, 216, 28, 3, 39, 32, 0, '2024-02-01 05:00:00', NULL),
(514, '2024', '2024', 30000.00, 0.00, 217, 22, 1, 39, 11, 0, '2024-02-01 05:00:00', NULL),
(515, '2024', '2024', 1000000.00, 0.00, 217, 22, 1, 39, 22, 0, '2024-02-01 05:00:00', NULL),
(516, '2024', '2024', 30000.00, 0.00, 218, 22, 1, 39, 11, 0, '2024-02-01 05:00:00', NULL),
(517, '2024', '2024', 1000000.00, 0.00, 218, 22, 1, 39, 22, 0, '2024-02-01 05:00:00', NULL),
(518, '2024', '2024', 30000.00, 0.00, 219, 22, 1, 39, 11, 0, '2024-02-01 05:00:00', NULL),
(519, '2024', '2024', 1000000.00, 0.00, 219, 22, 1, 39, 22, 0, '2024-02-01 05:00:00', NULL),
(520, '2024', '2024', 30000.00, 0.00, 220, 22, 1, 39, 11, 0, '2024-02-01 05:00:00', NULL),
(521, '2024', '2024', 1000000.00, 0.00, 220, 22, 1, 39, 22, 0, '2024-02-01 05:00:00', NULL),
(522, '2024', '2024', 30000.00, 0.00, 221, 22, 1, 39, 11, 0, '2024-02-01 05:00:00', NULL),
(523, '2024', '2024', 1000000.00, 0.00, 221, 22, 1, 39, 22, 0, '2024-02-01 05:00:00', NULL),
(524, '2024', '2024', 30000.00, 0.00, 222, 22, 1, 39, 11, 0, '2024-02-01 05:00:00', NULL),
(525, '2024', '2024', 1000000.00, 0.00, 222, 22, 1, 39, 22, 0, '2024-02-01 05:00:00', NULL),
(526, '2024', '2024', 30000.00, 0.00, 223, 22, 1, 39, 11, 0, '2024-02-01 05:00:00', NULL),
(527, '2024', '2024', 1000000.00, 0.00, 223, 22, 1, 39, 22, 0, '2024-02-01 05:00:00', NULL),
(528, '2024', '2024', 30000.00, 0.00, 224, 22, 1, 39, 11, 0, '2024-02-01 05:00:00', NULL),
(529, '2024', '2024', 1000000.00, 0.00, 224, 22, 1, 39, 22, 0, '2024-02-01 05:00:00', NULL),
(530, '2024', '2024', 30000.00, 0.00, 225, 22, 1, 39, 11, 0, '2024-02-01 05:00:00', NULL),
(531, '2024', '2024', 1000000.00, 0.00, 225, 22, 1, 39, 22, 0, '2024-02-01 05:00:00', NULL),
(532, '2024', '2024', 30000.00, 0.00, 226, 22, 1, 39, 11, 0, '2024-02-01 05:00:00', NULL),
(533, '2024', '2024', 1000000.00, 0.00, 226, 22, 1, 39, 22, 0, '2024-02-01 05:00:00', NULL),
(534, '2024', '2024', 30000.00, 0.00, 227, 22, 1, 39, 11, 0, '2024-02-01 05:00:00', NULL),
(535, '2024', '2024', 1000000.00, 0.00, 227, 22, 1, 39, 22, 0, '2024-02-01 05:00:00', NULL),
(536, '2024', '2024', 30000.00, 0.00, 228, 22, 1, 39, 11, 0, '2024-02-01 05:00:00', NULL),
(537, '2024', '2024', 1000000.00, 0.00, 228, 22, 1, 39, 22, 0, '2024-02-01 05:00:00', NULL),
(538, '2024', '2024', 30000.00, 0.00, 230, 22, 1, 39, 11, 0, '2024-02-01 05:00:00', NULL),
(539, '2024', '2024', 1000000.00, 0.00, 230, 22, 1, 39, 22, 0, '2024-02-01 05:00:00', NULL),
(540, '2024', '2024', 30000.00, 0.00, 231, 22, 1, 39, 11, 0, '2024-02-01 05:00:00', NULL),
(541, '2024', '2024', 1000000.00, 0.00, 231, 22, 1, 39, 22, 0, '2024-02-01 05:00:00', NULL),
(542, '2024', '2024', 30000.00, 0.00, 233, 22, 1, 39, 11, 0, '2024-02-01 05:00:00', NULL),
(543, '2024', '2024', 1000000.00, 0.00, 233, 22, 1, 39, 22, 0, '2024-02-01 05:00:00', NULL),
(544, '2024', '2024', 30000.00, 0.00, 234, 22, 1, 39, 11, 0, '2024-02-01 05:00:00', NULL),
(545, '2024', '2024', 1000000.00, 0.00, 234, 22, 1, 39, 22, 0, '2024-02-01 05:00:00', NULL),
(546, '2024', '2024', 30000.00, 0.00, 236, 22, 1, 39, 11, 0, '2024-02-01 05:00:00', NULL),
(547, '2024', '2024', 1000000.00, 0.00, 236, 22, 1, 39, 22, 0, '2024-02-01 05:00:00', NULL),
(548, '2024', '2024', 30000.00, 0.00, 237, 22, 1, 39, 11, 0, '2024-02-01 05:00:00', NULL),
(549, '2024', '2024', 1000000.00, 0.00, 237, 22, 1, 39, 22, 0, '2024-02-01 05:00:00', NULL),
(550, '2024', '2024', 30000.00, 0.00, 238, 22, 1, 39, 11, 0, '2024-02-01 05:00:00', NULL),
(551, '2024', '2024', 1000000.00, 0.00, 238, 22, 1, 39, 22, 0, '2024-02-01 05:00:00', NULL),
(552, '2024', '2024', 30000.00, 0.00, 239, 22, 1, 39, 11, 0, '2024-02-01 05:00:00', NULL),
(553, '2024', '2024', 1000000.00, 0.00, 239, 22, 1, 39, 22, 0, '2024-02-01 05:00:00', NULL),
(554, '2024', '2024', 30000.00, 0.00, 240, 22, 1, 39, 11, 0, '2024-02-01 05:00:00', NULL),
(555, '2024', '2024', 1000000.00, 0.00, 240, 22, 1, 39, 22, 0, '2024-02-01 05:00:00', NULL),
(556, '2024', '2024', 30000.00, 0.00, 242, 22, 1, 39, 11, 0, '2024-02-01 05:00:00', NULL),
(557, '2024', '2024', 1000000.00, 0.00, 242, 22, 1, 39, 22, 0, '2024-02-01 05:00:00', NULL),
(558, '2024', '2024', 30000.00, 0.00, 243, 22, 1, 39, 11, 0, '2024-02-01 05:00:00', NULL),
(559, '2024', '2024', 1000000.00, 0.00, 243, 22, 1, 39, 22, 0, '2024-02-01 05:00:00', NULL),
(560, '2024', '2024', 30000.00, 0.00, 245, 22, 1, 39, 11, 0, '2024-02-01 05:00:00', NULL),
(561, '2024', '2024', 1000000.00, 0.00, 245, 22, 1, 39, 22, 0, '2024-02-01 05:00:00', NULL),
(562, '2024', '2024', 30000.00, 0.00, 246, 22, 1, 39, 11, 0, '2024-02-01 05:00:00', NULL),
(563, '2024', '2024', 1000000.00, 0.00, 246, 22, 1, 39, 22, 0, '2024-02-01 05:00:00', NULL),
(564, '2024', '2024', 30000.00, 0.00, 247, 22, 1, 39, 11, 0, '2024-02-01 05:00:00', NULL),
(565, '2024', '2024', 1000000.00, 0.00, 247, 22, 1, 39, 22, 0, '2024-02-01 05:00:00', NULL),
(566, '2024', '2024', 30000.00, 0.00, 248, 22, 1, 39, 11, 0, '2024-02-01 05:00:00', NULL),
(567, '2024', '2024', 1000000.00, 0.00, 248, 22, 1, 39, 22, 0, '2024-02-01 05:00:00', NULL),
(568, '2024', '2024', 30000.00, 0.00, 249, 22, 1, 39, 11, 0, '2024-02-02 05:00:00', NULL),
(569, '2024', '2024', 1000000.00, 0.00, 249, 22, 1, 39, 22, 0, '2024-02-02 05:00:00', NULL),
(570, '2024', '2024', 30000.00, 0.00, 250, 42, 5, 39, 11, 0, '2024-02-02 05:00:00', NULL),
(571, '2024', '2024', 1370000.00, 0.00, 250, 42, 5, 39, 44, 0, '2024-02-02 05:00:00', NULL),
(572, '2024', '2024', 810000.00, 0.00, 250, 42, 5, 39, 48, 0, '2024-02-02 05:00:00', NULL),
(573, '2024', '2024', 30000.00, 0.00, 251, 35, 5, 39, 11, 0, '2024-02-02 05:00:00', NULL),
(574, '2024', '2024', 1370000.00, 0.00, 251, 35, 5, 39, 44, 0, '2024-02-02 05:00:00', NULL),
(575, '2024', '2024', 810000.00, 0.00, 251, 35, 5, 39, 48, 0, '2024-02-02 05:00:00', NULL),
(576, '2024', '2024', 30000.00, 0.00, 252, 39, 5, 39, 11, 0, '2024-02-02 05:00:00', NULL),
(577, '2024', '2024', 1370000.00, 0.00, 252, 39, 5, 39, 44, 0, '2024-02-02 05:00:00', NULL),
(578, '2024', '2024', 810000.00, 0.00, 252, 39, 5, 39, 48, 0, '2024-02-02 05:00:00', NULL),
(579, '2024', '2024', 30000.00, 0.00, 253, 39, 5, 39, 11, 0, '2024-02-02 05:00:00', NULL),
(580, '2024', '2024', 1370000.00, 0.00, 253, 39, 5, 39, 44, 0, '2024-02-02 05:00:00', NULL),
(581, '2024', '2024', 810000.00, 0.00, 253, 39, 5, 39, 48, 0, '2024-02-02 05:00:00', NULL),
(582, '2024', '2024', 30000.00, 0.00, 254, 40, 5, 39, 11, 0, '2024-02-02 05:00:00', NULL),
(583, '2024', '2024', 1370000.00, 0.00, 254, 40, 5, 39, 44, 0, '2024-02-02 05:00:00', NULL),
(584, '2024', '2024', 810000.00, 0.00, 254, 40, 5, 39, 48, 0, '2024-02-02 05:00:00', NULL),
(585, '2024', '2024', 30000.00, 0.00, 255, 39, 5, 39, 11, 0, '2024-02-02 05:00:00', NULL),
(586, '2024', '2024', 1370000.00, 0.00, 255, 39, 5, 39, 44, 0, '2024-02-02 05:00:00', NULL),
(587, '2024', '2024', 810000.00, 0.00, 255, 39, 5, 39, 48, 0, '2024-02-02 05:00:00', NULL),
(588, '2024', '2024', 30000.00, 0.00, 256, 39, 5, 39, 11, 0, '2024-02-02 05:00:00', NULL),
(589, '2024', '2024', 1370000.00, 0.00, 256, 39, 5, 39, 44, 0, '2024-02-02 05:00:00', NULL),
(590, '2024', '2024', 810000.00, 0.00, 256, 39, 5, 39, 48, 0, '2024-02-02 05:00:00', NULL),
(591, '2024', '2024', 30000.00, 0.00, 257, 40, 5, 39, 11, 0, '2024-02-02 05:00:00', NULL),
(592, '2024', '2024', 1370000.00, 0.00, 257, 40, 5, 39, 44, 0, '2024-02-02 05:00:00', NULL),
(593, '2024', '2024', 810000.00, 0.00, 257, 40, 5, 39, 48, 0, '2024-02-02 05:00:00', NULL),
(594, '2024', '2024', 30000.00, 0.00, 258, 49, 6, 39, 11, 0, '2024-02-02 05:00:00', NULL),
(595, '2024', '2024', 1420000.00, 0.00, 258, 49, 6, 39, 50, 0, '2024-02-02 05:00:00', NULL),
(596, '2024', '2024', 30000.00, 0.00, 259, 18, 1, 39, 11, 0, '2024-02-02 05:00:00', NULL),
(597, '2024', '2024', 1000000.00, 0.00, 259, 18, 1, 39, 22, 0, '2024-02-02 05:00:00', NULL),
(598, '2024', '2024', 30000.00, 0.00, 260, 44, 6, 39, 11, 0, '2024-02-02 05:00:00', NULL),
(599, '2024', '2024', 1420000.00, 0.00, 260, 44, 6, 39, 50, 0, '2024-02-02 05:00:00', NULL),
(600, '2024', '2024', 30000.00, 0.00, 261, 44, 6, 39, 11, 0, '2024-02-02 05:00:00', NULL),
(601, '2024', '2024', 1420000.00, 0.00, 261, 44, 6, 39, 50, 0, '2024-02-02 05:00:00', NULL),
(602, '2024', '2024', 30000.00, 0.00, 262, 44, 6, 39, 11, 0, '2024-02-02 05:00:00', NULL),
(603, '2024', '2024', 1420000.00, 0.00, 262, 44, 6, 39, 50, 0, '2024-02-02 05:00:00', NULL),
(604, '2024', '2024', 30000.00, 0.00, 263, 44, 6, 39, 11, 0, '2024-02-02 05:00:00', NULL),
(605, '2024', '2024', 1420000.00, 0.00, 263, 44, 6, 39, 50, 0, '2024-02-02 05:00:00', NULL),
(606, '2024', '2024', 30000.00, 0.00, 264, 44, 6, 39, 11, 0, '2024-02-02 05:00:00', NULL),
(607, '2024', '2024', 1420000.00, 0.00, 264, 44, 6, 39, 50, 0, '2024-02-02 05:00:00', NULL),
(608, '2024', '2024', 30000.00, 0.00, 265, 44, 6, 39, 11, 0, '2024-02-02 05:00:00', NULL),
(609, '2024', '2024', 1420000.00, 0.00, 265, 44, 6, 39, 50, 0, '2024-02-02 05:00:00', NULL),
(610, '2024', '2024', 30000.00, 0.00, 266, 44, 6, 39, 11, 0, '2024-02-02 05:00:00', NULL),
(611, '2024', '2024', 1420000.00, 0.00, 266, 44, 6, 39, 50, 0, '2024-02-02 05:00:00', NULL),
(612, '2024', '2024', 30000.00, 0.00, 267, 44, 6, 39, 11, 0, '2024-02-02 05:00:00', NULL),
(613, '2024', '2024', 1420000.00, 0.00, 267, 44, 6, 39, 50, 0, '2024-02-02 05:00:00', NULL),
(614, '2024', '2024', 30000.00, 0.00, 268, 44, 6, 39, 11, 0, '2024-02-02 05:00:00', NULL),
(615, '2024', '2024', 1420000.00, 0.00, 268, 44, 6, 39, 50, 0, '2024-02-02 05:00:00', NULL),
(616, '2024', '2024', 30000.00, 0.00, 269, 44, 6, 39, 11, 0, '2024-02-02 05:00:00', NULL),
(617, '2024', '2024', 1420000.00, 0.00, 269, 44, 6, 39, 50, 0, '2024-02-02 05:00:00', NULL),
(618, '2024', '2024', 30000.00, 0.00, 270, 44, 6, 39, 11, 0, '2024-02-02 05:00:00', NULL),
(619, '2024', '2024', 1420000.00, 0.00, 270, 44, 6, 39, 50, 0, '2024-02-02 05:00:00', NULL),
(620, '2024', '2024', 30000.00, 0.00, 271, 44, 6, 39, 11, 0, '2024-02-02 05:00:00', NULL),
(621, '2024', '2024', 1420000.00, 0.00, 271, 44, 6, 39, 50, 0, '2024-02-02 05:00:00', NULL),
(622, '2024', '2024', 30000.00, 0.00, 272, 44, 6, 39, 11, 0, '2024-02-02 05:00:00', NULL),
(623, '2024', '2024', 1420000.00, 0.00, 272, 44, 6, 39, 50, 0, '2024-02-02 05:00:00', NULL),
(624, '2024', '2024', 30000.00, 0.00, 273, 44, 6, 39, 11, 0, '2024-02-02 05:00:00', NULL),
(625, '2024', '2024', 1420000.00, 0.00, 273, 44, 6, 39, 50, 0, '2024-02-02 05:00:00', NULL),
(626, '2024', '2024', 30000.00, 0.00, 274, 44, 6, 39, 11, 0, '2024-02-02 05:00:00', NULL),
(627, '2024', '2024', 1420000.00, 0.00, 274, 44, 6, 39, 50, 0, '2024-02-02 05:00:00', NULL),
(628, '2024', '2024', 30000.00, 0.00, 275, 44, 6, 39, 11, 0, '2024-02-02 05:00:00', NULL),
(629, '2024', '2024', 1420000.00, 0.00, 275, 44, 6, 39, 50, 0, '2024-02-02 05:00:00', NULL);
INSERT INTO `fee_payments` (`id`, `year`, `valid_to`, `amount`, `paid_amount`, `student_id`, `classroom_id`, `level_id`, `user_id`, `fee_id`, `status`, `created_at`, `updated_at`) VALUES
(630, '2024', '2024', 30000.00, 0.00, 276, 44, 6, 39, 11, 0, '2024-02-02 05:00:00', NULL),
(631, '2024', '2024', 1420000.00, 0.00, 276, 44, 6, 39, 50, 0, '2024-02-02 05:00:00', NULL);

-- --------------------------------------------------------

--
-- Table structure for table `fee_statuses`
--

CREATE TABLE `fee_statuses` (
  `id` bigint(20) UNSIGNED NOT NULL,
  `status` varchar(255) NOT NULL,
  `description` varchar(255) NOT NULL,
  `created_at` timestamp NULL DEFAULT NULL,
  `updated_at` timestamp NULL DEFAULT NULL
) ENGINE=InnoDB DEFAULT CHARSET=utf8mb4 COLLATE=utf8mb4_unicode_ci;

--
-- Dumping data for table `fee_statuses`
--

INSERT INTO `fee_statuses` (`id`, `status`, `description`, `created_at`, `updated_at`) VALUES
(1, 'Compulsory', 'it covers majority id = 1', '2023-11-25 04:36:40', '2023-11-25 04:36:40'),
(2, 'Not compulsory', 'cover few number of students id = 2', '2023-11-25 04:39:13', '2023-11-25 04:39:13'),
(3, 'Peanut', 'This cover less allow to edit amount id = 3', NULL, NULL);

-- --------------------------------------------------------

--
-- Table structure for table `genders`
--

CREATE TABLE `genders` (
  `id` bigint(20) UNSIGNED NOT NULL,
  `gender` varchar(255) NOT NULL,
  `created_at` timestamp NULL DEFAULT NULL,
  `updated_at` timestamp NULL DEFAULT NULL
) ENGINE=InnoDB DEFAULT CHARSET=utf8mb4 COLLATE=utf8mb4_unicode_ci;

--
-- Dumping data for table `genders`
--

INSERT INTO `genders` (`id`, `gender`, `created_at`, `updated_at`) VALUES
(1, 'male', NULL, NULL),
(2, 'female', NULL, NULL);

-- --------------------------------------------------------

--
-- Table structure for table `grades`
--

CREATE TABLE `grades` (
  `id` bigint(20) UNSIGNED NOT NULL,
  `grade` varchar(255) NOT NULL,
  `grade_label` varchar(255) NOT NULL,
  `point` int(11) NOT NULL,
  `level_id` bigint(20) UNSIGNED NOT NULL,
  `mark1` int(11) NOT NULL,
  `mark2` int(11) NOT NULL,
  `user_id` bigint(20) UNSIGNED NOT NULL,
  `created_at` timestamp NULL DEFAULT NULL,
  `updated_at` timestamp NULL DEFAULT NULL
) ENGINE=InnoDB DEFAULT CHARSET=utf8mb4 COLLATE=utf8mb4_unicode_ci;

--
-- Dumping data for table `grades`
--

INSERT INTO `grades` (`id`, `grade`, `grade_label`, `point`, `level_id`, `mark1`, `mark2`, `user_id`, `created_at`, `updated_at`) VALUES
(9, 'A', 'Excellent', 1, 1, 75, 100, 41, '2023-11-28 13:27:16', '2023-11-28 13:31:09'),
(10, 'A', 'Excellent', 1, 2, 75, 100, 41, '2023-11-28 13:28:54', '2023-11-28 13:31:40'),
(11, 'B', 'Very Good', 2, 1, 65, 74, 41, '2023-11-28 13:32:31', '2023-11-28 13:32:31'),
(12, 'B', 'Very Good', 2, 2, 65, 74, 41, '2023-11-28 13:32:36', '2023-11-28 13:32:36'),
(13, 'B', 'Very Good', 2, 3, 65, 74, 41, '2023-11-28 13:32:41', '2023-11-28 13:32:41'),
(14, 'B', 'Very Good', 2, 4, 65, 74, 41, '2023-11-28 13:32:46', '2023-11-28 13:32:46'),
(15, 'A', 'Excellent', 1, 3, 75, 100, 41, '2023-11-28 13:34:07', '2023-11-28 13:34:07'),
(16, 'A', 'Excellent', 1, 4, 75, 100, 41, '2023-11-28 13:34:16', '2023-11-28 13:34:16'),
(17, 'C', 'Good', 3, 1, 45, 64, 41, '2023-11-28 13:35:56', '2023-11-28 13:35:56'),
(18, 'C', 'Good', 3, 2, 45, 64, 41, '2023-11-28 13:36:02', '2023-11-28 13:36:02'),
(19, 'C', 'Good', 3, 3, 45, 64, 41, '2023-11-28 13:36:07', '2023-11-28 13:36:07'),
(20, 'C', 'Good', 3, 4, 45, 64, 41, '2023-11-28 13:36:12', '2023-11-28 13:36:12'),
(21, 'D', 'Pass', 4, 1, 30, 44, 41, '2023-11-28 13:37:10', '2023-12-08 22:06:47'),
(22, 'D', 'Pass', 4, 2, 30, 44, 41, '2023-11-28 13:37:15', '2023-11-28 13:37:15'),
(23, 'D', 'Pass', 4, 3, 30, 44, 41, '2023-11-28 13:37:21', '2023-11-28 13:37:21'),
(24, 'D', 'Pass', 4, 4, 30, 44, 41, '2023-11-28 13:37:26', '2023-11-28 13:37:26'),
(26, 'F', 'Fail', 5, 2, 0, 39, 41, '2023-12-06 12:09:31', '2023-12-06 12:09:31'),
(27, 'F', 'Fail', 5, 2, 0, 29, 41, '2023-12-06 12:09:44', '2023-12-06 12:09:44'),
(28, 'F', 'Fail', 5, 1, 0, 29, 41, '2023-12-06 12:09:53', '2023-12-06 12:09:53'),
(29, 'F', 'Fail', 5, 3, 0, 29, 41, '2023-12-06 12:10:20', '2023-12-06 12:10:20'),
(30, 'F', 'Fail', 5, 4, 0, 29, 41, '2023-12-06 12:10:29', '2023-12-06 12:10:29'),
(31, 'A', 'Excellent', 1, 5, 80, 100, 41, '2023-12-06 12:14:32', '2023-12-06 12:14:32'),
(32, 'A', 'Excellent', 1, 6, 80, 100, 41, '2023-12-06 12:14:52', '2023-12-06 12:14:52'),
(33, 'B', 'Very Good', 2, 5, 70, 79, 41, '2023-12-08 21:58:38', '2023-12-08 21:58:38'),
(34, 'B', 'Very Good', 2, 6, 70, 79, 41, '2023-12-08 21:58:47', '2023-12-08 21:58:47'),
(35, 'C', 'Good', 3, 5, 60, 69, 41, '2023-12-08 22:00:04', '2023-12-08 22:00:04'),
(36, 'C', 'Good', 3, 6, 60, 69, 41, '2023-12-08 22:00:13', '2023-12-08 22:00:13'),
(37, 'D', 'Pass', 4, 6, 50, 59, 41, '2023-12-08 22:01:08', '2023-12-08 22:01:08'),
(38, 'D', 'Pass', 4, 5, 50, 59, 41, '2023-12-08 22:01:13', '2023-12-08 22:01:13'),
(39, 'E', 'Satisfactory', 5, 5, 40, 49, 41, '2023-12-08 22:07:46', '2023-12-08 22:07:46'),
(40, 'E', 'Satisfactory', 5, 6, 40, 49, 41, '2023-12-08 22:08:05', '2023-12-08 22:08:05'),
(41, 'S', 'Satisfactory', 6, 6, 35, 39, 41, '2023-12-08 22:09:52', '2023-12-08 22:09:52'),
(42, 'S', 'Satisfactory', 6, 5, 35, 39, 41, '2023-12-08 22:10:01', '2023-12-08 22:10:01'),
(43, 'F', 'Fail', 7, 5, 0, 34, 41, '2023-12-08 22:10:46', '2023-12-08 22:12:36'),
(44, 'F', 'Fail', 7, 6, 0, 34, 41, '2023-12-08 22:11:00', '2023-12-08 22:12:10');

-- --------------------------------------------------------

--
-- Table structure for table `health_statuses`
--

CREATE TABLE `health_statuses` (
  `id` bigint(20) UNSIGNED NOT NULL,
  `health` varchar(255) NOT NULL,
  `created_at` timestamp NULL DEFAULT NULL,
  `updated_at` timestamp NULL DEFAULT NULL
) ENGINE=InnoDB DEFAULT CHARSET=utf8mb4 COLLATE=utf8mb4_unicode_ci;

--
-- Dumping data for table `health_statuses`
--

INSERT INTO `health_statuses` (`id`, `health`, `created_at`, `updated_at`) VALUES
(1, 'normal', NULL, NULL),
(2, 'ubnormal', NULL, NULL);

-- --------------------------------------------------------

--
-- Table structure for table `host_exam_marks`
--

CREATE TABLE `host_exam_marks` (
  `id` bigint(20) UNSIGNED NOT NULL,
  `year` varchar(255) NOT NULL,
  `subjects` int(11) NOT NULL,
  `points` int(11) NOT NULL,
  `total_marks` int(11) NOT NULL,
  `details` mediumtext NOT NULL,
  `student_id` bigint(20) UNSIGNED NOT NULL,
  `classroom_id` bigint(20) UNSIGNED NOT NULL,
  `level_id` bigint(20) UNSIGNED NOT NULL,
  `exam_id` bigint(20) UNSIGNED NOT NULL,
  `user_id` bigint(20) UNSIGNED NOT NULL,
  `created_at` timestamp NULL DEFAULT NULL,
  `updated_at` timestamp NULL DEFAULT NULL
) ENGINE=InnoDB DEFAULT CHARSET=utf8mb4 COLLATE=utf8mb4_unicode_ci;

-- --------------------------------------------------------

--
-- Table structure for table `levels`
--

CREATE TABLE `levels` (
  `id` bigint(20) UNSIGNED NOT NULL,
  `level` varchar(255) NOT NULL,
  `fees` varchar(220) NOT NULL,
  `created_at` timestamp NULL DEFAULT NULL,
  `updated_at` timestamp NULL DEFAULT NULL
) ENGINE=InnoDB DEFAULT CHARSET=utf8mb4 COLLATE=utf8mb4_unicode_ci;

--
-- Dumping data for table `levels`
--

INSERT INTO `levels` (`id`, `level`, `fees`, `created_at`, `updated_at`) VALUES
(0, 'All levels', '0', NULL, NULL),
(1, 'Form I', '0', NULL, NULL),
(2, 'Form II', '0', NULL, NULL),
(3, 'Form III', '0', NULL, NULL),
(4, 'Form IV', '0', NULL, NULL),
(5, 'Form V', '0', NULL, NULL),
(6, 'Form VI', '0', NULL, NULL),
(7, 'O-Level', '0', NULL, NULL),
(8, 'A-Level', '0', NULL, NULL);

-- --------------------------------------------------------

--
-- Table structure for table `logs`
--

CREATE TABLE `logs` (
  `id` bigint(20) UNSIGNED NOT NULL,
  `log` varchar(255) NOT NULL,
  `user_id` bigint(20) UNSIGNED NOT NULL,
  `created_at` timestamp NULL DEFAULT NULL,
  `updated_at` timestamp NULL DEFAULT NULL
) ENGINE=InnoDB DEFAULT CHARSET=utf8mb4 COLLATE=utf8mb4_unicode_ci;

--
-- Dumping data for table `logs`
--

INSERT INTO `logs` (`id`, `log`, `user_id`, `created_at`, `updated_at`) VALUES
(170, 'Create the subject by the name of hisory', 3, '2023-11-19 16:19:31', '2023-11-19 16:19:31'),
(171, 'Delete the subject by the name of hisory, its id was 20', 3, '2023-11-19 16:19:42', '2023-11-19 16:19:42'),
(172, 'Create the fee by the name of Registration fee', 3, '2023-11-19 23:27:12', '2023-11-19 23:27:12'),
(173, 'Create the subject by the name of biology', 3, '2023-11-19 23:27:39', '2023-11-19 23:27:39'),
(174, 'Create the subject by the name of physics', 3, '2023-11-19 23:27:53', '2023-11-19 23:27:53'),
(175, 'Create the course by the name of PB', 3, '2023-11-19 23:28:19', '2023-11-19 23:28:19'),
(176, 'Create the classname by the name of A1', 3, '2023-11-19 23:28:58', '2023-11-19 23:28:58'),
(177, 'Create the classname by the name of V PB', 3, '2023-11-19 23:36:54', '2023-11-19 23:36:54'),
(178, 'Class edited from the name of V PB to V PB', 3, '2023-11-20 00:20:08', '2023-11-20 00:20:08'),
(179, 'Class edited from the name of A1 to A1', 3, '2023-11-20 00:20:22', '2023-11-20 00:20:22'),
(180, 'Create the subject by the name of chemistry', 26, '2023-11-20 11:22:27', '2023-11-20 11:22:27'),
(181, 'Create the subject by the name of civics', 26, '2023-11-20 11:22:57', '2023-11-20 11:22:57'),
(182, 'Create the subject by the name of history', 26, '2023-11-20 11:23:19', '2023-11-20 11:23:19'),
(183, 'Create the subject by the name of kiswahili', 26, '2023-11-20 11:23:43', '2023-11-20 11:23:43'),
(184, 'Create the subject by the name of geography', 26, '2023-11-20 11:24:13', '2023-11-20 11:24:13'),
(185, 'Create the subject by the name of english', 26, '2023-11-20 11:24:34', '2023-11-20 11:24:34'),
(186, 'Create the subject by the name of basic mathematics', 26, '2023-11-20 11:25:05', '2023-11-20 11:25:05'),
(187, 'Create the subject by the name of commerce', 26, '2023-11-20 11:25:43', '2023-11-20 11:25:43'),
(188, 'Create the subject by the name of computer', 26, '2023-11-20 11:26:49', '2023-11-20 11:26:49'),
(189, 'Create the subject by the name of advanced mathematics', 26, '2023-11-20 11:28:19', '2023-11-20 11:28:19'),
(190, 'Create the subject by the name of basic applied mathematics', 26, '2023-11-20 11:28:57', '2023-11-20 11:28:57'),
(191, 'Create the subject by the name of economics', 26, '2023-11-20 11:29:31', '2023-11-20 11:29:31'),
(192, 'Create the subject by the name of french', 26, '2023-11-20 11:29:59', '2023-11-20 11:29:59'),
(193, 'Create the subject by the name of music', 26, '2023-11-20 11:30:17', '2023-11-20 11:30:17'),
(194, 'Create the subject by the name of general studies', 26, '2023-11-20 11:31:03', '2023-11-20 11:31:03'),
(195, 'Create the department by the name of Accademic', 3, '2023-11-23 06:35:29', '2023-11-23 06:35:29'),
(196, 'Create the department by the name of Admission', 3, '2023-11-23 06:35:40', '2023-11-23 06:35:40'),
(197, 'Create the department by the name of Finance', 3, '2023-11-23 06:35:56', '2023-11-23 06:35:56'),
(198, 'Create the fee by the name of Form I tuition fee', 3, '2023-11-24 06:13:14', '2023-11-24 06:13:14'),
(199, 'Fee edited from the name of Form I tuition fee to Form I tuition fee', 3, '2023-11-24 06:33:34', '2023-11-24 06:33:34'),
(200, 'Create the classname by the name of A2', 3, '2023-11-24 07:15:57', '2023-11-24 07:15:57'),
(201, 'Class edited from the name of A1 to A1', 3, '2023-11-24 07:17:28', '2023-11-24 07:17:28'),
(202, 'Create the fee by the name of O-level examination fee', 3, '2023-11-24 08:46:05', '2023-11-24 08:46:05'),
(203, 'Create the fee by the name of Hostel fees', 3, '2023-11-24 08:51:33', '2023-11-24 08:51:33'),
(204, 'Delete the Fee by the name of Hostel fees, its id was 14', 3, '2023-11-24 08:52:03', '2023-11-24 08:52:03'),
(205, 'Create the fee by the name of Hostel fees', 3, '2023-11-24 08:52:14', '2023-11-24 08:52:14'),
(206, 'Create the fee by the name of Form I tution fee from second quoter', 3, '2023-11-24 08:53:26', '2023-11-24 08:53:26'),
(207, 'Fee edited from the name of Form I tution fee from second quoter to Form I tution fee from second quoter', 3, '2023-11-25 02:37:27', '2023-11-25 02:37:27'),
(208, 'Fee edited from the name of Hostel fees to Hostel fees', 3, '2023-11-25 02:40:39', '2023-11-25 02:40:39'),
(209, 'Create the fee by the name of O-level examinatio fee Penult per month', 3, '2023-11-25 04:05:18', '2023-11-25 04:05:18'),
(210, 'Create the fee by the name of Form V tuition fee', 3, '2023-11-25 13:34:33', '2023-11-25 13:34:33'),
(211, 'Create the fee by the name of Examinnation fee', 3, '2023-11-25 13:35:20', '2023-11-25 13:35:20'),
(212, 'Delete the department by the name of Mathematics, its id was 4', 3, '2023-11-26 10:41:28', '2023-11-26 10:41:28'),
(213, 'Create the department by the name of Mechanics', 3, '2023-11-27 21:28:37', '2023-11-27 21:28:37'),
(214, 'Delete the department by the name of Mechanics, its id was 19', 3, '2023-11-27 21:28:50', '2023-11-27 21:28:50'),
(215, 'Create the fee by the name of anaza fee', 3, '2023-11-28 07:15:18', '2023-11-28 07:15:18'),
(216, 'Fee edited from the name of anaza fee to anaza fee', 3, '2023-11-28 07:16:00', '2023-11-28 07:16:00'),
(217, 'Delete the Fee by the name of anaza fee, its id was 20', 3, '2023-11-28 07:16:18', '2023-11-28 07:16:18'),
(218, 'Create the subject by the name of dini', 3, '2023-11-28 07:33:42', '2023-11-28 07:33:42'),
(219, 'subject edited from the name of dini to dini', 3, '2023-11-28 07:34:11', '2023-11-28 07:34:11'),
(220, 'Course edited from the name of  to PGM', 3, '2023-11-28 07:47:38', '2023-11-28 07:47:38'),
(221, 'Delete the subject by the name of dini, its id was 38', 3, '2023-11-28 07:48:36', '2023-11-28 07:48:36'),
(222, 'Create the classname by the name of a3', 3, '2023-11-28 07:51:21', '2023-11-28 07:51:21'),
(223, 'Class edited from the name of a3 to a3', 3, '2023-11-28 08:00:58', '2023-11-28 08:00:58'),
(224, 'Delete the classname by the name of a3, its id was 23', 3, '2023-11-28 08:02:00', '2023-11-28 08:02:00'),
(225, 'Create the grade by the name of A', 3, '2023-11-28 08:02:54', '2023-11-28 08:02:54'),
(226, 'Class edited from the name of A to A', 3, '2023-11-28 08:03:09', '2023-11-28 08:03:09'),
(227, 'Delete the grade by the name of A, its id was 8', 3, '2023-11-28 08:03:16', '2023-11-28 08:03:16'),
(228, 'Create the department by the name of FIESTA', 3, '2023-11-28 08:08:07', '2023-11-28 08:08:07'),
(229, 'Delete the department by the name of FIESTA, its id was 20', 3, '2023-11-28 08:13:38', '2023-11-28 08:13:38'),
(230, 'subject edited from the name of general studies to general studies', 41, '2023-11-28 13:22:42', '2023-11-28 13:22:42'),
(231, 'Class edited from the name of V PB to PGM', 41, '2023-11-28 13:25:24', '2023-11-28 13:25:24'),
(232, 'Create the grade by the name of A', 41, '2023-11-28 13:27:16', '2023-11-28 13:27:16'),
(233, 'Create the grade by the name of A', 41, '2023-11-28 13:28:54', '2023-11-28 13:28:54'),
(234, 'Class edited from the name of A to A', 41, '2023-11-28 13:31:09', '2023-11-28 13:31:09'),
(235, 'Class edited from the name of A to A', 41, '2023-11-28 13:31:40', '2023-11-28 13:31:40'),
(236, 'Create the grade by the name of B', 41, '2023-11-28 13:32:31', '2023-11-28 13:32:31'),
(237, 'Create the grade by the name of B', 41, '2023-11-28 13:32:36', '2023-11-28 13:32:36'),
(238, 'Create the grade by the name of B', 41, '2023-11-28 13:32:41', '2023-11-28 13:32:41'),
(239, 'Create the grade by the name of B', 41, '2023-11-28 13:32:46', '2023-11-28 13:32:46'),
(240, 'Create the grade by the name of A', 41, '2023-11-28 13:34:07', '2023-11-28 13:34:07'),
(241, 'Create the grade by the name of A', 41, '2023-11-28 13:34:16', '2023-11-28 13:34:16'),
(242, 'Create the grade by the name of C', 41, '2023-11-28 13:35:56', '2023-11-28 13:35:56'),
(243, 'Create the grade by the name of C', 41, '2023-11-28 13:36:02', '2023-11-28 13:36:02'),
(244, 'Create the grade by the name of C', 41, '2023-11-28 13:36:07', '2023-11-28 13:36:07'),
(245, 'Create the grade by the name of C', 41, '2023-11-28 13:36:12', '2023-11-28 13:36:12'),
(246, 'Create the grade by the name of D', 41, '2023-11-28 13:37:10', '2023-11-28 13:37:10'),
(247, 'Create the grade by the name of D', 41, '2023-11-28 13:37:15', '2023-11-28 13:37:15'),
(248, 'Create the grade by the name of D', 41, '2023-11-28 13:37:21', '2023-11-28 13:37:21'),
(249, 'Create the grade by the name of D', 41, '2023-11-28 13:37:26', '2023-11-28 13:37:26'),
(250, 'subject edited from the name of basic applied mathematics to basic applied mathematics', 41, '2023-11-30 13:09:26', '2023-11-30 13:09:26'),
(251, 'subject edited from the name of commerce to commerce', 41, '2023-11-30 13:10:02', '2023-11-30 13:10:02'),
(252, 'subject edited from the name of advanced mathematics to advanced mathematics', 41, '2023-11-30 13:11:50', '2023-11-30 13:11:50'),
(253, 'subject edited from the name of economics to economics', 41, '2023-11-30 13:13:02', '2023-11-30 13:13:02'),
(254, 'subject edited from the name of general studies to general studies', 41, '2023-11-30 13:13:24', '2023-11-30 13:13:24'),
(255, 'subject edited from the name of computer to computer', 41, '2023-11-30 13:13:56', '2023-11-30 13:13:56'),
(256, 'subject edited from the name of basic mathematics to basic mathematics', 41, '2023-11-30 13:14:36', '2023-11-30 13:14:36'),
(257, 'subject edited from the name of french to french', 41, '2023-11-30 13:15:04', '2023-11-30 13:15:04'),
(258, 'subject edited from the name of civics to civics', 41, '2023-11-30 13:15:24', '2023-11-30 13:15:24'),
(259, 'subject edited from the name of english to english', 3, '2023-12-01 14:07:21', '2023-12-01 14:07:21'),
(260, 'subject edited from the name of kiswahili to kiswahili', 3, '2023-12-01 14:07:32', '2023-12-01 14:07:32'),
(261, 'Create the subject by the name of history', 3, '2023-12-01 14:08:36', '2023-12-01 14:08:36'),
(262, 'Create the subject by the name of Geography', 3, '2023-12-04 12:22:35', '2023-12-04 12:22:35'),
(263, 'subject edited from the name of biology to biology', 41, '2023-12-06 11:30:38', '2023-12-06 11:30:38'),
(264, 'subject edited from the name of physics to physics', 41, '2023-12-06 11:30:49', '2023-12-06 11:30:49'),
(265, 'subject edited from the name of physics to physics', 41, '2023-12-06 11:31:10', '2023-12-06 11:31:10'),
(266, 'subject edited from the name of chemistry to chemistry', 41, '2023-12-06 11:31:28', '2023-12-06 11:31:28'),
(267, 'subject edited from the name of civics to civics', 41, '2023-12-06 11:31:46', '2023-12-06 11:31:46'),
(268, 'subject edited from the name of history to history', 41, '2023-12-06 11:33:02', '2023-12-06 11:33:02'),
(269, 'subject edited from the name of kiswahili to kiswahili', 41, '2023-12-06 11:33:25', '2023-12-06 11:33:25'),
(270, 'subject edited from the name of geography to geography', 41, '2023-12-06 11:33:45', '2023-12-06 11:33:45'),
(271, 'subject edited from the name of commerce to commerce', 41, '2023-12-06 11:34:25', '2023-12-06 11:34:25'),
(272, 'subject edited from the name of history to history', 41, '2023-12-06 11:40:48', '2023-12-06 11:40:48'),
(273, 'subject edited from the name of Geography to Geography', 41, '2023-12-06 11:41:20', '2023-12-06 11:41:20'),
(274, 'Create the subject by the name of Book Keeping', 41, '2023-12-06 11:43:53', '2023-12-06 11:43:53'),
(275, 'subject edited from the name of computer to Information & Compuer Studies', 41, '2023-12-06 11:46:11', '2023-12-06 11:46:11'),
(276, 'Create the grade by the name of F', 41, '2023-12-06 12:09:18', '2023-12-06 12:09:18'),
(277, 'Create the grade by the name of F', 41, '2023-12-06 12:09:31', '2023-12-06 12:09:31'),
(278, 'Create the grade by the name of F', 41, '2023-12-06 12:09:44', '2023-12-06 12:09:44'),
(279, 'Create the grade by the name of F', 41, '2023-12-06 12:09:53', '2023-12-06 12:09:53'),
(280, 'Delete the grade by the name of F, its id was 25', 41, '2023-12-06 12:10:03', '2023-12-06 12:10:03'),
(281, 'Create the grade by the name of F', 41, '2023-12-06 12:10:20', '2023-12-06 12:10:20'),
(282, 'Create the grade by the name of F', 41, '2023-12-06 12:10:29', '2023-12-06 12:10:29'),
(283, 'Create the grade by the name of A', 41, '2023-12-06 12:14:32', '2023-12-06 12:14:32'),
(284, 'Create the grade by the name of A', 41, '2023-12-06 12:14:52', '2023-12-06 12:14:52'),
(285, 'Create the subject by the name of chemistry', 41, '2023-12-06 12:58:05', '2023-12-06 12:58:05'),
(286, 'Create the subject by the name of commerce', 41, '2023-12-06 12:58:42', '2023-12-06 12:58:42'),
(287, 'Create the subject by the name of Accountancy', 41, '2023-12-06 12:59:31', '2023-12-06 12:59:31'),
(288, 'Create the subject by the name of physics', 41, '2023-12-06 13:00:08', '2023-12-06 13:00:08'),
(289, 'Delete the subject by the name of economics, its id was 34', 41, '2023-12-06 13:06:40', '2023-12-06 13:06:40'),
(290, 'Create the subject by the name of Economics', 41, '2023-12-06 13:07:42', '2023-12-06 13:07:42'),
(291, 'Create the subject by the name of Economics', 41, '2023-12-06 13:07:42', '2023-12-06 13:07:42'),
(292, 'Create the subject by the name of Biology', 41, '2023-12-06 13:08:10', '2023-12-06 13:08:10'),
(293, 'Create the subject by the name of Kiswahili', 41, '2023-12-06 13:08:37', '2023-12-06 13:08:37'),
(294, 'Delete the subject by the name of english, its id was 28', 41, '2023-12-06 13:13:34', '2023-12-06 13:13:34'),
(295, 'Delete the subject by the name of english, its id was 28', 41, '2023-12-06 13:13:34', '2023-12-06 13:13:34'),
(296, 'Create the subject by the name of English Language', 41, '2023-12-06 13:14:52', '2023-12-06 13:14:52'),
(297, 'subject edited from the name of geography to geography', 41, '2023-12-06 13:15:57', '2023-12-06 13:15:57'),
(298, 'Create the subject by the name of English', 41, '2023-12-06 13:16:30', '2023-12-06 13:16:30'),
(299, 'Create the fee by the name of late commer penuts', 3, '2023-12-07 11:26:48', '2023-12-07 11:26:48'),
(300, 'Delete the Fee by the name of late commer penuts, its id was 21', 3, '2023-12-07 11:26:56', '2023-12-07 11:26:56'),
(301, 'Fee edited from the name of O-level examinatio fee Penult per month to O-level examinatio fee Penult per month', 3, '2023-12-07 11:27:06', '2023-12-07 11:27:06'),
(302, 'Create the department by the name of History', 3, '2023-12-07 11:54:30', '2023-12-07 11:54:30'),
(303, 'Create the department by the name of Adminstration', 42, '2023-12-07 13:27:45', '2023-12-07 13:27:45'),
(304, 'Create the department by the name of Registration', 42, '2023-12-07 13:28:49', '2023-12-07 13:28:49'),
(305, 'Create the department by the name of Examination', 42, '2023-12-07 13:29:47', '2023-12-07 13:29:47'),
(306, 'Create the department by the name of Libarary', 42, '2023-12-07 13:30:04', '2023-12-07 13:30:04'),
(307, 'Create the department by the name of Laboratory', 42, '2023-12-07 13:30:53', '2023-12-07 13:30:53'),
(308, 'Create the department by the name of Hostel', 42, '2023-12-07 13:32:32', '2023-12-07 13:32:32'),
(309, 'Create the department by the name of Discipline', 42, '2023-12-07 13:34:00', '2023-12-07 13:34:00'),
(310, 'Create the department by the name of JID', 42, '2023-12-07 13:34:30', '2023-12-07 13:34:30'),
(311, 'Create the department by the name of ICT/JCC', 42, '2023-12-07 13:34:44', '2023-12-07 13:34:44'),
(312, 'Create the department by the name of QM', 42, '2023-12-07 13:35:14', '2023-12-07 13:35:14'),
(313, 'Create the department by the name of Stores', 42, '2023-12-07 13:35:33', '2023-12-07 13:35:33'),
(314, 'Create the department by the name of Environment', 42, '2023-12-07 13:35:56', '2023-12-07 13:35:56'),
(315, 'Create the department by the name of Sports', 42, '2023-12-07 13:36:18', '2023-12-07 13:36:18'),
(316, 'Create the department by the name of Coordinators A/O Levels', 42, '2023-12-07 13:36:54', '2023-12-07 13:36:54'),
(317, 'Create the department by the name of Drivers/TO', 42, '2023-12-07 13:37:22', '2023-12-07 13:37:22'),
(318, 'Create the department by the name of Estate Manager', 42, '2023-12-07 13:38:11', '2023-12-07 13:38:11'),
(319, 'Delete the subject by the name of Economics, its id was 47', 3, '2023-12-07 14:42:06', '2023-12-07 14:42:06'),
(320, 'Create the department by the name of Mathematics', 42, '2023-12-07 14:45:14', '2023-12-07 14:45:14'),
(321, 'Create the department by the name of Science', 42, '2023-12-07 14:45:48', '2023-12-07 14:45:48'),
(322, 'Delete the department by the name of Mathematics, its id was 38', 42, '2023-12-07 14:46:02', '2023-12-07 14:46:02'),
(323, 'Create the fee by the name of Form One School fees', 50, '2023-12-08 13:28:51', '2023-12-08 13:28:51'),
(324, 'Create the fee by the name of Form One Hostel Fees', 50, '2023-12-08 13:32:22', '2023-12-08 13:32:22'),
(325, 'Create the fee by the name of Form One Second Term School Fees', 50, '2023-12-08 13:42:45', '2023-12-08 13:42:45'),
(326, 'Create the fee by the name of Form One Second Term Hostel Fees', 50, '2023-12-08 13:44:55', '2023-12-08 13:44:55'),
(327, 'Create the course by the name of HGE', 41, '2023-12-08 21:07:54', '2023-12-08 21:07:54'),
(328, 'Create the course by the name of HGL', 41, '2023-12-08 21:08:44', '2023-12-08 21:08:44'),
(329, 'Create the course by the name of HGK', 41, '2023-12-08 21:09:18', '2023-12-08 21:09:18'),
(330, 'Create the course by the name of HKL', 41, '2023-12-08 21:10:34', '2023-12-08 21:10:34'),
(331, 'Create the course by the name of EGM', 41, '2023-12-08 21:11:42', '2023-12-08 21:11:42'),
(332, 'Create the course by the name of PCM', 41, '2023-12-08 21:12:09', '2023-12-08 21:12:09'),
(333, 'Create the course by the name of PCB', 41, '2023-12-08 21:13:00', '2023-12-08 21:13:00'),
(334, 'Delete the Course by the name of PGM, its id was 11', 41, '2023-12-08 21:15:20', '2023-12-08 21:15:20'),
(335, 'Create the course by the name of PGM', 41, '2023-12-08 21:15:31', '2023-12-08 21:15:31'),
(336, 'Create the course by the name of CBG', 41, '2023-12-08 21:17:08', '2023-12-08 21:17:08'),
(337, 'Create the course by the name of ECA', 41, '2023-12-08 21:18:40', '2023-12-08 21:18:40'),
(338, 'Create the grade by the name of B', 41, '2023-12-08 21:58:38', '2023-12-08 21:58:38'),
(339, 'Create the grade by the name of B', 41, '2023-12-08 21:58:47', '2023-12-08 21:58:47'),
(340, 'Create the grade by the name of C', 41, '2023-12-08 22:00:04', '2023-12-08 22:00:04'),
(341, 'Create the grade by the name of C', 41, '2023-12-08 22:00:13', '2023-12-08 22:00:13'),
(342, 'Create the grade by the name of D', 41, '2023-12-08 22:01:08', '2023-12-08 22:01:08'),
(343, 'Create the grade by the name of D', 41, '2023-12-08 22:01:13', '2023-12-08 22:01:13'),
(344, 'Class edited from the name of D to D', 41, '2023-12-08 22:05:28', '2023-12-08 22:05:28'),
(345, 'Class edited from the name of D to D', 41, '2023-12-08 22:06:47', '2023-12-08 22:06:47'),
(346, 'Create the grade by the name of E', 41, '2023-12-08 22:07:46', '2023-12-08 22:07:46'),
(347, 'Create the grade by the name of E', 41, '2023-12-08 22:08:05', '2023-12-08 22:08:05'),
(348, 'Create the grade by the name of S', 41, '2023-12-08 22:09:52', '2023-12-08 22:09:52'),
(349, 'Create the grade by the name of S', 41, '2023-12-08 22:10:01', '2023-12-08 22:10:01'),
(350, 'Create the grade by the name of F', 41, '2023-12-08 22:10:46', '2023-12-08 22:10:46'),
(351, 'Create the grade by the name of F', 41, '2023-12-08 22:11:00', '2023-12-08 22:11:00'),
(352, 'Class edited from the name of F to F', 41, '2023-12-08 22:12:10', '2023-12-08 22:12:10'),
(353, 'Class edited from the name of F to F', 41, '2023-12-08 22:12:36', '2023-12-08 22:12:36'),
(354, 'Class edited from the name of PGM to PGM', 3, '2023-12-09 10:35:08', '2023-12-09 10:35:08'),
(355, 'Fee edited from the name of Registration fee to Sample fee', 3, '2023-12-09 11:04:10', '2023-12-09 11:04:10'),
(356, 'Fee edited from the name of Form One School fees to Form I School fees', 50, '2023-12-09 11:55:00', '2023-12-09 11:55:00'),
(357, 'Fee edited from the name of Form One Second Term Hostel Fees to Form I Second Term Hostel Fees', 50, '2023-12-09 11:59:52', '2023-12-09 11:59:52'),
(358, 'Fee edited from the name of Form One Second Term School Fees to Form I Second Term School Fees', 50, '2023-12-09 12:00:25', '2023-12-09 12:00:25'),
(359, 'Fee edited from the name of Form One Hostel Fees to Form I Hostel Fees', 50, '2023-12-09 12:03:17', '2023-12-09 12:03:17'),
(360, 'Create the fee by the name of FORM II SCOOL FEES 2024', 50, '2023-12-09 12:05:49', '2023-12-09 12:05:49'),
(361, 'Create the fee by the name of FORM II HOSTEL FEES 2024', 50, '2023-12-09 12:08:38', '2023-12-09 12:08:38'),
(362, 'Create the fee by the name of FORM II FIRST TERM SCHOOL FEES 2024', 50, '2023-12-09 12:27:11', '2023-12-09 12:27:11'),
(363, 'Create the fee by the name of FORM II FIRST TERM HOSTEL FEES 2024', 50, '2023-12-09 12:29:05', '2023-12-09 12:29:05'),
(364, 'Create the fee by the name of FORM II SECOND TERM SCHOOL FEES 2024', 50, '2023-12-09 12:30:22', '2023-12-09 12:30:22'),
(365, 'Create the fee by the name of FORM II SECOND TERM HOSTEL FEES 2024', 50, '2023-12-09 12:31:30', '2023-12-09 12:31:30'),
(366, 'Create the fee by the name of FORM III SCHOOL FEES 2024', 50, '2023-12-09 12:38:32', '2023-12-09 12:38:32'),
(367, 'Create the fee by the name of FORM III HOSTELL FEES 2024', 50, '2023-12-09 12:40:42', '2023-12-09 12:40:42'),
(368, 'Create the fee by the name of FORM III FIRST TERM SCHOOL FEES 2024', 50, '2023-12-09 12:42:58', '2023-12-09 12:42:58'),
(369, 'Create the fee by the name of FORM III FIRST TERM HOSTEL FEES 2024', 50, '2023-12-09 12:44:46', '2023-12-09 12:44:46'),
(370, 'Create the fee by the name of FORM III SECOND TERM SCHOOL FEES 2024', 50, '2023-12-09 12:47:04', '2023-12-09 12:47:04'),
(371, 'Create the fee by the name of FORM III SECOND TERM HOSTEL FEES 2024', 50, '2023-12-09 12:48:16', '2023-12-09 12:48:16'),
(372, 'Fee edited from the name of Form I School fees to FORM I SCHOOL FEES 2024', 50, '2023-12-09 12:52:42', '2023-12-09 12:52:42'),
(373, 'Create the fee by the name of FORM IV SCHOOL FEES 2024', 50, '2023-12-09 12:53:36', '2023-12-09 12:53:36'),
(374, 'Create the fee by the name of FORM IV HOSTEL FEES 2024', 50, '2023-12-09 12:56:46', '2023-12-09 12:56:46'),
(375, 'Create the fee by the name of FORM IV FIRST TERM SCHOOL FEES 2024', 50, '2023-12-09 12:58:24', '2023-12-09 12:58:24'),
(376, 'Create the fee by the name of FORM IV FIRST TERM HOSTEL FEES 2024', 50, '2023-12-09 12:59:33', '2023-12-09 12:59:33'),
(377, 'Fee edited from the name of FORM II SCOOL FEES 2024 to FORM II SCHOOL FEES 2024', 50, '2023-12-09 13:01:06', '2023-12-09 13:01:06'),
(378, 'Class edited from the name of A1 to A1', 41, '2023-12-09 16:44:59', '2023-12-09 16:44:59'),
(379, 'Class edited from the name of A2 to A2', 41, '2023-12-09 16:46:00', '2023-12-09 16:46:00'),
(380, 'Delete the classname by the name of PGM, its id was 19', 41, '2023-12-09 16:46:13', '2023-12-09 16:46:13'),
(381, 'Create the classname by the name of B1', 41, '2023-12-09 16:47:29', '2023-12-09 16:47:29'),
(382, 'Create the classname by the name of AI', 41, '2023-12-09 17:27:02', '2023-12-09 17:27:02'),
(383, 'Create the classname by the name of IIA2', 41, '2023-12-09 17:33:28', '2023-12-09 17:33:28'),
(384, 'Create the classname by the name of IIB1', 41, '2023-12-09 17:41:49', '2023-12-09 17:41:49'),
(385, 'Create the classname by the name of IIIA1', 41, '2023-12-09 17:44:39', '2023-12-09 17:44:39'),
(386, 'Create the classname by the name of IIIA2', 41, '2023-12-09 17:46:06', '2023-12-09 17:46:06'),
(387, 'Create the classname by the name of IIIB1', 41, '2023-12-09 17:49:30', '2023-12-09 17:49:30'),
(388, 'Create the classname by the name of IVA1', 41, '2023-12-09 17:51:40', '2023-12-09 17:51:40'),
(389, 'Create the classname by the name of IVA2', 41, '2023-12-09 17:54:56', '2023-12-09 17:54:56'),
(390, 'Create the classname by the name of IVB1', 41, '2023-12-09 18:00:42', '2023-12-09 18:00:42'),
(391, 'Create the classname by the name of VHGE', 41, '2023-12-09 18:25:33', '2023-12-09 18:25:33'),
(392, 'Create the classname by the name of VHGK', 41, '2023-12-09 18:29:59', '2023-12-09 18:29:59'),
(393, 'Create the classname by the name of VHKL', 41, '2023-12-09 18:30:59', '2023-12-09 18:30:59'),
(394, 'Create the classname by the name of VHGL', 41, '2023-12-09 18:32:57', '2023-12-09 18:32:57'),
(395, 'Create the classname by the name of VPCM', 41, '2023-12-09 18:34:28', '2023-12-09 18:34:28'),
(396, 'Create the classname by the name of VPCB', 41, '2023-12-09 18:35:28', '2023-12-09 18:35:28'),
(397, 'Create the classname by the name of VCBG', 41, '2023-12-09 18:42:08', '2023-12-09 18:42:08'),
(398, 'Create the classname by the name of VEGM', 41, '2023-12-09 18:43:02', '2023-12-09 18:43:02'),
(399, 'Create the classname by the name of VECA', 41, '2023-12-09 18:44:13', '2023-12-09 18:44:13'),
(400, 'Class edited from the name of IIIB1 to IIIB1', 41, '2023-12-09 18:54:30', '2023-12-09 18:54:30'),
(401, 'Create the classname by the name of VIHGE', 41, '2023-12-09 19:00:48', '2023-12-09 19:00:48'),
(402, 'Create the classname by the name of VIHGK', 41, '2023-12-09 19:02:06', '2023-12-09 19:02:06'),
(403, 'Create the classname by the name of VIHKL', 41, '2023-12-09 19:03:41', '2023-12-09 19:03:41'),
(404, 'Create the classname by the name of VIPCM', 41, '2023-12-09 19:16:18', '2023-12-09 19:16:18'),
(405, 'Create the classname by the name of VIPCB', 41, '2023-12-09 19:28:23', '2023-12-09 19:28:23'),
(406, 'Create the classname by the name of VICBG', 41, '2023-12-09 19:42:54', '2023-12-09 19:42:54'),
(407, 'Create the classname by the name of VIECA', 41, '2023-12-09 19:43:49', '2023-12-09 19:43:49'),
(408, 'Create the classname by the name of VIEGM', 41, '2023-12-09 19:44:43', '2023-12-09 19:44:43'),
(409, 'Create the classname by the name of VIHGL', 41, '2023-12-09 19:45:55', '2023-12-09 19:45:55'),
(410, 'Class edited from the name of AI to AI', 3, '2023-12-10 18:22:33', '2023-12-10 18:22:33'),
(411, 'Class edited from the name of AI to IIA1', 3, '2023-12-10 18:22:58', '2023-12-10 18:22:58'),
(412, 'Class edited from the name of B1 to IB1', 3, '2023-12-10 18:24:06', '2023-12-10 18:24:06'),
(413, 'Class edited from the name of A1 to IA1', 3, '2023-12-10 18:24:24', '2023-12-10 18:24:24'),
(414, 'Class edited from the name of A2 to IA2', 3, '2023-12-10 18:24:39', '2023-12-10 18:24:39'),
(415, 'Class edited from the name of VPCM to V-PCM', 3, '2023-12-10 18:25:06', '2023-12-10 18:25:06'),
(416, 'Class edited from the name of VIPCM to VI-PCM', 3, '2023-12-10 18:25:19', '2023-12-10 18:25:19'),
(417, 'Class edited from the name of VIHGE to VI-HGE', 3, '2023-12-10 18:25:37', '2023-12-10 18:25:37'),
(418, 'Class edited from the name of VIHKL to VI-HKL', 3, '2023-12-10 18:25:52', '2023-12-10 18:25:52'),
(419, 'Class edited from the name of VIHGL to VI-HGL', 3, '2023-12-10 18:26:11', '2023-12-10 18:26:11'),
(420, 'Class edited from the name of VIPCB to VI-PCB', 3, '2023-12-10 18:26:26', '2023-12-10 18:26:26'),
(421, 'Class edited from the name of VICBG to VI-CBG', 3, '2023-12-10 18:26:45', '2023-12-10 18:26:45'),
(422, 'Class edited from the name of VIEGM to VI-EGM', 3, '2023-12-10 18:27:02', '2023-12-10 18:27:02'),
(423, 'Class edited from the name of VIHGK to VI-HGK', 3, '2023-12-10 18:27:16', '2023-12-10 18:27:16'),
(424, 'Class edited from the name of VIECA to VI-ECA', 3, '2023-12-10 18:27:34', '2023-12-10 18:27:34'),
(425, 'Class edited from the name of VHGE to V-HGE', 3, '2023-12-10 18:28:27', '2023-12-10 18:28:27'),
(426, 'Class edited from the name of VHGK to V-HGK', 3, '2023-12-10 18:28:39', '2023-12-10 18:28:39'),
(427, 'Class edited from the name of VCBG to V-CBG', 3, '2023-12-10 18:28:53', '2023-12-10 18:28:53'),
(428, 'Class edited from the name of VPCB to V-PCB', 3, '2023-12-10 18:29:18', '2023-12-10 18:29:18'),
(429, 'Class edited from the name of VEGM to V-EGM', 3, '2023-12-10 18:29:42', '2023-12-10 18:29:42'),
(430, 'Class edited from the name of VHKL to V-HKL', 3, '2023-12-10 18:29:55', '2023-12-10 18:29:55'),
(431, 'Class edited from the name of VHGL to V-HGL', 3, '2023-12-10 18:30:08', '2023-12-10 18:30:08'),
(432, 'Class edited from the name of VECA to V-ECA', 3, '2023-12-10 18:30:25', '2023-12-10 18:30:25'),
(433, 'Create the fee by the name of FORM IV SECOND TERM SCHOOL FEES 2024', 50, '2023-12-11 10:20:02', '2023-12-11 10:20:02'),
(434, 'Create the fee by the name of FORM IV SECOND TERM HOSTEL FEES 2024', 50, '2023-12-11 10:21:38', '2023-12-11 10:21:38'),
(435, 'Create the fee by the name of FORM V SCHOOL FEES 2023/24', 50, '2023-12-11 10:33:50', '2023-12-11 10:33:50'),
(436, 'Create the fee by the name of FORM V HOSTEL  FEES 2023/24', 50, '2023-12-11 10:36:10', '2023-12-11 10:36:10'),
(437, 'Fee edited from the name of FORM V SCHOOL FEES 2023/24 to FORM V SCHOOL FEES 2023/24', 50, '2023-12-11 11:41:59', '2023-12-11 11:41:59'),
(438, 'Create the fee by the name of FORM V TERM SCHOOL FEES 2023/24', 50, '2023-12-11 11:44:25', '2023-12-11 11:44:25'),
(439, 'Create the fee by the name of FORM V TERM HOSTEL FEES 2023/24', 50, '2023-12-11 11:45:48', '2023-12-11 11:45:48'),
(440, 'Fee edited from the name of FORM V HOSTEL  FEES 2023/24 to FORM V HOSTEL  FEES 2023/24', 50, '2023-12-11 11:46:58', '2023-12-11 11:46:58'),
(441, 'Create the fee by the name of FORM V SECOND TERM NEW COMER SCHOOL FEES 2023/24', 50, '2023-12-11 11:49:24', '2023-12-11 11:49:24'),
(442, 'Fee edited from the name of FORM V SECOND TERM NEW COMER SCHOOL FEES 2023/24 to FORM V SECOND TERM NEW COMER SCHOOL FEES 2023/24', 50, '2023-12-11 11:50:07', '2023-12-11 11:50:07'),
(443, 'Create the fee by the name of FORM V SECOND TERM NEW COMER HOSTEL AND SCHOOL FEES 2023/24', 50, '2023-12-11 11:52:09', '2023-12-11 11:52:09'),
(444, 'Create the fee by the name of FORM VI SCHOOL FEES 2023/24', 50, '2023-12-11 12:21:02', '2023-12-11 12:21:02'),
(445, 'Create the fee by the name of FORM VI TERM SCHOOL FEES 2023/24', 50, '2023-12-11 12:21:48', '2023-12-11 12:21:48'),
(446, 'Create the fee by the name of FORM VI NEW COMER FIRST TERM SCHOOL FEES 2023/24', 50, '2023-12-11 12:25:45', '2023-12-11 12:25:45'),
(447, 'Create the fee by the name of FORM VI NEW COMER SECOND TERM SCHOOL FEES 2023/24', 50, '2023-12-11 12:26:45', '2023-12-11 12:26:45'),
(448, 'Create the fee by the name of FORM VI HOSTEL FEES 2023/24', 50, '2023-12-11 12:30:26', '2023-12-11 12:30:26'),
(449, 'Create the fee by the name of FORM VI TERM HOSTEL FEES 2023/24', 50, '2023-12-11 12:30:54', '2023-12-11 12:30:54'),
(450, 'Create the fee by the name of FORM VI NEW COMER SCHOO FEES 2023/24', 50, '2023-12-11 12:40:19', '2023-12-11 12:40:19'),
(451, 'Create the fee by the name of FORM VI NEW COMER SECOND TERM SCHOO FEES 2023/24', 50, '2023-12-11 12:41:11', '2023-12-11 12:41:11'),
(452, 'Delete the Fee by the name of FORM VI NEW COMER SECOND TERM SCHOOL FEES 2023/24, its id was 53', 50, '2023-12-11 12:44:09', '2023-12-11 12:44:09'),
(453, 'Delete the Fee by the name of FORM VI NEW COMER SCHOO FEES 2023/24, its id was 56', 50, '2023-12-11 12:45:29', '2023-12-11 12:45:29'),
(454, 'Create the fee by the name of FORM I TERM SCHOOL FEES 2024', 50, '2023-12-11 12:54:50', '2023-12-11 12:54:50'),
(455, 'Create the fee by the name of FORM I NEW COMER SECOND TERM SCHOOL FEES 2024', 50, '2023-12-11 12:56:05', '2023-12-11 12:56:05'),
(456, 'Create the fee by the name of FORM I NEW COMER SECOND TERM SCHOOL AND HOSTEL FEES 2024', 50, '2023-12-11 12:57:13', '2023-12-11 12:57:13'),
(457, 'Create the fee by the name of FORM I HOSTEL  FEES 2024', 50, '2023-12-11 12:58:21', '2023-12-11 12:58:21'),
(458, 'Create the fee by the name of FORM I TERM HOSTEL  FEES 2024', 50, '2023-12-11 12:58:52', '2023-12-11 12:58:52'),
(459, 'Delete the Fee by the name of Form I Second Term School Fees, its id was 24', 50, '2023-12-11 13:00:33', '2023-12-11 13:00:33'),
(460, 'Delete the Fee by the name of Form I Second Term Hostel Fees, its id was 25', 50, '2023-12-11 13:00:39', '2023-12-11 13:00:39'),
(461, 'Create the fee by the name of FORM II TERM SCHOOL FEES', 50, '2023-12-11 13:12:46', '2023-12-11 13:12:46'),
(462, 'Delete the Fee by the name of FORM II FIRST TERM SCHOOL FEES 2024, its id was 28', 50, '2023-12-11 13:18:07', '2023-12-11 13:18:07'),
(463, 'Delete the Fee by the name of FORM II SECOND TERM SCHOOL FEES 2024, its id was 30', 50, '2023-12-11 13:18:15', '2023-12-11 13:18:15'),
(464, 'Delete the Fee by the name of FORM II SECOND TERM HOSTEL FEES 2024, its id was 31', 50, '2023-12-11 13:18:23', '2023-12-11 13:18:23'),
(465, 'Delete the Fee by the name of FORM II FIRST TERM HOSTEL FEES 2024, its id was 29', 50, '2023-12-11 13:18:33', '2023-12-11 13:18:33'),
(466, 'Create the fee by the name of FORM II TERM HOSTEL FEES', 50, '2023-12-11 13:19:38', '2023-12-11 13:19:38'),
(467, 'Create the fee by the name of FORM II SECOND TERM SCHOOL AND HOSTEL FEES 2024', 50, '2023-12-11 13:21:31', '2023-12-11 13:21:31'),
(468, 'Create the fee by the name of FORM II SECOND TERM SCHOOL FEES 2024', 50, '2023-12-11 13:22:10', '2023-12-11 13:22:10'),
(469, 'Create the fee by the name of FORM II NEW COMER FIRST TERM SCHOOL FEES 2024', 50, '2023-12-11 13:23:49', '2023-12-11 13:23:49'),
(470, 'Delete the Fee by the name of FORM III FIRST TERM SCHOOL FEES 2024, its id was 34', 50, '2023-12-11 13:30:58', '2023-12-11 13:30:58'),
(471, 'Delete the Fee by the name of FORM III FIRST TERM HOSTEL FEES 2024, its id was 35', 50, '2023-12-11 13:31:04', '2023-12-11 13:31:04'),
(472, 'Delete the Fee by the name of FORM III SECOND TERM SCHOOL FEES 2024, its id was 36', 50, '2023-12-11 13:31:10', '2023-12-11 13:31:10'),
(473, 'Delete the Fee by the name of FORM III SECOND TERM HOSTEL FEES 2024, its id was 37', 50, '2023-12-11 13:31:15', '2023-12-11 13:31:15'),
(474, 'Create the fee by the name of FORM III TERM HOSTEL FEES', 50, '2023-12-11 13:32:18', '2023-12-11 13:32:18'),
(475, 'Create the fee by the name of FORM III SECOND TERM SCHOOL AND HOSTEL FEES 2024', 50, '2023-12-11 13:34:12', '2023-12-11 13:34:12'),
(476, 'Create the fee by the name of FORM III SECOND TERM SCHOOL FEES 2024', 50, '2023-12-11 13:34:42', '2023-12-11 13:34:42'),
(477, 'Create the fee by the name of FORM III FIRST TERM SCHOOL FEES 2024', 50, '2023-12-11 13:35:56', '2023-12-11 13:35:56'),
(478, 'Delete the Fee by the name of FORM IV FIRST TERM SCHOOL FEES 2024, its id was 40', 50, '2023-12-11 13:42:38', '2023-12-11 13:42:38'),
(479, 'Delete the Fee by the name of FORM IV FIRST TERM HOSTEL FEES 2024, its id was 41', 50, '2023-12-11 13:42:59', '2023-12-11 13:42:59'),
(480, 'Delete the Fee by the name of FORM IV SECOND TERM SCHOOL FEES 2024, its id was 42', 50, '2023-12-11 13:43:05', '2023-12-11 13:43:05'),
(481, 'Delete the Fee by the name of FORM IV SECOND TERM HOSTEL FEES 2024, its id was 43', 50, '2023-12-11 13:43:10', '2023-12-11 13:43:10'),
(482, 'Create the fee by the name of FORM IV TERM HOSTEL FEES 2024', 50, '2023-12-11 13:44:17', '2023-12-11 13:44:17'),
(483, 'Create the fee by the name of FORM IV TERM SCHOOL FEES 2024', 50, '2023-12-11 13:45:03', '2023-12-11 13:45:03'),
(484, 'Create the fee by the name of FORM IV SECOND TERM SCHOOL FEES 2024', 50, '2023-12-11 13:46:48', '2023-12-11 13:46:48'),
(485, 'Create the fee by the name of FORM IV SECOND TERM SCHOOL AND HOSTEL FEES 2024', 50, '2023-12-11 13:47:41', '2023-12-11 13:47:41'),
(486, 'Fee edited from the name of FORM IV SECOND TERM SCHOOL FEES 2024 to FORM IV NEW COMER SECOND TERM SCHOOL FEES 2024', 50, '2023-12-11 13:50:08', '2023-12-11 13:50:08'),
(487, 'Fee edited from the name of FORM IV SECOND TERM SCHOOL AND HOSTEL FEES 2024 to FORM IV NEW COMER SECOND TERM SCHOOL AND HOSTEL FEES 2024', 50, '2023-12-11 13:50:35', '2023-12-11 13:50:35'),
(488, 'Create the fee by the name of FORM IV NEW COMER FIRST TERM SCHOOL FEES 2024', 50, '2023-12-11 13:52:03', '2023-12-11 13:52:03'),
(489, 'Create the fee by the name of FORM IV NEW COMER FIRST TERM HOSTEL FEES 2024', 50, '2023-12-11 13:54:56', '2023-12-11 13:54:56'),
(490, 'Create the fee by the name of FORM IV NEW COMER TERM HOSTEL FEES 2024', 50, '2023-12-11 13:56:12', '2023-12-11 13:56:12');

-- --------------------------------------------------------

--
-- Table structure for table `migrations`
--

CREATE TABLE `migrations` (
  `id` int(10) UNSIGNED NOT NULL,
  `migration` varchar(255) NOT NULL,
  `batch` int(11) NOT NULL
) ENGINE=InnoDB DEFAULT CHARSET=utf8mb4 COLLATE=utf8mb4_unicode_ci;

--
-- Dumping data for table `migrations`
--

INSERT INTO `migrations` (`id`, `migration`, `batch`) VALUES
(14, '2013_04_03_112002_create_roles_table', 1),
(15, '2014_10_12_000000_create_users_table', 1),
(16, '2014_10_12_100000_create_password_resets_table', 1),
(17, '2019_08_19_000000_create_failed_jobs_table', 1),
(18, '2019_12_14_000001_create_personal_access_tokens_table', 1),
(19, '2023_04_07_065632_create_levels_table', 1),
(25, '2023_04_07_143717_create_departments_table', 1),
(26, '2023_04_08_003814_create_staff_table', 1),
(27, '2023_04_07_072950_create_classrooms_table', 2),
(28, '2023_04_07_131510_create_grades_table', 2),
(29, '2023_04_12_184354_create_exams_table', 2),
(30, '2023_04_13_062129_create_parents_table', 3),
(31, '2023_04_14_080408_create_logs_table', 4),
(32, '2023_04_07_084452_create_subjects_table', 5),
(33, '2023_04_07_140537_create_fees_table', 6),
(34, '2023_04_21_174616_create_student_statuses_table', 7),
(37, '2023_04_07_084016_create_students_table', 8),
(38, '2023_10_12_154840_create_genders_table', 9),
(39, '2023_10_12_231119_create_relation_tos_table', 10),
(40, '2023_10_13_013052_create_admission_types_table', 11),
(41, '2023_10_13_020318_create_entry_types_table', 12),
(42, '2023_10_13_023345_create_health_statuses_table', 13),
(43, '2023_10_13_143350_create_exam_marks_table', 14),
(44, '2023_10_16_082242_create_change_marks_table', 15),
(45, '2023_10_17_065446_create_host_exam_marks_table', 16),
(46, '2023_10_17_065920_create_exam_hosts_table', 16),
(48, '2023_10_18_174716_create_fee_payments_table', 17),
(49, '2023_10_18_174750_create_duration_payments_table', 17),
(50, '2023_10_18_174430_create_fee_balances_table', 18),
(52, '2023_10_20_062058_create_deposit_slips_table', 19),
(54, '2023_10_22_031228_create_remove_fees_table', 20),
(56, '2023_10_23_091908_create_attendances_table', 21),
(57, '2023_10_24_205152_create_parent_statuses_table', 22),
(58, '2023_10_29_074823_create_courses_table', 23),
(59, '2023_11_13_072104_create_session_atendances_table', 24),
(60, '2023_11_25_042931_create_fee_statuses_table', 25);

-- --------------------------------------------------------

--
-- Table structure for table `parents`
--

CREATE TABLE `parents` (
  `id` bigint(20) UNSIGNED NOT NULL,
  `first_name` varchar(255) NOT NULL,
  `middle_name` varchar(255) NOT NULL,
  `last_name` varchar(255) NOT NULL,
  `gender` varchar(255) NOT NULL,
  `phone` varchar(255) NOT NULL,
  `photo` varchar(255) NOT NULL DEFAULT 'staff.png',
  `home_address` varchar(255) NOT NULL,
  `email` varchar(255) NOT NULL DEFAULT 'noemail',
  `occupation` varchar(255) NOT NULL,
  `nationality` varchar(255) NOT NULL,
  `index_no` varchar(255) NOT NULL DEFAULT 'noindex_no',
  `user_id` bigint(20) UNSIGNED NOT NULL,
  `created_at` timestamp NULL DEFAULT NULL,
  `updated_at` timestamp NULL DEFAULT NULL
) ENGINE=InnoDB DEFAULT CHARSET=utf8mb4 COLLATE=utf8mb4_unicode_ci;

--
-- Dumping data for table `parents`
--

INSERT INTO `parents` (`id`, `first_name`, `middle_name`, `last_name`, `gender`, `phone`, `photo`, `home_address`, `email`, `occupation`, `nationality`, `index_no`, `user_id`, `created_at`, `updated_at`) VALUES
(11, 'sample', 'parent', 'regist', '1', '0668448525', 'man.png', 'kigamboni', 'engrithom1@gmail.com', 'driver', 'Tanzanian', 'noindex_no', 3, '2023-11-19 22:56:59', '2023-11-19 22:56:59'),
(16, 'Dominick', 'Joseph', 'Mkai', '1', '0767865946', 'man.png', 'Kigamboni', 'no email', 'Business man', 'Tanzanian', 'noindex_no', 42, '2023-12-11 14:48:40', '2023-12-11 14:48:40'),
(17, 'Ilham', 'Hafidhi', 'Bashir', '2', '0753211152', 'man.png', 'Temeke', 'no email', 'Business Man', 'Tanzanian', 'noindex_no', 42, '2023-12-11 15:29:03', '2023-12-11 15:29:03'),
(18, 'Amina', 'Y', 'Bura', '2', '0754688468', 'man.png', 'Temeke', 'no email', 'Mjasilimia Mali', 'Tanzanian', 'noindex_no', 42, '2023-12-11 15:48:40', '2023-12-11 15:48:40'),
(19, 'Hamis', 'Ismail', 'Shabani', '1', '0714684869', 'man.png', 'Dar es salaam', 'no email', 'Mtumishi', 'Tanzanian', 'noindex_no', 42, '2023-12-11 16:19:35', '2023-12-11 16:19:35'),
(20, 'Rosemary', 'T', 'Mwinjuma', '2', '0715880210', 'man.png', 'Temeke', 'no email', 'Mtunza kumbukumbu', 'Tanzanian', 'noindex_no', 42, '2023-12-11 16:40:17', '2023-12-11 16:40:17'),
(21, 'Rehema', 'Joseph', 'Chitad', '2', '0755947747', 'man.png', 'Dar es salaam', 'no email', 'Mjasilimia mali', 'Tanzanian', 'noindex_no', 42, '2023-12-11 16:49:55', '2023-12-11 16:49:55'),
(22, 'DAUDI', 'JOSEPH', 'RUKANDA', '1', '0685882048', 'man.png', 'MWANZA', 'no email', 'DEREVA', 'TANZANIAN', 'noindex_no', 42, '2023-12-11 16:55:37', '2023-12-11 16:55:37'),
(23, 'ASIA', 'SELEMANI', 'MTIPA', '1', '0758994352', 'man.png', 'DAR ES SALAAM', 'no email', 'BUSINESS MAN', 'TANZANIAN', 'noindex_no', 42, '2023-12-11 17:04:05', '2023-12-11 17:04:05'),
(24, 'ABDALLAH', 'SALIM', 'ABDALLAH', '1', '0715564878', 'man.png', 'TABORA', 'no email', 'BUSINESS MAN', 'TANZANIAN', 'noindex_no', 42, '2023-12-11 17:10:27', '2023-12-11 17:10:27'),
(25, 'PATRICK', 'JOHN', 'MANYAMA', '1', '0653130677', 'man.png', 'DAR ES SALAAM', 'no email', 'OPERATORS', 'TANZANIAN', 'noindex_no', 42, '2023-12-11 17:15:36', '2023-12-11 17:15:36'),
(26, 'ADAM', 'HAMAD', 'MATEMELELA', '1', '0757558832', 'man.png', 'DAR ES SALAAM', 'no email', 'BUSINESS MAN', 'TANZANIAN', 'noindex_no', 42, '2023-12-11 17:21:42', '2023-12-11 17:21:42'),
(27, 'FIDESI', 'LUCAS', 'HAKIKA', '1', '0762719911', 'man.png', 'DAR ES SALAAM', 'no email', 'BUSINESS MAN', 'TANZANIAN', 'noindex_no', 42, '2023-12-11 17:26:35', '2023-12-11 17:26:35'),
(28, 'MBARAKA', 'BENDE', 'MBARAKA', '1', '0655049172', 'man.png', 'DAR ES SALAAM', 'no email', 'DEREVA', 'TANZANIAN', 'noindex_no', 42, '2023-12-11 17:30:51', '2023-12-11 17:30:51'),
(29, 'ABDALLAH', 'M', 'RUME', '1', '0689665897', 'man.png', 'SINGIDA', 'no email', 'DEREVA', 'TANZANIAN', 'noindex_no', 42, '2023-12-11 17:35:36', '2023-12-11 17:35:36'),
(30, 'ANNA', 'KAZIBURE', 'WAAKILY', '2', '0714535329', 'man.png', 'PWANI', 'no email', 'MTUMISHI', 'TANZANIAN', 'noindex_no', 42, '2023-12-11 17:40:51', '2023-12-11 17:40:51'),
(31, 'MSEKWA', 'ELIAZAR', 'JOLIGA', '1', '0765458973', 'man.png', 'DAR ES SALAAM', 'no email', 'MTUMISHI', 'TANZANIAN', 'noindex_no', 42, '2023-12-11 17:46:12', '2023-12-11 17:46:12'),
(32, 'VASCO', 'SOKO', 'VASCO', '1', '0783016200', 'man.png', 'DAR ES SALAAM', 'no email', 'MTUMISHI', 'TANZANIAN', 'noindex_no', 42, '2023-12-11 17:55:50', '2023-12-11 17:55:50'),
(33, 'RICHARD', 'JOSEPH', 'CHOAJI', '1', '0782726494', 'man.png', 'MTWARA', 'no email', 'BUSINESS MAN', 'TANZANIAN', 'noindex_no', 42, '2023-12-11 18:02:01', '2023-12-11 18:02:01'),
(34, 'JUDITH', 'JUSTICE', 'MGOHA', '2', '0693584207', 'man.png', 'DAR ES SALAAM', 'no email', 'BUSINESS WOMAN', 'TANZANIAN', 'noindex_no', 42, '2023-12-11 18:07:48', '2023-12-11 18:07:48'),
(35, 'JOHN', 'MSONGANZILA', 'MSONGANZILA', '1', '0713249196', 'man.png', 'DAR ES SALAAM', 'no email', 'MKULIMA', 'TANZANIAN', 'noindex_no', 42, '2023-12-11 18:11:50', '2023-12-11 18:11:50'),
(36, 'ASHA', 'SELEMAN', 'TUSSAKA', '2', '0655807613', 'man.png', 'SHINYANGA', 'no email', 'BUSINESS WOMAN', 'TANZANIAN', 'noindex_no', 42, '2023-12-12 16:34:19', '2023-12-12 16:34:19'),
(37, 'FRANCIS', 'SEMPINDU', 'SEMPINDU', '1', '0715307945', 'man.png', 'DAR ES SALAAM', 'no email', 'BUSINESS MAN', 'TANZANIAN', 'noindex_no', 42, '2023-12-12 16:41:47', '2023-12-12 16:41:47'),
(38, 'HALIMA', 'B', 'MASOUD', '2', '0713761800', 'man.png', 'SINGIDA', 'no email', 'BUSINESS WOMAN', 'TANZANIAN', 'noindex_no', 42, '2023-12-12 16:49:36', '2023-12-12 16:49:36'),
(39, 'REHEMA', 'SALUMU', 'YAHAYA', '2', '0652125770', 'man.png', 'MOROGORO', 'no email', 'BUSINESS WOMAN', 'TANZANIAN', 'noindex_no', 42, '2023-12-13 12:58:10', '2023-12-13 12:58:10'),
(40, 'JOSEPH', 'CLEMENT', 'DAMIAN', '1', '0675761589', 'man.png', 'DAR ES SALAAM', 'no email', 'MTUMISHI', 'TANZANIAN', 'noindex_no', 42, '2023-12-13 13:04:46', '2023-12-13 13:04:46'),
(41, 'MARIA', 'MICHAEL', 'MARKO', '2', '0678218326', 'man.png', 'MWANZA', 'no email', 'BUSINESS WOMAN', 'TANZANIAN', 'noindex_no', 42, '2023-12-13 13:32:36', '2023-12-13 13:32:36'),
(42, 'AMON', 'EPHRAIM', 'ASIMBINGWE', '1', '0718798166', 'man.png', 'DAR ES SALAAM', 'no email', 'MTUMISHI', 'TANZANIAN', 'noindex_no', 42, '2023-12-13 13:39:33', '2023-12-13 13:39:33'),
(43, 'PRISCA', 'G', 'SNKONDE', '2', '0755404050', 'man.png', 'DAR ES SALAAM', 'no email', 'BUSINESS WOMAN', 'ANZANIAN', 'noindex_no', 42, '2023-12-13 13:44:09', '2023-12-13 13:44:09'),
(44, 'NURU', 'SULEYMAN', 'NG\'ANG\'ISE', '2', '0655141381', 'man.png', 'DAR ES SALAAM', 'no email', 'BUSINESS WOMAN', 'TANZANIAN', 'noindex_no', 42, '2023-12-13 13:49:00', '2023-12-13 13:49:00'),
(45, 'HADIJA', 'S', 'HAMISI', '2', '0787124035', 'man.png', 'DAR ES SALAAM', 'no email', 'BUSINESS WOMAN', 'TANZANIAN', 'noindex_no', 42, '2023-12-13 14:00:40', '2023-12-13 14:00:40'),
(46, 'HADIJA', 'S', 'HAMISI', '2', '0787124035', 'man.png', 'DAR ES SALAAM', 'no email', 'BUSINESS WOMAN', 'TANZANIAN', 'noindex_no', 42, '2023-12-13 14:00:40', '2023-12-13 14:00:40'),
(47, 'REBECCA', 'MESANGA', 'MATIKO', '2', '0754988820', 'man.png', 'DAR ES SALAAM', 'no email', 'MTUMISHI', 'TANZANIAN', 'noindex_no', 42, '2023-12-13 14:09:13', '2023-12-13 14:09:13'),
(48, 'NICODEMAS', 'N', 'MTAITA', '1', '0752132206', 'man.png', 'ZANZIBAR', 'no email', 'BUSINESS MAN', 'TANZANIAN', 'noindex_no', 42, '2023-12-13 14:14:54', '2023-12-13 14:14:54'),
(49, 'HAMADI', 'HATIBU', 'HAMADI', '1', '0712007899', 'man.png', 'DAR ES SALAAM', 'no email', 'MTUMISHI', 'TANZANIAN', 'noindex_no', 42, '2023-12-13 14:19:16', '2023-12-13 14:19:16'),
(50, 'AMAN', 'MSIBALILE', 'BEGA', '1', '0783265131', 'man.png', 'DAR ES SALAAM', 'no email', 'BUSINESS MAN', 'TANZANIAN', 'noindex_no', 42, '2023-12-13 14:23:42', '2023-12-13 14:23:42'),
(51, 'PHILEMON', 'HASTING\'S', 'RUPIA', '1', '0756511456', 'man.png', 'DAR ES SALAAM', 'no email', 'TECHNICIAN', 'TANZANIAN', 'noindex_no', 42, '2023-12-13 14:27:41', '2023-12-13 14:27:41'),
(52, 'GEORGE', 'DAUD', 'MMBA', '1', '0656673578', 'man.png', 'DAR ES SALAAM', 'no email', 'BUSINESS MAN', 'TANZANIAN', 'noindex_no', 42, '2023-12-13 14:32:35', '2023-12-13 14:32:35'),
(53, 'MOSHI', 'SALEHE', 'SANGA', '1', '0692552514', 'man.png', 'MOROGORO', 'no email', 'BUSINESS MAN', 'TANZANIAN', 'noindex_no', 42, '2023-12-13 14:38:29', '2023-12-13 14:38:29'),
(54, 'GAUDENSI', 'B', 'S', '2', '0687702355', 'man.png', 'DAR ES SALAAM', 'no email', 'BUSINESSWOMAN', 'TANZANIAN', 'noindex_no', 42, '2023-12-13 14:43:00', '2023-12-13 14:43:00'),
(55, 'SAID', 'SAID', 'KEMANAE', '1', '0778453834', 'man.png', 'SINGIDA', 'no email', 'MTUMISHI', 'TANZANIAN', 'noindex_no', 42, '2023-12-13 14:47:49', '2023-12-13 14:47:49'),
(56, 'NSWAGI', 'LUMWECHA', 'MASAI', '1', '0715182264', 'man.png', 'MWANZA', 'no email', 'MKULIMA', 'TANZANIAN', 'noindex_no', 42, '2023-12-13 14:54:41', '2023-12-13 14:54:41'),
(57, 'YUSTER', 'MARIO', 'NZIKU', '2', '0763974385', 'man.png', 'SONGWE', 'no email', 'MKULIMA', 'TANZANIAN', 'noindex_no', 42, '2023-12-14 12:44:37', '2023-12-14 12:44:37'),
(58, 'MWANAMIMI', 'ALLY', 'SALUM', '2', '0784062717', 'man.png', 'DAR ES SALAAM', 'no email', 'MHUZINI', 'TANZANIAN', 'noindex_no', 42, '2023-12-14 12:50:37', '2023-12-14 12:50:37'),
(59, 'MAIMUNA', 'J', 'RUKANDA', '2', '0743856820', 'man.png', 'MWANZA', 'no email', 'BUSINESS WOMAN', 'TANZANIAN', 'noindex_no', 42, '2023-12-14 15:22:17', '2023-12-14 15:22:17'),
(60, 'IMELIDA', 'MTENDA', 'MAKAMUA', '2', '0719561773', 'man.png', 'MOROGORO', 'no email', 'BUSINESS WOMAN', 'TANZANIAN', 'noindex_no', 42, '2023-12-14 15:49:51', '2023-12-14 15:49:51'),
(61, 'JACOB', 'W', 'CHIKUSI', '1', '0686002038', 'man.png', 'DODOMA', 'no email', 'BUSINESS MAN', 'TANZANIAN', 'noindex_no', 42, '2023-12-14 16:32:57', '2023-12-14 16:32:57'),
(62, 'DANIEL', 'CHARLES', 'DANIEL', '1', '0789948221', 'man.png', 'KIGOMA', 'no email', 'MKULIMA', 'TANZANIAN', 'noindex_no', 42, '2023-12-14 16:52:40', '2023-12-14 16:52:40'),
(63, 'CHANDE', 'MATUNGA', 'CHANDE', '1', '0783565650', 'man.png', 'DAR ES SALAAM', 'no email', 'BUSINESS MAN', 'TANZANIAN', 'noindex_no', 42, '2023-12-14 17:01:58', '2023-12-14 17:01:58'),
(64, 'MWAMVITA', 'KASSIM', 'ZINGA', '2', '0685352676', 'man.png', 'DAR ES SALAAM', 'no email', 'MTUMISHI', 'TANZANIAN', 'noindex_no', 42, '2023-12-14 17:05:43', '2023-12-14 17:05:43'),
(65, 'MUSTAFA', 'SELEMANI', 'MTENGA', '1', '0715475600', 'man.png', 'TEMEKE', 'no email', 'DRILLER', 'TANZANIAN', 'noindex_no', 42, '2024-01-19 10:05:10', '2024-01-19 10:05:10'),
(66, 'ORRIO', 'MANFRED', 'NG\'ORO', '1', '0718166722', 'man.png', 'DODOMA', 'no email', 'BUSINESS MAN', 'TANZANIAN', 'noindex_no', 42, '2024-01-19 10:29:59', '2024-01-19 10:29:59'),
(67, 'HEMEDI', 'KASSIM', 'NDAMBWE', '1', '0718543885', 'man.png', 'TEMEKE', 'no email', 'BUSSINES MAN', 'TANZANIAN', 'noindex_no', 39, '2024-01-19 10:50:38', '2024-01-19 10:50:38'),
(68, 'TRYPHONE', 'SEVERINO', 'SILANDA', '1', '0787019045', 'man.png', 'MBAGALA', 'no email', 'RETIRED SOLDIER', 'TANZANIA', 'noindex_no', 39, '2024-01-19 12:06:56', '2024-01-19 12:06:56'),
(69, 'WINIFRIDA', 'JOHN', 'KENETH', '2', '0657552067', 'man.png', 'TABATA', 'no email', 'BUSSINESS WOMEN', 'TANZANIA', 'noindex_no', 39, '2024-01-19 12:16:02', '2024-01-19 12:16:02'),
(70, 'HAWA', 'YAHEYA', 'JUMA', '2', '0713997693', 'man.png', 'MBAGALA', 'no email', 'MFANYABIHASHARA', 'TANZANIA', 'noindex_no', 39, '2024-01-19 12:23:38', '2024-01-19 12:23:38'),
(71, 'UPENDO', 'SHABANI', 'MAGOMBA', '2', '0689957738', 'man.png', 'MBAGALA', 'no email', 'MFANYABIHASHARA', 'TANZANIA', 'noindex_no', 39, '2024-01-19 12:31:26', '2024-01-19 12:31:26'),
(72, 'NIETIWE', 'MOHAMED', 'MBWAMBO', '2', '0623857820', 'man.png', 'TEMEKE', 'no email', 'MFANYABIHASHARA', 'TANZANIA', 'noindex_no', 39, '2024-01-19 12:33:34', '2024-01-19 12:33:34'),
(73, 'HAPPYNESS', 'OSWARD', 'MALUGELO', '2', '0755076393', 'man.png', 'MBEZI', 'no email', 'DAKTARI', 'TANZANIA', 'noindex_no', 39, '2024-01-19 12:49:46', '2024-01-19 12:49:46'),
(74, 'PASCHAL', 'ROGATHA', 'MASSENGE', '1', '0714120000', 'man.png', 'TEMEKE', 'no email', 'MWALIMU', 'TANZANIA', 'noindex_no', 39, '2024-01-19 12:58:04', '2024-01-19 12:58:04'),
(75, 'AWESO', 'OMARY', 'CHAZUA', '1', '0719373097', 'man.png', 'TEMEKE', 'no email', 'MSTAAFU', 'TANZANIA', 'noindex_no', 39, '2024-01-19 13:07:12', '2024-01-19 13:07:12'),
(76, 'MAIMUNA', 'RAJABU', 'GONGOLO', '2', '0713310383', 'man.png', 'TEMEKE', 'no email', 'MFANYABISHARA', 'TANZANIA', 'noindex_no', 39, '2024-01-19 13:14:19', '2024-01-19 13:14:19'),
(77, 'KHADIJA', 'ALLY', 'TIKI', '2', '0686160332', 'man.png', 'TEMEKE', 'no email', 'MFANYABIHASHARA', 'TANZANIA', 'noindex_no', 39, '2024-01-19 13:23:23', '2024-01-19 13:23:23'),
(78, 'JUDITH', 'JOSEPH', 'MAGESA', '2', '0768202020', 'man.png', 'KIGAMBONI', 'no email', 'MJASILIAMALI', 'TANZANIA', 'noindex_no', 39, '2024-01-19 13:53:11', '2024-01-19 13:53:11'),
(79, 'TULIPO', 'GABRIEL', 'MWELEKE', '2', '0755415582', 'man.png', 'TEMEKE', 'no email', 'IT', 'TANZANIA', 'noindex_no', 39, '2024-01-19 14:09:52', '2024-01-19 14:09:52'),
(80, 'BONIFACE', 'MUSHI', 'SHIRIMA', '2', '0658005039', 'man.png', 'PWANI', 'no email', 'KCVC', 'TANZANIA', 'noindex_no', 39, '2024-01-19 14:18:28', '2024-01-19 14:18:28'),
(81, 'MASOUD', 'BARUANI', 'MASOUD', '1', '0710611108', 'man.png', 'CHANIKA', 'no email', 'MJASIRIAMALI', 'TANZANIA', 'noindex_no', 39, '2024-01-19 14:30:15', '2024-01-19 14:30:15'),
(82, 'SOUKAINA', 'HASSAN', 'GULAMSEN', '2', '0769168874', 'man.png', 'PUGU', 'no email', 'MFANYABIHASHARA', 'TANZANIA', 'noindex_no', 39, '2024-01-19 14:41:40', '2024-01-19 14:41:40'),
(83, 'MUNIRA', 'MOHAMED', 'ABDALLAH', '2', '0657043025', 'man.png', 'TEMEKE', 'no email', 'MJASILIAMALI', 'TANZANIA', 'noindex_no', 39, '2024-01-19 14:52:11', '2024-01-19 14:52:11'),
(84, 'THERESIA', 'COSMAS', 'BAKASHAYA', '2', '0765781414', 'man.png', 'KISASA', 'no email', 'MUHASIBU', 'TANZANIA', 'noindex_no', 39, '2024-01-19 15:04:29', '2024-01-19 15:04:29'),
(85, 'SEMU', 'SAULI', 'MWAKYANJALA', '1', '0658666667', 'man.png', 'CHANIKA', 'no email', 'MENEJA', 'TANZANIA', 'noindex_no', 39, '2024-01-19 15:10:05', '2024-01-19 15:10:05'),
(86, 'LUSEKELO', 'CAMEROON', 'MARIA', '1', '0759114343', 'man.png', 'TEMEKE', 'no email', 'MFANYABIHASHARA', 'TANZANIA', 'noindex_no', 39, '2024-01-19 15:18:49', '2024-01-19 15:18:49'),
(87, 'REHEMA', 'MOHAMED', 'MHITA', '2', '0657998935', 'man.png', 'KONGOWE', 'no email', 'MWALIMU', 'TANZANIA', 'noindex_no', 39, '2024-01-19 16:47:41', '2024-01-19 16:47:41'),
(88, 'GEORGE', 'NYONDO', 'HAULE', '1', '0718162931', 'man.png', 'KIGAMBONI', 'no email', 'ASKARI', 'TANZANIA', 'noindex_no', 39, '2024-01-19 16:51:31', '2024-01-19 16:51:31'),
(89, 'CHRISTINER', 'HENRY', 'KADEGE', '2', '0625553093', 'man.png', 'KIGAMBONI', 'no email', 'MJASILIAMALI', 'TANZANIA', 'noindex_no', 39, '2024-01-19 17:00:43', '2024-01-19 17:00:43'),
(90, 'KHAMIS', 'RAJABU', 'MSIMBA', '1', '0654839615', 'man.png', 'SEGEREA', 'no email', 'MFANYABIHASHALA', 'TANZANIA', 'noindex_no', 39, '2024-01-19 17:11:35', '2024-01-19 17:11:35'),
(91, 'ASYA', 'IBRAHIM', 'OTHMAN', '2', '0776830442', 'man.png', 'MBAGALA', 'no email', 'MWALIMU', 'TANZANIA', 'noindex_no', 39, '2024-01-19 17:16:29', '2024-01-19 17:16:29'),
(92, 'ABBAS', 'EBRAHIM', 'MKETTO', '1', '0752272752', 'man.png', 'TOANGOMA', 'no email', 'TPDF', 'TANZANIA', 'noindex_no', 39, '2024-01-19 17:20:42', '2024-01-19 17:20:42'),
(93, 'JOAKIM', 'JEREMANO', 'MALIETA', '1', '0692521271', 'man.png', 'KIGAMBONI', 'no email', 'MFANYABIHASHARA', 'TANZANIA', 'noindex_no', 39, '2024-01-19 17:24:39', '2024-01-19 17:24:39'),
(94, 'MWANZANI', 'A.', 'MKAMBA', '2', '0655532299', 'man.png', 'MBEZI', 'no email', 'MWALIMU', 'TANZANIA', 'noindex_no', 39, '2024-01-22 09:59:43', '2024-01-22 09:59:43'),
(95, 'ROBERT', 'ALFAXARD', 'MABUSI', '1', '0655480806', 'man.png', 'GONGOLAMBOTO', 'no email', 'MWALIMU', 'TANZANIA', 'noindex_no', 39, '2024-01-22 10:03:29', '2024-01-22 10:03:29'),
(96, 'JAMES', 'JONATHAN', 'GANISYA', '1', '0655072629', 'man.png', 'KIGAMBONI', 'no email', 'MKULIMA', 'TANZANIA', 'noindex_no', 39, '2024-01-22 10:11:51', '2024-01-22 10:11:51'),
(97, 'YUSUPH', 'SELEMANI', 'MJEMA', '1', '0782276355', 'man.png', 'KIGAMBONI', 'no email', 'MJASILIAMALI', 'TANZANIA', 'noindex_no', 39, '2024-01-22 10:15:01', '2024-01-22 10:15:01'),
(98, 'HADIJA', 'SAID', 'MAKACHA', '2', '0688141623', 'man.png', 'CHAMANZI', 'no email', 'MJASILIAMALI', 'TANZANIA', 'noindex_no', 39, '2024-01-22 10:18:20', '2024-01-22 10:18:20'),
(99, 'ASHURA', 'ABDU', 'BAREKAO', '2', '0717668876', 'man.png', 'MAJIMATITU', 'no email', 'MJASILIAMALI', 'TANZANIA', 'noindex_no', 39, '2024-01-22 10:21:21', '2024-01-22 10:21:21'),
(100, 'JUMANNE', 'SELEMANI', 'DUDE', '1', '0717207698', 'man.png', 'MACHIMBO', 'no email', 'MKULIMA', 'TANZANIA', 'noindex_no', 39, '2024-01-22 10:25:23', '2024-01-22 10:25:23'),
(101, 'KHADIJA', 'JUMA', 'CHOLE', '2', '0692480506', 'man.png', 'MBAGALA KUU', 'no email', 'MKULIMA', 'TANZANIA', 'noindex_no', 39, '2024-01-22 10:29:22', '2024-01-22 10:29:22'),
(102, 'HAMAD', 'EMMANUEL', 'KADUDU', '1', '0766127461', 'man.png', 'MANZESE', 'no email', 'MFUGAJI', 'TANZANIA', 'noindex_no', 39, '2024-01-22 10:33:08', '2024-01-22 10:33:08'),
(103, 'ROSEMARY', 'JOHN', 'JAMES', '2', '0780091361', 'man.png', 'MBAGALA KUU', 'no email', 'MJASILIAMALI', 'TANZANIA', 'noindex_no', 39, '2024-01-22 10:38:20', '2024-01-22 10:38:20'),
(104, 'CATHERINE', 'GAITAN', 'WIHANZI', '2', '0765636022', 'man.png', 'MBAGALA', 'no email', 'MJASILIAMALI', 'TANZANIA', 'noindex_no', 39, '2024-01-22 10:47:41', '2024-01-22 10:47:41'),
(105, 'HANIPHA', 'D', 'MAZZI', '2', '0715570136', 'man.png', 'SAKU', 'no email', 'ENTREPRENEUR', 'TANZANIA', 'noindex_no', 39, '2024-01-22 10:57:03', '2024-01-22 10:57:03'),
(106, 'PIUS', 'LUJO', 'ALEX', '1', '0782747979', 'man.png', 'KIGAMBONI', 'no email', 'DEREVA', 'TANZANIA', 'noindex_no', 39, '2024-01-22 12:24:34', '2024-01-22 12:24:34'),
(107, 'TABIA', 'ALLY', 'MCHAKAMA', '2', '0713646332', 'man.png', 'TOANGOMA', 'no email', 'MWALIMU', 'TANZANIA', 'noindex_no', 39, '2024-01-22 12:29:10', '2024-01-22 12:29:10'),
(108, 'MOHAMEDI', 'ABDALLAH', 'MAYOLA', '1', '0718883653', 'man.png', 'TAMBANI', 'no email', 'MJASILIAMALI', 'TANZANIA', 'noindex_no', 39, '2024-01-22 12:36:43', '2024-01-22 12:36:43'),
(109, 'PILI', 'SELEMANI', 'SULTAN', '2', '0715407741', 'man.png', 'MAJOHE', 'no email', 'MFANYABIHASHARA', 'TANZANIA', 'noindex_no', 39, '2024-01-22 12:46:25', '2024-01-22 12:46:25'),
(110, 'KAONI', 'ELIAPENDA', 'CHALO', '2', '0685033944', 'man.png', 'TABATA', 'no email', 'MFANYABIHASHARA', 'TANZANIA', 'noindex_no', 39, '2024-01-22 12:53:30', '2024-01-22 12:53:30'),
(111, 'ASMA', 'MOHAMED', 'MJIM', '2', '0653471540', 'man.png', 'CHANIKA', 'no email', 'MJASILIAMALI', 'TANZANIA', 'noindex_no', 39, '2024-01-22 13:08:27', '2024-01-22 13:08:27'),
(112, 'JOSEPHINE', 'DOMINIC', 'TEMBA', '2', '0654548880', 'man.png', 'MBEZI MAKONDE', 'no email', 'MFANYABIHASHARA', 'TANZANIA', 'noindex_no', 39, '2024-01-22 13:19:03', '2024-01-22 13:19:03'),
(113, 'HAMISI', 'HAJI', 'BAKARI', '1', '0655401778', 'man.png', 'MBAGALA KUU', 'no email', 'MWALIMU', 'TANZANIA', 'noindex_no', 39, '2024-01-22 13:24:13', '2024-01-22 13:24:13'),
(114, 'YUSUPH', 'BASHIRI', 'MIRANGA', '1', '0756078055', 'man.png', 'KIGAMBONI', 'no email', 'MKULIMA', 'TANZANIA', 'noindex_no', 39, '2024-01-22 14:11:02', '2024-01-22 14:11:02'),
(115, 'ANITHETI', 'PANGLAS', 'MBUNDA', '1', '0654321866', 'man.png', 'MBAGALA KIZUIANI', 'no email', 'DOCTAR', 'TANZANIA', 'noindex_no', 39, '2024-01-22 14:14:55', '2024-01-22 14:14:55'),
(116, 'WARDA', 'YASSIN', 'KAIMU', '2', '0692231041', 'man.png', 'KIJICHI', 'no email', 'MWASIBU', 'TANZANIA', 'noindex_no', 39, '2024-01-22 14:18:56', '2024-01-22 14:18:56'),
(117, 'HABIBA', 'ABUBAKARY', 'CHAGAMBA', '2', '0718919271', 'man.png', 'KIJICHI', 'no email', 'DIWANI', 'TANZANIA', 'noindex_no', 39, '2024-01-22 14:22:29', '2024-01-22 14:22:29'),
(118, 'FROLA', 'FRANK', 'MAHINYA', '2', '0682292009', 'man.png', 'MBEZI', 'no email', 'MFANYABIHASHARA', 'TANZANIA', 'noindex_no', 39, '2024-01-22 14:25:57', '2024-01-22 14:25:57'),
(119, 'RAJABU', 'KITWANA', 'RAJABU', '1', '0789398562', 'man.png', 'KIGAMBONI', 'no email', 'BIHASHARA', 'TANZANIA', 'noindex_no', 39, '2024-01-22 14:30:15', '2024-01-22 14:30:15'),
(120, 'DORAH', 'HAKIEL', 'MZAZI', '2', '0713428800', 'man.png', 'TEMEKE', 'no email', 'BIHASHARA', 'TANZANIA', 'noindex_no', 39, '2024-01-22 14:33:43', '2024-01-22 14:33:43'),
(121, 'EMMANUEL', 'THADEI', 'MANGAYA', '1', '0713436351', 'man.png', 'TEMEKE', 'no email', 'MFUGAJI', 'TANZANIA', 'noindex_no', 39, '2024-01-22 14:37:59', '2024-01-22 14:37:59'),
(122, 'ABDALLAH', 'OMARI', 'KALAGE', '1', '0711462200', 'man.png', 'MBAGALA', 'no email', 'MUASIBU', 'TANZANIA', 'noindex_no', 39, '2024-01-22 14:48:58', '2024-01-22 14:48:58'),
(123, 'MARTHA', 'YUSUPH', 'SHEMNDOLWA', '2', '0625486434', 'man.png', 'KIGAMBONI', 'no email', 'BIHASHARA', 'TANZANIA', 'noindex_no', 39, '2024-01-22 14:55:37', '2024-01-22 14:55:37'),
(124, 'FLORENCE', 'EMPHRAIM', 'F', '1', '0715484258', 'man.png', 'YOMBO', 'no email', 'BIHASHARA', 'TANZANIA', 'noindex_no', 39, '2024-01-22 15:02:12', '2024-01-22 15:02:12'),
(125, 'ABDALLAH', 'RAJABU', 'HAMISI', '1', '0782787442', 'man.png', 'UBUNGO', 'no email', 'BIASHARA', 'TANZANIA', 'noindex_no', 39, '2024-01-22 15:05:53', '2024-01-22 15:05:53'),
(126, 'EMMANUEL', 'SHANI', 'KIULA', '1', '0762242779', 'man.png', 'BUNJU', 'no email', 'BIHASHARA', 'TANZANIA', 'noindex_no', 39, '2024-01-22 15:09:24', '2024-01-22 15:09:24'),
(127, 'NEEMA', 'JOSEPH', 'MWANDAMBO', '2', '0657603621', 'man.png', 'MBAGALA', 'no email', 'BIHASHARA', 'TANZANIA', 'noindex_no', 39, '2024-01-22 15:12:31', '2024-01-22 15:12:31'),
(128, 'LIUNJA', 'TINDWA', 'A', '1', '0715323083', 'man.png', 'KIGAMBONI', 'no email', 'BIHASHARA', 'TANZANIA', 'noindex_no', 39, '2024-01-22 16:28:19', '2024-01-22 16:28:19'),
(129, 'KESSY', 'OMARY', 'M', '2', '0684233229', 'man.png', 'BUGURUNI', 'no email', 'BIHASHARA', 'TANZANIA', 'noindex_no', 39, '2024-01-22 16:32:08', '2024-01-22 16:32:08'),
(130, 'HAMISI', 'CHUMA', 'MWANDENUKA', '1', '0754842046', 'man.png', 'TEMEKE', 'no email', 'BIHASHARA', 'TANZANIA', 'noindex_no', 39, '2024-01-22 16:47:11', '2024-01-22 16:47:11'),
(131, 'GEOFREY', 'RAPHAEL', 'GIWARO', '1', '0784270139', 'man.png', 'TABATA', 'no email', 'MHASIBU', 'TANZANIA', 'noindex_no', 39, '2024-01-22 16:52:36', '2024-01-22 16:52:36'),
(132, 'HASHIM', 'HASSAN', 'RAJABU', '1', '0713996202', 'man.png', 'MTWARA', 'no email', 'MHANDISI', 'TANZANIA', 'noindex_no', 39, '2024-01-22 16:58:07', '2024-01-22 16:58:07'),
(133, 'BEN', 'UNDULE', 'MWABULAMBO', '1', '0655434231', 'man.png', 'TEMEKE', 'no email', 'BIHASHARA', 'TANZANIA', 'noindex_no', 39, '2024-01-22 17:01:16', '2024-01-22 17:01:16'),
(134, 'YOHANA', 'KEPHA', 'ULANGA', '1', '0682755285', 'man.png', 'TEMEKE', 'no email', 'BIHASHARA', 'TANZANIA', 'noindex_no', 39, '2024-01-22 17:05:20', '2024-01-22 17:05:20'),
(135, 'LYDIA', 'ANTHONY', 'NTIKHELA', '2', '0719318955', 'man.png', 'TEMEKE', 'no email', 'TPDF', 'TANZANIA', 'noindex_no', 39, '2024-01-22 17:08:33', '2024-01-22 17:08:33'),
(136, 'OMARI', 'JUMA', 'MGENI', '1', '0782208866', 'man.png', 'TEMEKE', 'no email', 'DEREVA', 'TANZANIA', 'noindex_no', 39, '2024-01-22 17:11:36', '2024-01-22 17:11:36'),
(137, 'ROSE', 'EMMANUEL', 'NYAMWANJI', '2', '0652165415', 'man.png', 'TEMEKE', 'no email', 'MWALIMU', 'TANZANIA', 'noindex_no', 39, '2024-01-22 17:22:37', '2024-01-22 17:22:37'),
(138, 'HAMISI', 'MASANA', 'F', '1', '0783529734', 'man.png', 'KIGAMBONI', 'no email', 'POLICE', 'TANZANIA', 'noindex_no', 39, '2024-01-22 17:26:52', '2024-01-22 17:26:52'),
(139, 'DISMAS', 'LYANGA', 'V', '1', '0718945353', 'man.png', 'MBAGALA', 'no email', 'BIHASHARA', 'TANZANIA', 'noindex_no', 39, '2024-01-22 17:31:35', '2024-01-22 17:31:35'),
(140, 'WILBERT', 'S', 'MDUMA', '1', '0625556010', 'man.png', 'CHAMANZI', 'no email', 'AFISA ARDHI', 'TANZANIA', 'noindex_no', 39, '2024-01-22 17:42:50', '2024-01-22 17:42:50'),
(141, 'VAILETH', 'ULOMI', 'A', '2', '0763552220', 'man.png', 'ARUSHA', 'no email', 'BISHARAHA', 'TANZANIA', 'noindex_no', 39, '2024-01-22 17:48:47', '2024-01-22 17:48:47'),
(142, 'ADELLAH', 'DANIELY', 'KITALY', '2', '0686767446', 'man.png', 'ARUSHA', 'no email', 'BIHASHARA', 'TANZANIA', 'noindex_no', 39, '2024-01-22 17:57:22', '2024-01-22 17:57:22'),
(143, 'ABDALLAH', 'MSHAMU', 'MWANGU', '1', '0782111309', 'man.png', 'KONGOE', 'no email', 'BIASHARA', 'TANZANIA', 'noindex_no', 39, '2024-01-25 10:06:04', '2024-01-25 10:06:04'),
(144, 'MWANAHAMIS', 'YUSUPH', 'KOMBO', '2', '0714426565', 'man.png', 'KIVULE', 'no email', 'BIASHARA', 'TANZANIA', 'noindex_no', 39, '2024-01-25 10:10:38', '2024-01-25 10:10:38'),
(145, 'OMBENI', 'BARIKIERI', 'MSUYA', '1', '0718614685', 'man.png', 'KONGOWE', 'no email', 'MWALIMU', 'TANZANIA', 'noindex_no', 39, '2024-01-25 10:21:45', '2024-01-25 10:21:45'),
(146, 'COLMAN', 'PASCHAL', 'MBOYA', '1', '0718859635', 'man.png', 'KIGAMBONI', 'no email', 'BIHASHARA', 'TANZANIA', 'noindex_no', 39, '2024-01-25 10:26:22', '2024-01-25 10:26:22'),
(147, 'YASSIN', 'MCHONDO', 'Y', '1', '0788658585', 'man.png', 'KIBAHA', 'no email', 'TANESCO', 'TANZANIA', 'noindex_no', 39, '2024-01-25 10:32:01', '2024-01-25 10:32:01'),
(148, 'ROSEMARY', 'ELIMRINGI', 'KIMAMBO', '2', '0683676764', 'man.png', 'KEKO JUU', 'no email', 'BIHASHARA', 'TANZANIA', 'noindex_no', 39, '2024-01-25 10:36:14', '2024-01-25 10:36:14'),
(149, 'ABDALLAH', 'MAFUTAH', 'A', '1', '0621828282', 'man.png', 'MTONGANI', 'no email', 'BIHASHARA', 'TANZANIA', 'noindex_no', 39, '2024-01-25 10:45:03', '2024-01-25 10:45:03'),
(150, 'BARAKA', 'ERNEST', 'JOHN', '1', '0652632197', 'man.png', 'TEMEKE', 'no email', 'BIASHARA', 'TANZANIA', 'noindex_no', 39, '2024-01-25 10:51:11', '2024-01-25 10:51:11'),
(151, 'MWANAIDI', 'ABDALLAH', 'MBATO', '2', '0682711282', 'man.png', 'MBAGALA KILUNGULE', 'no email', 'BIHASHARA', 'TANZANIA', 'noindex_no', 39, '2024-01-25 12:19:40', '2024-01-25 12:19:40'),
(152, 'MPELEMBE', 'AUSI', 'S', '1', '0718097107', 'man.png', 'KIJICHI', 'no email', 'BIHASHARA', 'TANZANIA', 'noindex_no', 39, '2024-01-25 12:27:05', '2024-01-25 12:27:05'),
(153, 'MOZA', 'AMANI', 'MWANYINGILI', '2', '0755372447', 'man.png', 'BUZA', 'no email', 'AFISA ELIMU', 'TANZANIA', 'noindex_no', 39, '2024-01-25 12:31:59', '2024-01-25 12:31:59'),
(154, 'MATHERINA', 'ANDREA', 'ISMAIL', '2', '0714578119', 'man.png', 'VINGUNGUTI', 'no email', 'BIHASHARA', 'TANZANIA', 'noindex_no', 39, '2024-01-25 12:57:48', '2024-01-25 12:57:48'),
(155, 'BIBIE', 'SAID', 'MCHAKACHA', '2', '0692612123', 'man.png', 'MTONGANI', 'no email', 'BIHASHARA', 'TANZANIA', 'noindex_no', 39, '2024-01-25 13:06:01', '2024-01-25 13:06:01'),
(156, 'NELSON', 'KASELA', 'KISHASHU', '1', '0772986639', 'man.png', 'KIWALANI', 'no email', 'BIHASHARA', 'TANZANIA', 'noindex_no', 39, '2024-01-25 13:11:05', '2024-01-25 13:11:05'),
(157, 'DEV', 'MWAKYUSA', 'B', '1', '0718197789', 'man.png', 'KURASINI', 'no email', 'POLICE', 'TANZANIA', 'noindex_no', 39, '2024-01-25 13:42:32', '2024-01-25 13:42:32'),
(158, 'AYUOB', 'MOUKIWA', 'ATHUMANI', '1', '0718913525', 'man.png', 'TAIFA', 'no email', 'BIASHARA', 'TANZANIA', 'noindex_no', 39, '2024-01-25 14:28:33', '2024-01-25 14:28:33'),
(159, 'JUMA', 'JOHN', 'B', '1', '0656648585', 'man.png', 'KIJICHI', 'no email', 'SHELY', 'TANZANIA', 'noindex_no', 39, '2024-01-25 14:36:23', '2024-01-25 14:36:23'),
(160, 'MOSHI', 'MSAFILI', 'GONZA', '2', '0653533323', 'man.png', 'MBAGALA', 'no email', 'DEREVA', 'TANZANIA', 'noindex_no', 39, '2024-01-25 14:48:06', '2024-01-25 14:48:06'),
(161, 'AMAN', 'SHAQSI', 'L', '1', '0653844401', 'man.png', 'POLICE UFUNDI', 'no email', 'POLICE', 'TANZANIA', 'noindex_no', 39, '2024-01-25 14:55:57', '2024-01-25 14:55:57'),
(162, 'KADUMA', 'DICKSON', 'MALAMO', '1', '0658090838', 'man.png', 'YOMBO VITUKA', 'no email', 'SOLDIER', 'TANZANIA', 'noindex_no', 39, '2024-01-25 15:04:22', '2024-01-25 15:04:22'),
(163, 'RAMADHANI', 'KHAMISI', 'MIKUMUO', '1', '0783638361', 'man.png', 'MBANDE', 'no email', 'SHEKH', 'TANZANIA', 'noindex_no', 39, '2024-01-25 15:16:11', '2024-01-25 15:16:11'),
(164, 'RAMADHANI', 'MAULID', 'F', '1', '0714436050', 'man.png', 'TANDIKA', 'no email', 'BIASHARA', 'TANZANIA', 'noindex_no', 39, '2024-01-25 15:27:49', '2024-01-25 15:27:49'),
(165, 'WILLIAM', 'NGIDANGE', 'W', '1', '0717844852', 'man.png', 'MUHIMBILI', 'no email', 'ULINZI', 'TANZANIA', 'noindex_no', 39, '2024-01-25 16:22:34', '2024-01-25 16:22:34'),
(166, 'SUDI', 'MSUYA', 'N', '1', '0719201052', 'man.png', 'KIVULE', 'no email', 'ENGENEER', 'TANZANIA', 'noindex_no', 39, '2024-01-25 16:30:46', '2024-01-25 16:30:46'),
(167, 'AGNES', 'MLUGE', 'D', '2', '0635208903', 'man.png', 'TABATA', 'no email', 'BIASHARA', 'TANZANIA', 'noindex_no', 39, '2024-01-25 16:35:32', '2024-01-25 16:35:32'),
(168, 'REVOCATUS', 'JOHN', 'FIMBO', '1', '0717205020', 'man.png', 'MBAGALA MISSION', 'no email', 'BIASHARA', 'TANZANIA', 'noindex_no', 39, '2024-01-25 16:58:50', '2024-01-25 16:58:50'),
(169, 'FRANCIS', 'MARWA', 'A', '1', '0786772125', 'man.png', 'MBAGALA ZAKHEMU', 'no email', 'BIASHARA', 'TANZANIA', 'noindex_no', 39, '2024-01-25 17:06:19', '2024-01-25 17:06:19'),
(170, 'HAMISI', 'SAID', 'A', '1', '0784624377', 'man.png', 'KWA AZIZI ALLY', 'no email', 'BUS DRIVER', 'TANZANIA', 'noindex_no', 39, '2024-01-25 17:12:13', '2024-01-25 17:12:13'),
(171, 'MOSES', 'EDIMUNDI', 'KOMBA', '1', '0652496229', 'man.png', 'KURASINI', 'no email', 'BIHASHARA', 'TANZANIA', 'noindex_no', 39, '2024-01-25 17:29:01', '2024-01-25 17:29:01'),
(172, 'FRERIC', 'DANIEL', 'MASING\'OTI', '1', '0712907030', 'man.png', 'KIGAMBONI', 'no email', 'BIHASHARA', 'TANZANIA', 'noindex_no', 39, '2024-01-25 17:36:44', '2024-01-25 17:36:44'),
(173, 'DAVID', 'ZACHARIA', 'MWAMUOSI', '1', '0689885530', 'man.png', 'KIGAMBONI', 'no email', 'GSM', 'TANZANIA', 'noindex_no', 39, '2024-01-25 17:41:37', '2024-01-25 17:41:37'),
(174, 'RABIA', 'BUSHIRI', 'MTENGA', '2', '0659467518', 'man.png', 'MASASI', 'no email', 'MKULIMA', 'TANZANIA', 'noindex_no', 39, '2024-01-25 17:45:35', '2024-01-25 17:45:35'),
(175, 'HEMED', 'KIULUGO', 'RAJAB', '1', '0715871994', 'man.png', 'CHAMANZI', 'no email', 'BIHASHARA', 'TANZANIA', 'noindex_no', 39, '2024-01-25 17:51:06', '2024-01-25 17:51:06'),
(176, 'FARAHAN', 'HAMIS', 'LYOGA', '1', '0786502796', 'man.png', 'KIGAMBONI', 'no email', 'BIHASHARA', 'TANZANIA', 'noindex_no', 39, '2024-01-25 17:57:58', '2024-01-25 17:57:58'),
(177, 'FAKHI', 'SHAIBU', 'JUMA', '1', '0718172442', 'man.png', 'VIKINDU', 'no email', 'BIHASHARA', 'TANZANIA', 'noindex_no', 39, '2024-01-26 09:51:25', '2024-01-26 09:51:25'),
(178, 'MARIA', 'M', 'GODFREY', '2', '0655847007', 'man.png', 'KEKO', 'no email', 'POLICE', 'TANZANIA', 'noindex_no', 39, '2024-01-26 10:03:17', '2024-01-26 10:03:17'),
(179, 'OMARY', 'ALLY', 'BEDUI', '1', '0714739055', 'man.png', 'KOROGWE', 'no email', 'BIHASHARA', 'TANZANIA', 'noindex_no', 39, '2024-01-26 10:07:27', '2024-01-26 10:07:27'),
(180, 'SEREMANI', 'MKUDA', 'I', '1', '0688368848', 'man.png', 'TANDARE', 'no email', 'BIHASHARA', 'TANZANIA', 'noindex_no', 39, '2024-01-26 10:10:44', '2024-01-26 10:10:44'),
(181, 'ZARAU', 'RASHID', 'RANGI', '2', '0657382444', 'man.png', 'KIWALANI', 'no email', 'BIHASHARA', 'TANZANIA', 'noindex_no', 39, '2024-01-26 10:16:25', '2024-01-26 10:16:25'),
(182, 'HAWA', 'SADICK', 'SOLOMONI', '2', '0653372650', 'man.png', 'CHAMANZI', 'no email', 'BIHASHARA', 'TANZANIA', 'noindex_no', 39, '2024-01-26 10:27:03', '2024-01-26 10:27:03'),
(183, 'EVA', 'TRYPHONE', 'SEVERINO', '2', '0785021735', 'man.png', 'DAR ES SALAAM', 'no email', 'MJASILIAMALI', 'TANZANIA', 'noindex_no', 39, '2024-01-26 10:35:10', '2024-01-26 10:35:10'),
(184, 'AHMED', 'WAZIRI', 'GAO', '1', '0754378585', 'man.png', 'PUGU', 'no email', 'BIASHARA', 'TANZANIAN', 'noindex_no', 39, '2024-01-26 11:10:52', '2024-01-26 11:10:52'),
(185, 'ANALDO', 'WILSON', 'CHALO', '1', '0715400710', 'man.png', 'KONGOWE', 'no email', 'POLICE', 'TANZANIA', 'noindex_no', 39, '2024-01-29 12:02:04', '2024-01-29 12:02:04'),
(186, 'DAVID', 'CLEOPHAC', 'RUTASINGWA', '1', '0786652501', 'man.png', 'MTONI KIJICHI', 'no email', 'BIHASHARA', 'TANZANIA', 'noindex_no', 39, '2024-01-29 12:08:22', '2024-01-29 12:08:22'),
(187, 'FORTUNATUS', 'ANATORI', 'KAMUGISHA', '1', '0713939474', 'man.png', 'YOMBO KILAKALA', 'no email', 'BIHASHARA', 'TANZANIA', 'noindex_no', 39, '2024-01-29 12:17:10', '2024-01-29 12:17:10'),
(188, 'TWILUMBA', 'MGINA', 'MBUNDA', '2', '0788875023', 'man.png', 'MBEZI', 'no email', 'MWALIMU', 'TANZANIA', 'noindex_no', 39, '2024-01-29 12:30:24', '2024-01-29 12:30:24'),
(189, 'JOSEPH', 'MIRUMBE', 'MWITA', '1', '0713040552', 'man.png', 'KIJICHI', 'no email', 'WAKILI', 'TANZANIA', 'noindex_no', 39, '2024-01-29 12:36:06', '2024-01-29 12:36:06'),
(190, 'EDWARD', 'BRUNO', 'MMASI', '1', '0744330808', 'man.png', 'KONGOWE', 'no email', 'BIHASHARA', 'TANZANIA', 'noindex_no', 39, '2024-01-29 12:43:13', '2024-01-29 12:43:13'),
(191, 'AISHA', 'SAID', 'DIHENGA', '2', '0676016311', 'man.png', 'BUZA', 'no email', 'BIHASHARA', 'TANZANIA', 'noindex_no', 39, '2024-01-29 13:03:53', '2024-01-29 13:03:53'),
(192, 'ABDALLAH', 'HASSAN', 'KANYOCHOLE', '1', '0692026082', 'man.png', 'MBAGALA', 'no email', 'HAKIMU', 'TANZANIA', 'noindex_no', 39, '2024-01-29 13:10:18', '2024-01-29 13:10:18'),
(193, 'KONASON', 'CONDRARD', 'HYERA', '1', '0688207743', 'man.png', 'SONGEA', 'no email', 'MKULIMA', 'TANZANIA', 'noindex_no', 39, '2024-02-01 12:22:17', '2024-02-01 12:22:17'),
(194, 'JENIFA', 'TIMOTH', 'MBEGALO', '2', '0713549207', 'man.png', 'MBAGALA KUU', 'no email', 'BIASHARA', 'TANZANIA', 'noindex_no', 39, '2024-02-01 12:28:10', '2024-02-01 12:28:10'),
(195, 'HAWA', 'BAKARY', 'ABDALLAH', '2', '0696208973', 'man.png', 'CHANIKA', 'no email', 'BIHASHARA', 'TANZANIA', 'noindex_no', 39, '2024-02-01 12:33:36', '2024-02-01 12:33:36'),
(196, 'DAMIAN', 'KISAVEL', 'MICHAEL', '1', '0656116776', 'man.png', 'GAIRO MORO', 'no email', 'BIHASHARA', 'TANZANIA', 'noindex_no', 39, '2024-02-01 12:41:57', '2024-02-01 12:41:57'),
(197, 'SALUM', 'MOHAMED', 'ALLY', '1', '0762114471', 'man.png', 'KIGOMA', 'no email', 'BIHASHARA', 'TANZANIA', 'noindex_no', 39, '2024-02-01 12:54:34', '2024-02-01 12:54:34'),
(198, 'RUTI', 'MOSES', 'MZAVA', '2', '0713120120', 'man.png', 'KIBAHA', 'no email', 'MKULIMA', 'TANZANIA', 'noindex_no', 39, '2024-02-01 12:58:33', '2024-02-01 12:58:33'),
(199, 'HABIBA', 'E', 'KATUMBO', '2', '0685474231', 'man.png', 'KIMARA', 'no email', 'BIHASHARA', 'TANZANIA', 'noindex_no', 39, '2024-02-01 13:04:12', '2024-02-01 13:04:12'),
(200, 'KHADIJA', 'MAULIDI', 'SALUM', '2', '0688054140', 'man.png', 'MBAGALA', 'no email', 'BIHASHARA', 'TANZANIA', 'noindex_no', 39, '2024-02-01 13:13:31', '2024-02-01 13:13:31'),
(201, 'YUSTA', 'MARIO', 'NZIKU', '2', '0754558356', 'man.png', 'MBEYA', 'no email', 'MKULIMA', 'TANZANIA', 'noindex_no', 39, '2024-02-01 13:17:14', '2024-02-01 13:17:14'),
(202, 'AMINA', 'SALUM', 'HUSSEIN', '2', '0628316518', 'man.png', 'SABA SABA', 'no email', 'BIASHARA', 'TANZANIA', 'noindex_no', 39, '2024-02-01 13:30:33', '2024-02-01 13:30:33'),
(203, 'DIONIS', 'DAUD', 'NICHOMBE', '1', '0714333218', 'man.png', 'KURASINI', 'no email', 'MWALIMU', 'TANZANIA', 'noindex_no', 39, '2024-02-01 13:38:45', '2024-02-01 13:38:45'),
(204, 'ESTER', 'BHOKE', 'MWITA', '2', '0699883379', 'man.png', 'CHANG\'OMBE', 'no email', 'BIHASHARA', 'TANZANIA', 'noindex_no', 39, '2024-02-01 13:49:23', '2024-02-01 13:49:23'),
(205, 'VERONICA', 'MINJA', 'E', '2', '0715747758', 'man.png', 'MBAGALA', 'no email', 'BIHASHARA', 'TANZANIA', 'noindex_no', 39, '2024-02-01 15:46:48', '2024-02-01 15:46:48'),
(206, 'YUSTA', 'M', 'MZIKU', '2', '0767712935', 'man.png', 'TUNDUMA SONGWE', 'no email', 'MKULIMA', 'TANZANIA', 'noindex_no', 39, '2024-02-01 15:50:27', '2024-02-01 15:50:27'),
(207, 'ANTONY', 'LAWI', 'FANUEL', '1', '0787915525', 'man.png', 'BUNJU MIANZINI', 'no email', 'BIHASHARA', 'TANZANIA', 'noindex_no', 39, '2024-02-01 15:55:07', '2024-02-01 15:55:07'),
(208, 'BERTHA', 'MNANGA', 'MAYENGO', '2', '0745808181', 'man.png', 'KIPUNGUNI B', 'no email', 'BIHASHARA', 'TANZANIA', 'noindex_no', 39, '2024-02-01 16:08:16', '2024-02-01 16:08:16'),
(209, 'SUZANA', 'MGALA', 'K', '2', '0769696648', 'man.png', 'KIPUNGUNI B', 'no email', 'BIHASHARA', 'TANZANIA', 'noindex_no', 39, '2024-02-01 16:15:47', '2024-02-01 16:15:47'),
(210, 'TAUSI', 'HAMISI', 'ATHUMANI', '2', '0657787951', 'man.png', 'MBANDE', 'no email', 'BIHASHARA', 'TANZANIA', 'noindex_no', 39, '2024-02-01 16:23:50', '2024-02-01 16:23:50'),
(211, 'KIDAYA', 'JUMA', 'ISMAL', '1', '0653700856', 'man.png', 'MBANDE', 'no email', 'MWALIMU', 'TANZANIA', 'noindex_no', 39, '2024-02-01 16:31:37', '2024-02-01 16:31:37'),
(212, 'MARIUMU', 'ATHUMANI', 'KWAVI', '2', '0754485052', 'man.png', 'MBAGALA', 'no email', 'BIHASHARA', 'TANZANIA', 'noindex_no', 39, '2024-02-01 16:36:53', '2024-02-01 16:36:53'),
(213, 'ZAINABU', 'MOSHI', 'NYANGATAE', '2', '0693542910', 'man.png', 'CHAMANZI', 'no email', 'BIHASHARA', 'TANZANIA', 'noindex_no', 39, '2024-02-01 17:08:54', '2024-02-01 17:08:54'),
(214, 'AMINA', 'OMARY', 'MBWANA', '2', '0713016334', 'man.png', 'CHAMANZI', 'no email', 'POLICE', 'TANZANIA', 'noindex_no', 39, '2024-02-01 17:16:03', '2024-02-01 17:16:03'),
(215, 'HAMIDU', 'HAMIS', 'MAFTAHA', '1', '0713581614', 'man.png', 'KIJICHI', 'no email', 'BIASHARA', 'TANZANIA', 'noindex_no', 39, '2024-02-01 17:21:02', '2024-02-01 17:21:02'),
(216, 'EMMANUEL', 'SHANI', 'KIULA', '2', 'O762242779', 'man.png', 'BUNJU\"B\"', 'no email', 'BIASHARA', 'TANZANIA', 'noindex_no', 39, '2024-02-01 17:28:27', '2024-02-01 17:28:27'),
(217, 'FURAHA', 'FELISI', 'PILLA', '1', '0765387164', 'man.png', 'UFUNDI TEMEKE', 'no email', 'POLICE', 'TANZANIA', 'noindex_no', 39, '2024-02-01 17:39:06', '2024-02-01 17:39:06'),
(218, 'FREDY', 'CHARLES', 'SEBASTIANI', '2', '0714997059', 'man.png', 'MBAGALA MISHENI', 'no email', 'BIASHARA', 'TANZANIA', 'noindex_no', 39, '2024-02-01 17:44:55', '2024-02-01 17:44:55'),
(219, 'BEATRICE', 'TRESPHORY', 'MASANJA', '2', '0625696959', 'man.png', 'MBAGALA KUU', 'no email', 'BIASHARA', 'TANZANIA', 'noindex_no', 39, '2024-02-01 17:52:29', '2024-02-01 17:52:29'),
(220, 'THERESIA', 'RICHARD', 'JOHN', '2', '0712304106', 'man.png', 'MAJOHE', 'no email', 'BIASHARA', 'TANZANIA', 'noindex_no', 39, '2024-02-01 17:59:04', '2024-02-01 17:59:04'),
(221, 'BONIFACE', 'JOAKIM', 'MUSHI', '1', '0758005939', 'man.png', 'KIBAHA-KWAMFIPA', 'no email', 'TEACHER', 'TANZANIA', 'noindex_no', 39, '2024-02-01 18:04:39', '2024-02-01 18:04:39'),
(222, 'HASHIM', 'HEMED', 'KIGOMBA', '1', '0786843415', 'man.png', 'KWA AZIZI ALLY', 'no email', 'BIASHARA', 'TANZANIA', 'noindex_no', 39, '2024-02-01 18:12:33', '2024-02-01 18:12:33'),
(223, 'BEATRICE', 'M', 'GOROBA', '2', '0753596483', 'man.png', 'KIGAMBONI-SHIMO LA MCHANGA', 'no email', 'BIASHARA', 'TANZANIA', 'noindex_no', 39, '2024-02-01 18:18:12', '2024-02-01 18:18:12'),
(224, 'MOHAMEDY', 'ALLY', 'MOHAMEDY', '1', '0718896284', 'man.png', 'KONGOWE', 'no email', 'BIASHARA', 'TANZANIA', 'noindex_no', 39, '2024-02-01 18:26:35', '2024-02-01 18:26:35'),
(225, 'UWESU', 'HAMIDU', 'BELEGE', '1', '0713574043', 'man.png', 'TABATA CHAN\'GOMBE', 'no email', 'BAKWATA', 'TANZANIA', 'noindex_no', 39, '2024-02-01 18:32:44', '2024-02-01 18:32:44'),
(226, 'JUMA', 'IBRAHIM', 'JONGO', '1', '0717961553', 'man.png', 'MBAGALA', 'no email', 'FIRE FIGHTER', 'TANZANIA', 'noindex_no', 39, '2024-02-01 18:38:09', '2024-02-01 18:38:09'),
(227, 'REHEMA', 'SAIDI', 'ALLY', '2', '0655701780', 'man.png', 'TEMEKE MIKOROSHINI', 'no email', 'BIASHARA', 'TANZANIA', 'noindex_no', 39, '2024-02-01 18:48:33', '2024-02-01 18:48:33'),
(228, 'ELIETH', 'SELEMAN', 'MMBAGA', '1', '0787624262', 'man.png', 'KONGOWE', 'no email', 'BIASHARA', 'TANZANIA', 'noindex_no', 39, '2024-02-01 18:53:50', '2024-02-01 18:53:50'),
(229, 'KINJOBILE', 'JOSEPH', 'S', '1', '0785655063', 'man.png', 'KEKO MACHUNGWA', 'no email', 'BIASHARA', 'TANZANIA', 'noindex_no', 39, '2024-02-01 18:59:50', '2024-02-01 18:59:50'),
(230, 'KINJOBILE', 'JOSEPH', 'S', '1', '0785655063', 'man.png', 'KEKO MACHUNGWA', 'no email', 'BIASHARA', 'TANZANIA', 'noindex_no', 39, '2024-02-01 18:59:50', '2024-02-01 18:59:50'),
(231, 'MOHAMED', 'ALLY', 'MTILE', '1', '0786953709', 'man.png', 'MBAGALA MISHENI', 'no email', 'BIASHARA', 'TANZANIA', 'noindex_no', 39, '2024-02-01 19:04:45', '2024-02-01 19:04:45'),
(232, 'RAZIA', 'JOHN', 'G', '1', '0714837904', 'man.png', 'CHAMAZI KANISANI', 'no email', 'BIASHARA', 'TANZANIA', 'noindex_no', 39, '2024-02-01 19:13:46', '2024-02-01 19:13:46'),
(233, 'AGRIPINA', 'ALOYCE', 'SWAI', '2', '0714010066', 'man.png', 'MBAGALA CHARAMBE', 'no email', 'ACCOMODATION', 'TANZANIA', 'noindex_no', 39, '2024-02-01 19:22:00', '2024-02-01 19:22:00'),
(234, 'YEUZE', 'ELIAZA', 'BARUTI', '1', '0658460146', 'man.png', 'KONGEWE', 'no email', 'BIHASHARA', 'TANZANIA', 'noindex_no', 39, '2024-02-02 10:32:39', '2024-02-02 10:32:39'),
(235, 'TATU', 'GUDLUCK', 'MSUYA', '2', '0746378937', 'man.png', 'TABATA', 'no email', 'DR', 'TANZANIA', 'noindex_no', 39, '2024-02-02 10:37:25', '2024-02-02 10:37:25'),
(236, 'AMANI', 'ELISHA', 'MKUMBO', '1', '0767439403', 'man.png', 'KINONDONI', 'no email', 'IT', 'TANZANIA', 'noindex_no', 39, '2024-02-02 10:55:39', '2024-02-02 10:55:39'),
(237, 'JOSEPH', 'MAGABE', 'MATETE', '1', '0754574702', 'man.png', 'TEGETA', 'no email', 'TPDF', 'TANZANIA', 'noindex_no', 39, '2024-02-02 11:02:41', '2024-02-02 11:02:41'),
(238, 'EDITHER', 'JUSTINE', 'SHIRIMA', '2', '0718918191', 'man.png', 'KAWE', 'no email', 'BIHASHARA', 'TANZANIA', 'noindex_no', 39, '2024-02-02 11:09:59', '2024-02-02 11:09:59'),
(239, 'JOHN', 'ALKWIN', 'MLAPONI', '1', '0717424906', 'man.png', 'CHANIKA', 'no email', 'TPDF', 'TANZANIA', 'noindex_no', 39, '2024-02-02 11:18:54', '2024-02-02 11:18:54'),
(240, 'ABDULRAHMANI', 'JUMA', 'MBARAKA', '1', '0653882664', 'man.png', 'MKURANGA', 'no email', 'MKULIMA', 'TANZANIA', 'noindex_no', 39, '2024-02-02 11:25:28', '2024-02-02 11:25:28'),
(241, 'ASHURA', 'ABUU', 'OMARY', '2', '0789641864', 'man.png', 'KIMARA', 'no email', 'BIASHARA', 'TANZANIA', 'noindex_no', 39, '2024-02-02 11:56:55', '2024-02-02 11:56:55'),
(242, 'BLESS', 'EDWARD', 'S', '2', '0653772559', 'man.png', 'KIGAMBONI', 'no email', 'BIHASHARA', 'TANZANIA', 'noindex_no', 39, '2024-02-02 12:08:16', '2024-02-02 12:08:16'),
(243, 'EMANUEL', 'STEWART', 'KILEWO', '1', '0655356672', 'man.png', 'MTONI KIJICHI', 'no email', 'MJASILIAMALI', 'TANZANIA', 'noindex_no', 39, '2024-02-02 12:51:46', '2024-02-02 12:51:46'),
(244, 'JOSEPH', 'H', 'NG\'WAVI', '1', '0713155352', 'man.png', 'ABIORA', 'no email', 'BIASHARA', 'TANZANIA', 'noindex_no', 39, '2024-02-02 12:59:26', '2024-02-02 12:59:26'),
(245, 'ALLY', 'ABDALLAH', 'FALISI', '1', '0716579796', 'man.png', 'KIGAMBONI', 'no email', 'MJASIRIAMALI', 'TANZANIA', 'noindex_no', 39, '2024-02-02 13:17:41', '2024-02-02 13:17:41'),
(246, 'ELIZABETH', 'JOHN', 'KANYAKANYA', '2', '0768762505', 'man.png', 'KIJICHI', 'no email', 'MKULIMA', 'TANZANIA', 'noindex_no', 39, '2024-02-02 13:24:44', '2024-02-02 13:24:44'),
(247, 'DONALD', 'RUTANGILO', 'G', '1', '0692963455', 'man.png', 'KIJICHI', 'no email', 'BIASHARA', 'TANZANIA', 'noindex_no', 39, '2024-02-02 13:31:35', '2024-02-02 13:31:35'),
(248, 'MICHAEL', 'MWANDEMELE', 'D', '1', '0747996578', 'man.png', 'KIGAMBONI KISIWANI', 'no email', 'BIASHARA', 'TANZANIA', 'noindex_no', 39, '2024-02-02 13:37:41', '2024-02-02 13:37:41'),
(249, 'MICHAEL', 'MWANDEMELE', 'D', '1', '0747996578', 'man.png', 'KIGAMBONI KISIWANI', 'no email', 'BIASHARA', 'TANZANIA', 'noindex_no', 39, '2024-02-02 13:37:41', '2024-02-02 13:37:41'),
(250, 'BEATRICE', 'PETER', 'M', '2', '0755100400', 'man.png', 'MBANDE', 'no email', 'BIASHARA', 'TANZANIA', 'noindex_no', 39, '2024-02-02 13:41:57', '2024-02-02 13:41:57'),
(251, 'NDARO', 'MARIDADI', 'ATHUMANI', '2', '0713329112', 'man.png', 'MGENINANI MIANDE', 'no email', 'BIASHARA', 'TANZANIA', 'noindex_no', 39, '2024-02-02 13:47:35', '2024-02-02 13:47:35'),
(252, 'HUSSEIN', 'T', 'MWINYI', '1', '0743124235', 'man.png', 'MAGOMENI', 'no email', 'BIASHARA', 'TANZANIA', 'noindex_no', 39, '2024-02-02 13:52:56', '2024-02-02 13:52:56'),
(253, 'FATIH', 'RIHARD', 'SHAURI', '2', '0676300043', 'man.png', 'KEKO', 'no email', 'NURSE', 'TANZANIA', 'noindex_no', 39, '2024-02-02 14:17:58', '2024-02-02 14:17:58'),
(254, 'AMAN', 'JACKSON', 'CHIPALO', '1', '0714480933', 'man.png', 'MSONGOLA', 'no email', 'MWALIMU', 'TANZANIA', 'noindex_no', 39, '2024-02-02 14:32:14', '2024-02-02 14:32:14'),
(255, 'SEIPH', 'GEORGE', 'BARNABAS', '1', '0786686831', 'man.png', 'MBAGALA KIPATI', 'no email', 'BIHASHARA', 'TANZANIA', 'noindex_no', 39, '2024-02-02 14:57:16', '2024-02-02 14:57:16'),
(256, 'SEIF', 'AMIRI', 'MANYARA', '1', '0657695670', 'man.png', 'KISEWE', 'no email', 'BIHASHARA', 'TANZANIA', 'noindex_no', 39, '2024-02-02 15:05:31', '2024-02-02 15:05:31'),
(257, 'BENY', 'ANANIAH', 'SICHONE', '1', '0625512064', 'man.png', 'MBAGALA', 'no email', 'MHASIBU', 'TANZANIA', 'noindex_no', 39, '2024-02-02 15:11:11', '2024-02-02 15:11:11'),
(258, 'MARIAM', 'MOHAMED', 'MCHAKA', '2', '0653086164', 'man.png', 'MBAGALA', 'no email', 'MKULIMA', 'TANZANIA', 'noindex_no', 39, '2024-02-02 15:15:56', '2024-02-02 15:15:56'),
(259, 'MAGRETH', 'FRANCIS', 'SHUNGU', '2', '0787328726', 'man.png', 'CHANIKA', 'no email', 'BIHASHARA', 'TANZANIA', 'noindex_no', 39, '2024-02-02 15:20:12', '2024-02-02 15:20:12'),
(260, 'AMINA', 'HAMIS', 'HAMADI', '2', '0785826672', 'man.png', 'KINONDONI', 'no email', 'MWALIMU', 'TANZANIA', 'noindex_no', 39, '2024-02-02 15:25:01', '2024-02-02 15:25:01'),
(261, 'ZAWADI', 'MOHAMED', 'MIKAPA', '2', '0686290846', 'man.png', 'KINONDONI', 'no email', 'BIHASHARA', 'TANZANIA', 'noindex_no', 39, '2024-02-02 15:28:05', '2024-02-02 15:28:05'),
(262, 'AMINA', 'MUSSA', 'KIUMBE', '2', '0678620350', 'man.png', 'TEMEKE', 'no email', 'BIHASHARA', 'TANZANIA', 'noindex_no', 39, '2024-02-02 15:31:30', '2024-02-02 15:31:30');

-- --------------------------------------------------------

--
-- Table structure for table `parent_statuses`
--

CREATE TABLE `parent_statuses` (
  `id` bigint(20) UNSIGNED NOT NULL,
  `parent_status` varchar(255) NOT NULL,
  `created_at` timestamp NULL DEFAULT NULL,
  `updated_at` timestamp NULL DEFAULT NULL
) ENGINE=InnoDB DEFAULT CHARSET=utf8mb4 COLLATE=utf8mb4_unicode_ci;

--
-- Dumping data for table `parent_statuses`
--

INSERT INTO `parent_statuses` (`id`, `parent_status`, `created_at`, `updated_at`) VALUES
(1, 'having both', NULL, NULL),
(2, 'only father', NULL, NULL),
(3, 'only mother', NULL, NULL),
(4, 'no parent', NULL, NULL);

-- --------------------------------------------------------

--
-- Table structure for table `password_resets`
--

CREATE TABLE `password_resets` (
  `email` varchar(255) NOT NULL,
  `token` varchar(255) NOT NULL,
  `created_at` timestamp NULL DEFAULT NULL
) ENGINE=InnoDB DEFAULT CHARSET=utf8mb4 COLLATE=utf8mb4_unicode_ci;

-- --------------------------------------------------------

--
-- Table structure for table `personal_access_tokens`
--

CREATE TABLE `personal_access_tokens` (
  `id` bigint(20) UNSIGNED NOT NULL,
  `tokenable_type` varchar(255) NOT NULL,
  `tokenable_id` bigint(20) UNSIGNED NOT NULL,
  `name` varchar(255) NOT NULL,
  `token` varchar(64) NOT NULL,
  `abilities` text DEFAULT NULL,
  `last_used_at` timestamp NULL DEFAULT NULL,
  `created_at` timestamp NULL DEFAULT NULL,
  `updated_at` timestamp NULL DEFAULT NULL
) ENGINE=InnoDB DEFAULT CHARSET=utf8mb4 COLLATE=utf8mb4_unicode_ci;

--
-- Dumping data for table `personal_access_tokens`
--

INSERT INTO `personal_access_tokens` (`id`, `tokenable_type`, `tokenable_id`, `name`, `token`, `abilities`, `last_used_at`, `created_at`, `updated_at`) VALUES
(54, 'App\\Models\\User', 3, 'MyApp', 'a3533288e4d2b0761ea42113c3b83c69245a4e1fe4a4a441a35376a86b7b8c33', '[\"*\"]', '2023-11-20 00:21:09', '2023-11-19 16:18:30', '2023-11-20 00:21:09'),
(55, 'App\\Models\\User', 3, 'MyApp', 'c8a8ed0c11ce0a02bf29a93676c8fb2a0b014ed21b9750a0d57dde68018d561b', '[\"*\"]', NULL, '2023-11-20 08:56:12', '2023-11-20 08:56:12'),
(56, 'App\\Models\\User', 3, 'MyApp', '3f45276a8b7d2f0ce3691cc4787dffee8220954d984ffadc4445c1b96fd305ea', '[\"*\"]', NULL, '2023-11-20 10:50:50', '2023-11-20 10:50:50'),
(57, 'App\\Models\\User', 3, 'MyApp', '9562be6f3f05ed3b3b860fc7303d1ed834daab8989c2377b69acf5a555d39983', '[\"*\"]', '2023-11-20 10:53:01', '2023-11-20 10:50:51', '2023-11-20 10:53:01'),
(58, 'App\\Models\\User', 3, 'MyApp', 'c4f1dc99e639e36be704e25734d57db2ff6dcb4a8789ab6bc6d419682fbe404e', '[\"*\"]', NULL, '2023-11-20 10:53:50', '2023-11-20 10:53:50'),
(59, 'App\\Models\\User', 3, 'MyApp', 'ead65501e82a7cc8ea5723edef043d221eabd4ff7a88f38d8f976a9314d14aa7', '[\"*\"]', NULL, '2023-11-20 10:54:25', '2023-11-20 10:54:25'),
(60, 'App\\Models\\User', 3, 'MyApp', 'c3e002d6a98fe066b0c7dbd55a1685f14d3204c04a3fdc255a5f374b1846d921', '[\"*\"]', NULL, '2023-11-20 10:58:05', '2023-11-20 10:58:05'),
(61, 'App\\Models\\User', 3, 'MyApp', '3ef67b6a392cbd00dfa0a9d8baedbb1f282145a614519be1eacb235cf0405c3a', '[\"*\"]', NULL, '2023-11-20 11:07:02', '2023-11-20 11:07:02'),
(62, 'App\\Models\\User', 26, 'MyApp', 'cb8ca31d6c8f66799f62e5847178122c85b58f33b3750bff49cd57ec2f6d25a8', '[\"*\"]', '2023-11-28 16:33:32', '2023-11-20 11:21:55', '2023-11-28 16:33:32'),
(63, 'App\\Models\\User', 3, 'MyApp', 'd0f53139a64be52d749c51e85bb9623f6d0b3d92e43b64c4ca0e488c30b44139', '[\"*\"]', '2023-11-20 11:55:59', '2023-11-20 11:29:03', '2023-11-20 11:55:59'),
(64, 'App\\Models\\User', 26, 'MyApp', '3f19518bb8f4fff28458618fd08bb8b7241da70226cee7bdf746d916386443e9', '[\"*\"]', NULL, '2023-11-20 11:31:36', '2023-11-20 11:31:36'),
(65, 'App\\Models\\User', 26, 'MyApp', '3c62eae1cfc2373115ead81e0e06a5c8d8c0459434c93c7d02a0f5bca3cca430', '[\"*\"]', '2023-11-20 11:35:08', '2023-11-20 11:31:37', '2023-11-20 11:35:08'),
(66, 'App\\Models\\User', 3, 'MyApp', '99cf4a59fc9d11a08086868f58641bd9e8b97b6fdab3db4dc6ac5e8725d0b5bd', '[\"*\"]', '2023-11-26 11:26:58', '2023-11-23 06:33:55', '2023-11-26 11:26:58'),
(67, 'App\\Models\\User', 33, 'MyApp', 'ccb0e506c168c2229e678a701e6df665d0d9e5bb70cd519b3f021f17b6c3a1a4', '[\"*\"]', '2023-11-27 04:46:29', '2023-11-26 11:51:49', '2023-11-27 04:46:29'),
(68, 'App\\Models\\User', 35, 'MyApp', 'd5be7feab1d3cc42c83ce6a11d210f8544f580d5400840ccc1edfd35d32b8dea', '[\"*\"]', '2023-11-27 06:20:37', '2023-11-27 04:48:29', '2023-11-27 06:20:37'),
(69, 'App\\Models\\User', 36, 'MyApp', '6a1b54f4832ce857783d3bf880d85217735bb66684e9660815d3e6bafbf12c0d', '[\"*\"]', '2023-11-27 06:27:45', '2023-11-27 06:25:25', '2023-11-27 06:27:45'),
(70, 'App\\Models\\User', 3, 'MyApp', '682aff6e53d5d2042f5315a18b8c2cc72432061f7bc615d5278ac027fa7954f9', '[\"*\"]', '2023-11-27 11:18:18', '2023-11-27 06:38:34', '2023-11-27 11:18:18'),
(71, 'App\\Models\\User', 3, 'MyApp', '9c0e9ff4d3483e212eb9d88554fd06947645c2e39f6a235f8fe00f0591f6f7b8', '[\"*\"]', '2023-11-28 07:53:42', '2023-11-27 20:10:29', '2023-11-28 07:53:42'),
(72, 'App\\Models\\User', 3, 'MyApp', '1a02dbf3fd47df47c4a458836b915574a62647ddcfdc3aa944de4927ef50837e', '[\"*\"]', '2023-11-27 21:28:50', '2023-11-27 21:23:18', '2023-11-27 21:28:50'),
(73, 'App\\Models\\User', 3, 'MyApp', '1d8b2c26c78a8d52387dc115fb26459a9deeba04202953f20a722fbb3ccb9c9d', '[\"*\"]', NULL, '2023-11-27 21:23:18', '2023-11-27 21:23:18'),
(74, 'App\\Models\\User', 3, 'MyApp', 'd813ddd0db3f0237c987b459251bd1c5d169a2c834fba93735281973afdf246b', '[\"*\"]', '2023-11-28 08:17:15', '2023-11-28 07:58:56', '2023-11-28 08:17:15'),
(75, 'App\\Models\\User', 3, 'MyApp', 'af84d2bf9175a729e90fe934d810ace00cf278e34f7c324c1df842bacc83605b', '[\"*\"]', NULL, '2023-11-28 08:17:50', '2023-11-28 08:17:50'),
(76, 'App\\Models\\User', 33, 'MyApp', 'c770ab25c160286bfb082a2b9d93d27e115c0819dc953d02ff40b397fb55e03e', '[\"*\"]', '2023-11-28 10:23:03', '2023-11-28 08:41:01', '2023-11-28 10:23:03'),
(77, 'App\\Models\\User', 3, 'MyApp', '09272e6b35b67db0599a7e28819e11f7a8a19411f5a7784a3ef5f507291e9c8c', '[\"*\"]', '2023-12-04 12:22:35', '2023-11-28 11:47:58', '2023-12-04 12:22:35'),
(78, 'App\\Models\\User', 39, 'MyApp', 'efdf4dede5943e0063d477e9cf93272ef519befb53339b25340431ce80f0128e', '[\"*\"]', NULL, '2023-11-28 12:10:02', '2023-11-28 12:10:02'),
(79, 'App\\Models\\User', 39, 'MyApp', '817f84f9d7fe6e46a02c6fa9d4fd802a2b1cccbafd522d9ba0d302bf0bfcbc39', '[\"*\"]', NULL, '2023-11-28 12:10:02', '2023-11-28 12:10:02'),
(80, 'App\\Models\\User', 39, 'MyApp', 'ad3078c9eeed19e342a8e84e658ff32d660a459d1f43c7373c6c6b746d12e476', '[\"*\"]', NULL, '2023-11-28 12:10:03', '2023-11-28 12:10:03'),
(81, 'App\\Models\\User', 39, 'MyApp', 'e28dbe16d74a2cdcfe806c3dc1a20f70e47c4455d71dfe9e1eae0120edadca6c', '[\"*\"]', '2023-11-28 12:41:43', '2023-11-28 12:10:03', '2023-11-28 12:41:43'),
(82, 'App\\Models\\User', 40, 'MyApp', '78fd14366c71878bb86aa6b533fb880453b28d0de35863ae9c0120770229c3a0', '[\"*\"]', NULL, '2023-11-28 12:22:22', '2023-11-28 12:22:22'),
(83, 'App\\Models\\User', 35, 'MyApp', '54c1da55d30d05a1b20691512babb36726125f586960b9efbe9f6653811a8fd0', '[\"*\"]', '2023-11-28 13:02:04', '2023-11-28 12:49:04', '2023-11-28 13:02:04'),
(84, 'App\\Models\\User', 41, 'MyApp', '9776ef4f5f16aaf3265842c6f8dbe30097fc1be3e222aea968f001728da58ca2', '[\"*\"]', '2023-11-28 13:20:07', '2023-11-28 13:18:45', '2023-11-28 13:20:07'),
(85, 'App\\Models\\User', 41, 'MyApp', '4607b57132af95bd0b5cf1182753f69ded60eab76c8b1c0754bad51293d04fb0', '[\"*\"]', '2023-11-28 13:59:53', '2023-11-28 13:20:34', '2023-11-28 13:59:53'),
(86, 'App\\Models\\User', 41, 'MyApp', 'f435fccdc89030fb70474d067f8e44fd9c7ff5552fdb8806acd0574482e21006', '[\"*\"]', '2023-11-30 13:15:24', '2023-11-30 13:05:07', '2023-11-30 13:15:24'),
(87, 'App\\Models\\User', 3, 'MyApp', 'f4170bf1e99e90aa34d10ab4869d26c0e2a0af6009f7286b37bb5547b23222ae', '[\"*\"]', '2024-01-30 11:57:04', '2023-12-01 14:07:00', '2024-01-30 11:57:04'),
(88, 'App\\Models\\User', 26, 'MyApp', '000760786b14899307c3d9aecff9afccb89784e65af3dc54d391cc3d2be2de9d', '[\"*\"]', NULL, '2023-12-01 14:50:21', '2023-12-01 14:50:21'),
(89, 'App\\Models\\User', 41, 'MyApp', 'e65677399f736072d2465005dbe1657d8b4c8a48077620901036247e588d0947', '[\"*\"]', NULL, '2023-12-04 23:29:52', '2023-12-04 23:29:52'),
(90, 'App\\Models\\User', 41, 'MyApp', 'a5543a526e9776c14c865acd64415e6e8fcad1c6c4ad2dbe1d8b8e138f3b9233', '[\"*\"]', '2023-12-06 12:14:52', '2023-12-06 11:19:04', '2023-12-06 12:14:52'),
(91, 'App\\Models\\User', 41, 'MyApp', '7251ca72c2875ec72b05510843ab7d6d2abb0502dce5f31a1049c19cbfef0b41', '[\"*\"]', '2023-12-06 13:16:30', '2023-12-06 12:29:49', '2023-12-06 13:16:30'),
(92, 'App\\Models\\User', 41, 'MyApp', 'dcd5995616c7b6fe89990da137b4b60e369f35aa7cd6a58fca33e7335454b5cd', '[\"*\"]', NULL, '2023-12-06 12:29:53', '2023-12-06 12:29:53'),
(93, 'App\\Models\\User', 42, 'MyApp', 'ca76b740b86b16390d277791265bbbfce2f1127aaf3695739b57164e12eca3c5', '[\"*\"]', '2023-12-07 11:14:41', '2023-12-07 11:12:19', '2023-12-07 11:14:41'),
(94, 'App\\Models\\User', 42, 'MyApp', '59375426f2add89bbd647f3ec60a4851fd31c5571a060705634d9a11f06068b8', '[\"*\"]', NULL, '2023-12-07 11:19:54', '2023-12-07 11:19:54'),
(95, 'App\\Models\\User', 42, 'MyApp', '66417a206bb577f64ba38ac5bf7a231db09837c4c136207f92a42519c79838e5', '[\"*\"]', '2023-12-07 14:51:16', '2023-12-07 13:26:58', '2023-12-07 14:51:16'),
(96, 'App\\Models\\User', 36, 'MyApp', 'fa1b55e11f268a2cf0d9291bd311b2b7e6a363c77b8c53d82ed742b8b15610c8', '[\"*\"]', '2023-12-07 14:54:51', '2023-12-07 14:54:01', '2023-12-07 14:54:51'),
(97, 'App\\Models\\User', 42, 'MyApp', 'f440b9616dfae24029ce84812f5c5a8e86c5ecc237dd083f58bb86e682c1127e', '[\"*\"]', '2024-01-22 12:30:47', '2023-12-07 14:55:43', '2024-01-22 12:30:47'),
(98, 'App\\Models\\User', 48, 'MyApp', 'ee85e891875c7a1e799c8296d126989decc414267e3db7a37fa4e93c395ba3cb', '[\"*\"]', NULL, '2023-12-07 16:40:45', '2023-12-07 16:40:45'),
(99, 'App\\Models\\User', 42, 'MyApp', '18e99e208189e2cc57d55597eafdb2510ba1b23d1bfbb34677caf1766e44e21d', '[\"*\"]', '2023-12-08 13:11:28', '2023-12-08 13:09:17', '2023-12-08 13:11:28'),
(100, 'App\\Models\\User', 50, 'MyApp', '42d319dfd403f99cb9ca6db7e802ec42df45d5c5d0754388fd83a321a4422d83', '[\"*\"]', '2023-12-11 13:56:12', '2023-12-08 13:12:33', '2023-12-11 13:56:12'),
(101, 'App\\Models\\User', 26, 'MyApp', '7c3dfde4387a682de8cedbd72134b32d8ce2c681ac0f3122662fdbf9d2ada76e', '[\"*\"]', '2024-02-02 11:55:53', '2023-12-08 14:50:24', '2024-02-02 11:55:53'),
(102, 'App\\Models\\User', 41, 'MyApp', '0324a396bcfe4a09350854895b648037efa2b8306ec9c8d484acef9e1d662872', '[\"*\"]', NULL, '2023-12-08 21:05:02', '2023-12-08 21:05:02'),
(103, 'App\\Models\\User', 41, 'MyApp', '87984e2d2e35c09bd210d2a163bf18e452a1cda8b3ea8d5ee7e649d306798dc6', '[\"*\"]', '2023-12-08 21:18:40', '2023-12-08 21:05:14', '2023-12-08 21:18:40'),
(104, 'App\\Models\\User', 41, 'MyApp', 'b417681afc7b6526a64322d236ce5a575d5ef115b6bf3ef93728838416017cd9', '[\"*\"]', NULL, '2023-12-08 21:54:24', '2023-12-08 21:54:24'),
(105, 'App\\Models\\User', 41, 'MyApp', '1a7f7012bcb5d72d13f6a88669988a4a19df380a3ffc059ef79855d4e3d08a38', '[\"*\"]', NULL, '2023-12-08 21:54:24', '2023-12-08 21:54:24'),
(106, 'App\\Models\\User', 41, 'MyApp', 'b554d3fe5b132b38dad96c80741f029738c01f910e25c1c417dd794f43f6b7ac', '[\"*\"]', NULL, '2023-12-08 21:55:08', '2023-12-08 21:55:08'),
(107, 'App\\Models\\User', 41, 'MyApp', '86fdbcc116719fe0c1da7d888b87b76d914a105b32fcdac3ed84606bd2f9ca3c', '[\"*\"]', NULL, '2023-12-08 21:55:08', '2023-12-08 21:55:08'),
(108, 'App\\Models\\User', 41, 'MyApp', 'e6c81f8f9257531d6691d0a0172e44ffe670274e9cf08898d9023738766d2979', '[\"*\"]', NULL, '2023-12-08 21:55:17', '2023-12-08 21:55:17'),
(109, 'App\\Models\\User', 41, 'MyApp', '5332cec7e7ee2b4fc4a5e9d68941b09720c4377a8df6ab790f92db82d2a4a35c', '[\"*\"]', '2023-12-08 22:16:04', '2023-12-08 21:55:26', '2023-12-08 22:16:04'),
(110, 'App\\Models\\User', 41, 'MyApp', '8e80c6fc6427debee0471f5acde41fccaab13acc281922d7b71e51342a26654f', '[\"*\"]', NULL, '2023-12-08 21:55:29', '2023-12-08 21:55:29'),
(111, 'App\\Models\\User', 41, 'MyApp', 'd07fe2b3e2dcbfafd0544e4ef78c416bd14affe370db6925cdeda5543e16a5bd', '[\"*\"]', '2023-12-09 18:00:42', '2023-12-09 16:13:57', '2023-12-09 18:00:42'),
(112, 'App\\Models\\User', 41, 'MyApp', 'fafb96a958f19b524ce2a28db5beaa0ec5f0c65af6159a3c670ef3a13693fa89', '[\"*\"]', '2023-12-09 19:49:08', '2023-12-09 18:24:46', '2023-12-09 19:49:08'),
(113, 'App\\Models\\User', 3, 'MyApp', '1063ab5f00ad18d5fe68109cdc2f8e08d808c96351be65ca0d1c90c365eb714f', '[\"*\"]', NULL, '2023-12-25 19:10:33', '2023-12-25 19:10:33'),
(114, 'App\\Models\\User', 3, 'MyApp', '2850db43a5b958bb0a66d57ff62c4018b754a60909855787b8ff6d5f8a8bb2dc', '[\"*\"]', NULL, '2023-12-25 19:10:34', '2023-12-25 19:10:34'),
(115, 'App\\Models\\User', 41, 'MyApp', '11c136ea9c7c93c5830e5b22399011d50010db2673866677fc08b5fbda5637b2', '[\"*\"]', '2024-01-10 10:16:14', '2024-01-10 10:04:27', '2024-01-10 10:16:14'),
(116, 'App\\Models\\User', 41, 'MyApp', 'c50c5db3041b809af4bdf32c6121bb18839cb519f915c2825ddf3caf0085f016', '[\"*\"]', NULL, '2024-01-10 13:44:19', '2024-01-10 13:44:19'),
(117, 'App\\Models\\User', 39, 'MyApp', '33f02b0cdfcaf083d3d4d683bbd9f5a5492bb7f77f43d9c2e890dacea8c2cfa0', '[\"*\"]', '2024-02-02 15:40:07', '2024-01-19 10:46:23', '2024-02-02 15:40:07'),
(118, 'App\\Models\\User', 3, 'MyApp', '0600795e0b5e2b33ce833cc53e89a01f580044675f5e6cc1a4d8c890296f7a24', '[\"*\"]', NULL, '2024-01-22 13:46:31', '2024-01-22 13:46:31'),
(119, 'App\\Models\\User', 3, 'MyApp', 'a537b419cc769a6a6a8cdef06d5d1aaa6f7d14b9da169d88e7bbc109b1cefde3', '[\"*\"]', '2024-01-30 11:47:29', '2024-01-30 10:31:00', '2024-01-30 11:47:29'),
(120, 'App\\Models\\User', 3, 'MyApp', '48855a1fc6e5ebd5c0875a6765ca0b1abf711d71fa8f989918a70011ffc06fb9', '[\"*\"]', '2024-01-30 12:05:06', '2024-01-30 11:34:27', '2024-01-30 12:05:06'),
(121, 'App\\Models\\User', 3, 'MyApp', '58b3722d00635765532c481cad1dab6ebf9fd3cbb2576beda18637432379db77', '[\"*\"]', '2024-01-30 12:04:14', '2024-01-30 11:57:44', '2024-01-30 12:04:14');

-- --------------------------------------------------------

--
-- Table structure for table `relation_tos`
--

CREATE TABLE `relation_tos` (
  `id` bigint(20) UNSIGNED NOT NULL,
  `relation` varchar(255) NOT NULL,
  `created_at` timestamp NULL DEFAULT NULL,
  `updated_at` timestamp NULL DEFAULT NULL
) ENGINE=InnoDB DEFAULT CHARSET=utf8mb4 COLLATE=utf8mb4_unicode_ci;

--
-- Dumping data for table `relation_tos`
--

INSERT INTO `relation_tos` (`id`, `relation`, `created_at`, `updated_at`) VALUES
(1, 'parent', NULL, NULL),
(2, 'ancle', NULL, NULL),
(3, 'aunt', NULL, NULL),
(4, 'brother', NULL, NULL),
(5, 'sister', NULL, NULL),
(6, 'grand parent', NULL, NULL),
(7, 'sponsor', NULL, NULL),
(8, 'other', NULL, NULL);

-- --------------------------------------------------------

--
-- Table structure for table `remove_fees`
--

CREATE TABLE `remove_fees` (
  `id` bigint(20) UNSIGNED NOT NULL,
  `year` varchar(255) NOT NULL,
  `fee_name` varchar(255) NOT NULL,
  `reason` mediumtext NOT NULL,
  `action` varchar(255) NOT NULL DEFAULT 'not yet',
  `actionable_id` int(11) NOT NULL DEFAULT 0,
  `amount` decimal(17,2) NOT NULL,
  `paid_amount` decimal(17,2) NOT NULL,
  `student_id` bigint(20) UNSIGNED NOT NULL,
  `user_id` bigint(20) UNSIGNED NOT NULL,
  `fee_id` bigint(20) UNSIGNED NOT NULL,
  `fee_payment_id` bigint(20) UNSIGNED NOT NULL,
  `status` int(11) NOT NULL DEFAULT 0,
  `created_at` timestamp NULL DEFAULT NULL,
  `updated_at` timestamp NULL DEFAULT NULL
) ENGINE=InnoDB DEFAULT CHARSET=utf8mb4 COLLATE=utf8mb4_unicode_ci;

-- --------------------------------------------------------

--
-- Table structure for table `roles`
--

CREATE TABLE `roles` (
  `id` bigint(20) UNSIGNED NOT NULL,
  `role` varchar(255) NOT NULL,
  `color` varchar(255) NOT NULL,
  `created_at` timestamp NULL DEFAULT NULL,
  `updated_at` timestamp NULL DEFAULT NULL
) ENGINE=InnoDB DEFAULT CHARSET=utf8mb4 COLLATE=utf8mb4_unicode_ci;

--
-- Dumping data for table `roles`
--

INSERT INTO `roles` (`id`, `role`, `color`, `created_at`, `updated_at`) VALUES
(1, 'student', 'primary', NULL, NULL),
(2, 'teacher', 'primary', NULL, NULL),
(3, 'admin', 'warning', NULL, NULL),
(4, 'super admin', 'danger', NULL, NULL);

-- --------------------------------------------------------

--
-- Table structure for table `session_atendances`
--

CREATE TABLE `session_atendances` (
  `id` bigint(20) UNSIGNED NOT NULL,
  `year` varchar(255) NOT NULL,
  `date_att` varchar(255) NOT NULL,
  `date_no` int(11) NOT NULL,
  `student_id` bigint(20) UNSIGNED NOT NULL,
  `classroom_id` bigint(20) UNSIGNED NOT NULL,
  `subject_id` bigint(20) UNSIGNED NOT NULL,
  `level_id` bigint(20) UNSIGNED NOT NULL,
  `user_id` bigint(20) UNSIGNED NOT NULL,
  `attend` int(11) NOT NULL DEFAULT 0,
  `created_at` timestamp NULL DEFAULT NULL,
  `updated_at` timestamp NULL DEFAULT NULL
) ENGINE=InnoDB DEFAULT CHARSET=utf8mb4 COLLATE=utf8mb4_unicode_ci;

--
-- Dumping data for table `session_atendances`
--

INSERT INTO `session_atendances` (`id`, `year`, `date_att`, `date_no`, `student_id`, `classroom_id`, `subject_id`, `level_id`, `user_id`, `attend`, `created_at`, `updated_at`) VALUES
(17, '2023', '19/11/2023', 20231119, 13, 18, 21, 1, 3, 1, NULL, NULL),
(18, '2023', '19/11/2023', 20231119, 13, 18, 22, 1, 3, 0, NULL, NULL),
(19, '2023', '20/11/2023', 20231120, 13, 18, 22, 1, 3, 1, NULL, NULL),
(20, '2023', '28/11/2023', 20231128, 13, 22, 21, 1, 35, 1, NULL, NULL),
(21, '2023', '28/11/2023', 20231128, 14, 22, 21, 1, 35, 1, NULL, NULL),
(22, '2023', '28/11/2023', 20231128, 20, 22, 21, 1, 35, 0, NULL, NULL),
(23, '2023', '28/11/2023', 20231128, 19, 18, 25, 1, 41, 1, NULL, NULL),
(24, '2023', '28/11/2023', 20231128, 21, 18, 25, 1, 41, 0, NULL, NULL);

-- --------------------------------------------------------

--
-- Table structure for table `staff`
--

CREATE TABLE `staff` (
  `id` bigint(20) UNSIGNED NOT NULL,
  `initial` varchar(255) NOT NULL,
  `first_name` varchar(255) NOT NULL,
  `middle_name` varchar(255) NOT NULL,
  `last_name` varchar(255) NOT NULL,
  `gender` varchar(255) NOT NULL,
  `phone` varchar(255) NOT NULL,
  `photo` varchar(255) NOT NULL DEFAULT 'staff.png',
  `home_address` varchar(255) NOT NULL,
  `about_me` varchar(300) NOT NULL DEFAULT 'Am staff at jitegemee secondary',
  `email` varchar(255) NOT NULL,
  `index_no` varchar(255) NOT NULL,
  `user_id` bigint(20) UNSIGNED NOT NULL,
  `role_id` bigint(20) UNSIGNED NOT NULL,
  `department_id` bigint(20) UNSIGNED NOT NULL,
  `created_at` timestamp NULL DEFAULT NULL,
  `updated_at` timestamp NULL DEFAULT NULL
) ENGINE=InnoDB DEFAULT CHARSET=utf8mb4 COLLATE=utf8mb4_unicode_ci;

--
-- Dumping data for table `staff`
--

INSERT INTO `staff` (`id`, `initial`, `first_name`, `middle_name`, `last_name`, `gender`, `phone`, `photo`, `home_address`, `about_me`, `email`, `index_no`, `user_id`, `role_id`, `department_id`, `created_at`, `updated_at`) VALUES
(1, 'eng', 'richard', 'lally', 'mlimila', '1', '0768448525', 'man.png', 'buza', 'Am staff at jitegemee secondary poaa majangili ndosisi yaaa pesaa yeaaa ok duuu BADO ERRORS', 'engrithom1@gmail.com', '15367', 3, 4, 15, '2023-04-10 11:44:58', '2023-11-28 08:15:28'),
(6, 'eng', 'fredy', 'focus', 'palapala', '1', '0686255811', 'man.png', 'manzese', 'Am staff at jitegemee secondary', 'fredy', '87005', 3, 4, 15, '2023-11-19 23:21:08', '2023-11-28 16:33:32'),
(7, 'tr', 'sample', 'ticha', 'mkali', '2', '0768448545', 'man.png', 'kibaha', 'Am staff at jitegemee secondary', 'tichamkali', '17598', 3, 2, 15, '2023-11-19 23:26:35', '2023-11-19 23:26:35'),
(8, 'Mr', 'admin2', 'admission', 'Thomson', '1', '0768448525', 'man.png', 'Sinza', 'Am staff at jitegemee secondary', 'admin2', '27935', 3, 3, 2, '2023-11-26 11:13:56', '2023-11-26 11:13:56'),
(9, 'Mr', 'Admin3', 'Bob', 'mikwala', '1', '0768448503', 'man.png', 'buza', 'Am staff at jitegemee secondary', 'admin3', '49426', 33, 3, 3, '2023-11-27 04:46:30', '2023-11-27 04:46:30'),
(10, 'Tr', 'admin1', 'George', 'Mlapulani', '1', '0768448525', 'man.png', 'mbezi kwa zena', 'Am staff at jitegemee secondary', 'admin1', '65976', 35, 3, 1, '2023-11-27 06:20:37', '2023-11-27 06:20:37'),
(12, 'Ms', 'Diana', 'Jonathan', 'Bategereza', '2', '0655349300', 'man.png', 'Kigamboni', 'Am staff at jitegemee secondary', 'diajon', '87327', 3, 3, 2, '2023-11-28 12:08:51', '2023-11-28 12:08:51'),
(13, 'Mr', 'Jovin', 'Ngemera', 'Muchunguzi', '1', '0756624588', 'man.png', 'Mkuranga', 'Am staff at jitegemee secondary', 'jovinmuchunguzi7@gmail.com', '33540', 3, 3, 2, '2023-11-28 12:11:57', '2023-11-28 12:11:57'),
(14, 'Ms', 'Pendo', 'Gabriel', 'Mwaijibe', '2', '0682675100', 'man.png', 'Chanika', 'Am staff at jitegemee secondary', 'pendofortie@gmail.com', '27809', 3, 4, 1, '2023-11-28 13:17:24', '2023-11-28 13:17:24'),
(15, 'Mr', 'Abel', 'Charles', 'Malaba', '1', '0749401112', 'man.png', 'Kurasini', 'Am staff at jitegemee secondary', 'abel', '94930', 3, 3, 2, '2023-12-07 11:08:27', '2023-12-07 14:42:44'),
(16, 'Mr', 'Robert', 'Epimark', 'Kessy', '1', '0715278118', 'man.png', 'Dar es salaam', 'Am staff at jitegemee secondary', 'jitegemee1985@gmail.com', '86253', 42, 4, 22, '2023-12-07 14:32:27', '2023-12-07 14:32:27'),
(17, 'Ms', 'Jacquline', 'Anthony', 'Mponzi', '2', '0716525250', 'man.png', 'Dar es salaam', 'Am staff at jitegemee secondary', 'jitegemeesec1985@gmail.com', '51636', 42, 4, 22, '2023-12-07 14:36:14', '2023-12-07 14:36:14'),
(18, 'Mr', 'Uddi', 'Daudi', 'Maleva', '1', '0714930876', 'man.png', 'Dar es salaam', 'Am staff at jitegemee secondary', 'uddimaleva@gmail.com', '62740', 42, 2, 1, '2023-12-07 14:41:17', '2023-12-07 14:41:17'),
(19, 'Mr', 'Joseph', 'Athuman', 'Senerwa', '1', '0689204265', 'man.png', 'Tabata Kinyerezi', 'Am staff at jitegemee secondary', 'josephsenerwa1981@icloud.com', '82383', 42, 2, 39, '2023-12-07 14:48:45', '2023-12-07 14:48:45'),
(20, 'Mr', 'Alen', 'Salvatory', 'Benardo', '1', '0717555739', 'man.png', 'Ubungo Kibangu', 'Am staff at jitegemee secondary', 'allenbenardo@gmail.com', '21567', 42, 2, 15, '2023-12-07 14:50:59', '2023-12-07 14:50:59'),
(21, 'Mr', 'Jacobo', 'Daud', 'Ezekiel', '1', '0710943988', 'man.png', 'Dar es salaam', 'Am staff at jitegemee secondary', 'ezekiel', '55233', 42, 4, 2, '2023-12-07 16:38:52', '2023-12-07 16:38:52'),
(22, 'Mr', 'Hakiel', 'Charo', 'Hakiel', '1', '0694394226', 'man.png', 'Dar es salaam', 'Am staff at jitegemee secondary', 'hakielcharo47@gmail.com', '55108', 42, 2, 39, '2023-12-07 16:44:13', '2023-12-07 16:44:13'),
(23, 'Mr', 'john', 'kasongwa', 'ambakisye', '1', '0717413617', 'man.png', 'kitunda dsm', 'Am staff at jitegemee secondary', 'johnambakisye2021@gmail.com', '97180', 42, 4, 3, '2023-12-08 13:11:28', '2023-12-08 13:11:28'),
(24, 'Mr', 'anthony', 'masemele', 'masemele', '1', '0715275669', 'man.png', 'mbagala', 'Am staff at jitegemee secondary', 'anthony@gmail.com', '94643', 41, 2, 35, '2023-12-09 17:15:46', '2023-12-09 17:15:46'),
(25, 'Mr', 'abdallah', 'mgonja', 'mgonja', '1', '0716692028', 'man.png', 'kibaha', 'Am staff at jitegemee secondary', 'mgonja@gmail.com', '19374', 41, 2, 21, '2023-12-09 17:18:16', '2023-12-09 17:18:16'),
(26, 'Mr', 'emmanuel', 'lyanya', 'lyanga', '1', '0714503390', 'man.png', 'kitunda', 'Am staff at jitegemee secondary', 'lyanga@gmail.com', '82556', 41, 2, 1, '2023-12-09 17:20:39', '2023-12-09 17:20:39'),
(27, 'Mr', 'hassan', 'hussein', 'tweve', '1', '0622807764', 'man.png', 'mbande', 'Am staff at jitegemee secondary', 'hussein@gmail.com', '49052', 41, 2, 1, '2023-12-09 17:22:38', '2023-12-09 17:22:38'),
(28, 'Mr', 'omary', 'abdallah', 'abdallah', '1', '0713494591', 'man.png', 'mbagala', 'Am staff at jitegemee secondary', 'abdallah@gmail.com', '27308', 41, 2, 1, '2023-12-09 17:24:36', '2023-12-09 17:24:36'),
(29, 'Ms', 'lucy', 'nyaulingo', 'nyaulingo', '2', '0765900319', 'man.png', 'tabata', 'Am staff at jitegemee secondary', 'nyaulingo@gmail.com', '43941', 41, 2, 21, '2023-12-09 17:32:24', '2023-12-09 17:32:24'),
(30, 'Mr', 'abdallah', 'sumry', 'abdallah', '1', '0714253678', 'man.png', 'chanika', 'Am staff at jitegemee secondary', 'sumry@gmail.com', '29849', 41, 2, 21, '2023-12-09 17:53:19', '2023-12-09 17:53:19'),
(31, 'Mr', 'jairo', 'silvester', 'jairo', '1', '0622675634', 'man.png', 'tabata', 'Am staff at jitegemee secondary', 'jairo@gmail.com', '46946', 41, 2, 27, '2023-12-09 17:57:41', '2023-12-09 17:57:41'),
(32, 'Ms', 'emma', 'mosha', 'mkede', '2', '0784632601', 'man.png', 'chanika', 'Am staff at jitegemee secondary', 'mkede@gmail.com', '53704', 41, 3, 1, '2023-12-09 19:34:58', '2023-12-09 19:34:58'),
(33, 'Ms', 'rehema', 'lisasi', 'lisasi', '2', '0715291949', 'man.png', 'kitunda', 'Am staff at jitegemee secondary', 'reheme@gmail.com', '86527', 41, 2, 24, '2023-12-09 19:37:09', '2023-12-09 19:37:09'),
(34, 'Mr', 'fadhili', 'ngajime', 'ngajime', '1', '0769795711', 'man.png', 'kigamboni', 'Am staff at jitegemee secondary', 'ngajime@gmail.com', '48557', 41, 2, 15, '2023-12-09 19:38:43', '2023-12-09 19:38:43'),
(35, 'Mr', 'daniel', 'daniel', 'nalingigwa', '1', '0715550777', 'man.png', 'tabata', 'Am staff at jitegemee secondary', 'nalingigwa@gmail.com', '17593', 41, 2, 15, '2023-12-09 19:40:55', '2023-12-09 19:40:55');

-- --------------------------------------------------------

--
-- Table structure for table `students`
--

CREATE TABLE `students` (
  `id` bigint(20) UNSIGNED NOT NULL,
  `first_name` varchar(255) NOT NULL,
  `middle_name` varchar(255) NOT NULL,
  `last_name` varchar(255) NOT NULL,
  `gender` varchar(255) NOT NULL,
  `phone` varchar(255) NOT NULL DEFAULT 'no phone',
  `photo` varchar(255) NOT NULL DEFAULT 'staff.png',
  `home_address` varchar(255) NOT NULL,
  `email` varchar(255) NOT NULL DEFAULT 'no email',
  `accademic_year` varchar(255) NOT NULL,
  `regist_year` varchar(50) NOT NULL DEFAULT '00000000',
  `nationality` varchar(255) NOT NULL,
  `birth_date` varchar(255) NOT NULL,
  `behavior` varchar(255) NOT NULL DEFAULT 'no comment',
  `transfer_reason` varchar(255) NOT NULL DEFAULT 'no transfer',
  `relation_to` varchar(255) NOT NULL,
  `school_from` varchar(255) NOT NULL DEFAULT 'no transfer',
  `entry` varchar(255) NOT NULL,
  `admission` varchar(255) NOT NULL,
  `hearth` varchar(255) NOT NULL,
  `religion` varchar(50) NOT NULL,
  `birth_place` varchar(50) NOT NULL,
  `former_school` varchar(120) NOT NULL,
  `index_no` varchar(255) NOT NULL,
  `prem_no` varchar(50) NOT NULL DEFAULT '00000000',
  `student_status_id` bigint(20) UNSIGNED NOT NULL DEFAULT 1,
  `parent_status_id` int(20) NOT NULL,
  `classroom_id` bigint(20) UNSIGNED NOT NULL,
  `level_id` bigint(20) UNSIGNED NOT NULL,
  `parent_id` bigint(20) UNSIGNED NOT NULL,
  `user_id` bigint(20) UNSIGNED NOT NULL,
  `created_at` timestamp NULL DEFAULT NULL,
  `updated_at` timestamp NULL DEFAULT NULL
) ENGINE=InnoDB DEFAULT CHARSET=utf8mb4 COLLATE=utf8mb4_unicode_ci;

--
-- Dumping data for table `students`
--

INSERT INTO `students` (`id`, `first_name`, `middle_name`, `last_name`, `gender`, `phone`, `photo`, `home_address`, `email`, `accademic_year`, `regist_year`, `nationality`, `birth_date`, `behavior`, `transfer_reason`, `relation_to`, `school_from`, `entry`, `admission`, `hearth`, `religion`, `birth_place`, `former_school`, `index_no`, `prem_no`, `student_status_id`, `parent_status_id`, `classroom_id`, `level_id`, `parent_id`, `user_id`, `created_at`, `updated_at`) VALUES
(13, 'richard', 'thomson', 'mlimila', '1', '0768448525', 'man.png', 'kigamboni', 'no email', '2023', '2023', 'tanzanian', '2008-02-20', 'no comment', 'follow parent', '1', 'msamala sec', '2', '2', '1', 'free', 'songea', 'msamala sec', '400000', '12345', 1, 1, 22, 1, 11, 3, '2023-11-20 00:12:29', '2023-12-11 13:02:43'),
(22, 'Emmanuel', 'Dominick', 'Mkai', '1', '0767865946', 'man.png', 'Kigamboni', 'no email', '2024', '2024', 'Tanzanian', '2009-12-15', 'no comment', 'Parent request', '1', 'Helasita Secondary', '2', '2', '1', 'Christian', 'Dar es salaam', 'Helasita Secondary', '419743', '0', 1, 1, 25, 2, 16, 42, '2023-12-11 05:00:00', NULL),
(23, 'Ilham', 'Hafidhi', 'Bashir', '2', '0753211152', 'man.png', 'Temeke Buza', 'no email', '2024', '2024', 'Tanzanian', '2010-06-02', 'no comment', 'no comment', '1', 'no school', '1', '1', '1', 'Islamic', 'Dar es salaam', 'Jitegemee secondary', '419354', '0', 1, 1, 27, 2, 17, 42, '2023-12-11 05:00:00', NULL),
(24, 'Glads', 'Greyson', 'Dallu', '2', '0754688468', 'man.png', 'Temeke', 'no email', '2024', '2024', 'Tanzanian', '2010-03-01', 'no comment', 'no comment', '1', 'no school', '1', '1', '1', 'Christian', 'Dar es salaam', 'JItegemee secondary', '419344', '0', 1, 3, 26, 2, 18, 42, '2023-12-11 05:00:00', NULL),
(25, 'Hawa', 'Hamis', 'Ismail', '2', '0714684869', 'man.png', 'Dar es salaam', 'no email', '2024', '2024', 'Tanzanian', '2006-02-10', 'no comment', 'no comment', '1', 'no school', '1', '2', '1', 'Christian', 'Mtwara', 'Jitegemee secondary', '419349', '0', 1, 1, 25, 2, 19, 42, '2023-12-11 05:00:00', NULL),
(26, 'Janeth', 'Yohana', 'Safe', '2', '0715880210', 'man.png', 'Dar es salaam', 'no email', '2024', '2024', 'Tanzanian', '2008-08-27', 'no comment', 'no comment', '1', 'no school', '1', '1', '1', 'Christian', 'Temeke', 'Jitegemee secondary', '419358', '0', 1, 1, 27, 2, 20, 42, '2023-12-11 05:00:00', NULL),
(27, 'GLORIA', 'MOSES', 'CHITAD', '2', '0755947747', 'man.png', 'DAR ES SALAAM', 'no email', '2024', '2024', 'TANZANIAN', '2009-04-30', 'no comment', 'no comment', '1', 'no school', '1', '2', '1', 'CHRISTIAN', 'MWANZA', 'JITEGEMEE SECONDARY', '419345', '0', 1, 1, 26, 2, 21, 42, '2023-12-11 05:00:00', NULL),
(28, 'ELICE', 'JOHN', 'MAKOYE', '2', '0685882048', 'man.png', 'MWANZA', 'no email', '2024', '2024', 'TANZANIAN', '2009-09-09', 'no comment', 'no comment', '1', 'no school', '1', '1', '1', 'CHRISTIAN', 'MWANZA', 'JITEGEMEE SECONDARY', '419337', '0', 1, 1, 27, 2, 22, 42, '2023-12-11 05:00:00', NULL),
(29, 'ASIA', 'SELEMANI', 'MTIPA', '2', '0758994352', 'man.png', 'DAR ES SALAAM', 'no email', '2024', '2024', 'TANZANIAN', '2010-01-15', 'no comment', 'no comment', '1', 'no school', '1', '1', '1', 'ISLAMIC', 'TEMEKE', 'JITEGEMEE SECONDARY', '419325', '0', 1, 1, 27, 2, 23, 42, '2023-12-11 05:00:00', NULL),
(30, 'BATISEBA', 'ABDALLAH', 'MAGANGA', '2', '0715564878', 'man.png', 'TABORA', 'no email', '2024', '2024', 'TANZANIAN', '2008-10-31', 'no comment', 'no comment', '1', 'no school', '1', '1', '1', 'CHRISTIAN', 'MUHEZA', 'JITEGEMEE SECONDARY', '419328', '0', 1, 1, 26, 2, 24, 42, '2023-12-11 05:00:00', NULL),
(31, 'NANCY', 'PATRICK', 'MATARA', '2', '0653130677', 'man.png', 'DAR ES SALAAM', 'no email', '2024', '2024', 'TANZANIAN', '2006-05-11', 'no comment', 'no comment', '1', 'no school', '1', '1', '1', 'CHRISTIAN', 'KINONDONI', 'JITEGEMEE SECONDARY', '419536', '0', 1, 1, 26, 2, 25, 42, '2023-12-11 05:00:00', NULL),
(32, 'AISHA', 'HAMAD', 'MATEMELELA', '2', '0757558832', 'man.png', 'DAR ES SALAAM', 'no email', '2024', '2024', 'TANZANIAN', '2009-07-13', 'no comment', 'no comment', '1', 'no school', '1', '1', '1', 'ISLAMIC', 'TEMEKE', 'JITEGEMEE SECONDARY', '419319', '0', 1, 1, 27, 2, 26, 42, '2023-12-11 05:00:00', NULL),
(33, 'TAUSI', 'MBARAKA', 'BENDE', '2', '0752717177', 'man.png', 'DAR ES SALAAM', 'no email', '2024', '2024', 'TANZANIAN', '2008-12-11', 'no comment', 'no comment', '1', 'no school', '1', '1', '1', 'ISLAMIC', 'ILALA', 'JITEGEMEE SECONDARY', '419555', '0', 1, 1, 26, 2, 28, 42, '2023-12-11 05:00:00', NULL),
(34, 'KURUTHUMU', 'ABDALLAH', 'MOHAMEDI', '2', '0752067942', 'man.png', 'SINGIDA', 'no email', '2024', '2024', 'TANZANIAN', '2008-06-29', 'no comment', 'no comment', '1', 'no school', '1', '1', '1', 'ISLAMIC', 'IRAMBA', 'JITEGEMEE SECONDARY', '419528', '0', 1, 1, 26, 2, 29, 42, '2023-12-11 05:00:00', NULL),
(35, 'SAMIR', 'SAID', 'WAKILY', '1', '0622223367', 'man.png', 'PWANI', 'no email', '2024', '2024', 'TANZANIAN', '2009-06-17', 'no comment', 'no comment', '1', 'no school', '1', '2', '1', 'ISLAMIC', 'KIBAHA', 'JITEGEMEE SECONDARY', '419549', '0', 1, 1, 25, 2, 30, 42, '2023-12-11 05:00:00', '2023-12-16 01:49:53'),
(36, 'SELEIMAN', 'ABDALLAH', 'OMARY', '1', '0769000060', 'man.png', 'DAR ES SALAAM', 'no email', '2024', '2024', 'TANZANIAN', '2010-02-06', 'no comment', 'no comment', '1', 'no school', '1', '1', '1', 'ISLAMIC', 'TEMEKE', 'JITEGEMEE SECONDARY', '419554', '0', 1, 1, 25, 2, 31, 42, '2023-12-11 05:00:00', '2024-01-30 11:07:27'),
(37, 'LOVENESS', 'VASCO', 'SOKO', '2', '0783016200', 'man.png', 'DAR ES SALAAM', 'no email', '2024', '2024', 'TANZANIAN', '2010-08-10', 'no comment', 'no comment', '1', 'no school', '1', '1', '1', 'CHRISTIAN', 'TEMEKE', 'JITEGEMEE SECONDARY', '419526', '0', 1, 1, 26, 2, 32, 42, '2023-12-11 05:00:00', NULL),
(38, 'BROWN', 'JOSEPH', 'CHOAJI', '1', '0782726494', 'man.png', 'MTWARA', 'no email', '2024', '2024', 'TANZANIAN', '2008-02-23', 'no comment', 'no comment', '1', 'no school', '1', '1', '1', 'CHRISTIAN', 'MTWARA MANISPAA', 'JITEGEMEE SECONDARY', '419333', '0', 1, 1, 25, 2, 33, 42, '2023-12-11 05:00:00', NULL),
(39, 'NADYA', 'SAIS', 'MGOHA', '2', '0693584207', 'man.png', 'DAR ES SALAAM', 'no email', '2024', '2024', 'TANZANIAN', '2010-04-08', 'no comment', 'no comment', '1', 'no school', '1', '1', '1', 'ISLAMIC', 'TEMEKE', 'JITEGEMEE SECONDARY', '419534', '0', 1, 3, 27, 2, 34, 42, '2023-12-11 05:00:00', NULL),
(40, 'OBRIA', 'JOHN', 'MSONGANZILA', '1', '0765596251', 'man.png', 'DAR ES SALAAM', 'no email', '2024', '2024', 'TANZANIAN', '2010-02-05', 'no comment', 'no comment', '1', 'no school', '1', '2', '1', 'CHRISTIAN', 'ILALA', 'JITEGEMEE SECONDARY', '419539', '0', 1, 1, 27, 2, 35, 42, '2023-12-11 05:00:00', NULL),
(41, 'SELEMAN', 'SALUM', 'KABUNDA', '1', '0768868669', 'man.png', 'SHINYANGA', 'no email', '2024', '2024', 'TANZANIAN', '2010-06-04', 'no comment', 'no comment', '1', 'no school', '1', '1', '1', 'ISLAMIC', 'KAHAMA', 'JITEGEMEE SECONDARY', '419552', '0', 1, 3, 25, 2, 36, 42, '2023-12-12 05:00:00', NULL),
(42, 'PRAISEGOD', 'FRANCIS', 'SEMPINDU', '1', '0713307945', 'man.png', 'DAR ES SALAAM', 'no email', '2024', '2024', 'TANZANIAN', '2010-03-27', 'no comment', 'no comment', '1', 'no school', '1', '2', '1', 'CHRISTIAN', 'ILALA', 'JITEGEMEE SECONDARY', '419543', '0', 1, 1, 25, 2, 37, 42, '2023-12-12 05:00:00', NULL),
(43, 'KOMBO', 'HASSAN', 'SHAKA', '1', '0713761800', 'man.png', 'SINGIDA', 'no email', '2024', '2024', 'TANZANIAN', '2003-07-19', 'no comment', 'no comment', '1', 'no school', '1', '1', '1', 'CHRISTIAN', 'IRAMBA', 'JITEGEMEE SECONDARY', '419523', '0', 1, 3, 25, 2, 38, 42, '2023-12-12 05:00:00', NULL),
(44, 'FAULATH', 'SHABAN', 'SAID', '2', '0714684869', 'man.png', 'DAR ES SALAAM', 'no email', '2024', '2024', 'TANZANIAN', '2007-08-16', 'no comment', 'no comment', '1', 'no school', '1', '2', '1', 'ISLAMIC', 'TEMEKE', 'JITEGEMEE SECONDARY', '419339', '0', 1, 1, 25, 2, 19, 42, '2023-12-13 05:00:00', NULL),
(45, 'SAMIRA', 'SAID', 'KOMBO', '2', '0713267297', 'man.png', 'MOROGORO', 'no email', '2024', '2024', 'TANZANIAN', '2009-09-16', 'no comment', 'no comment', '1', 'no school', '1', '1', '1', 'ISLAMIC', 'GAIRO', 'JITEGEMEE SECONDARY', '419550', '0', 1, 3, 25, 2, 39, 42, '2023-12-13 05:00:00', NULL),
(46, 'ALLEN', 'JOSEPH', 'MKAPA', '1', '0717244640', 'man.png', 'DAR ES SALAAM', 'no email', '2024', '2024', 'TANZANIAN', '2010-05-16', 'no comment', 'no comment', '1', 'no school', '1', '1', '1', 'CHRISTIAN', 'TEMEKE', 'JITEGEMEE SECONDARY', '419322', '0', 1, 1, 25, 2, 40, 42, '2023-12-13 05:00:00', NULL),
(47, 'HUSNA', 'BENJAMINI', 'MARKO', '2', '0678218326', 'man.png', 'DAR ES SALAAM', 'no email', '2024', '2024', 'TANZANIAN', '2009-09-23', 'no comment', 'no comment', '1', 'no school', '1', '2', '1', 'ISLAMIC', 'NYAMAGANA', 'JITEGEMEE SECONDARY', '419351', '0', 1, 3, 25, 2, 41, 42, '2023-12-13 05:00:00', NULL),
(48, 'MOSES', 'AMON', 'ASIMBINGWE', '1', '0758241000', 'man.png', 'DAR ES SALAAM', 'no email', '2024', '2024', 'TANZANIAN', '2009-11-17', 'no comment', 'no comment', '1', 'no school', '1', '1', '1', 'ISLAMIC', 'TEMEKE', 'JITEGEMEE SECONDARY', '419531', '0', 1, 1, 25, 2, 42, 42, '2023-12-13 05:00:00', NULL),
(49, 'MWAFATIMA', 'DAUDA', 'SALUM', '2', '0686151848', 'man.png', 'DAR ES SALAAM', 'no email', '2024', '2024', 'TANZANIAN', '2008-06-17', 'no comment', 'no comment', '1', 'no school', '1', '2', '1', 'ISLAMIC', 'ILALA', 'JITEGEMEE SECONDARY', '419533', '0', 1, 1, 25, 2, 43, 42, '2023-12-13 05:00:00', NULL),
(50, 'KELVIN', 'SHAGA', 'NG\'ANG\'ISE', '1', '0755141381', 'man.png', 'DARCES SALAAM', 'no email', '2024', '2024', 'TANZANIAN', '2010-10-12', 'no comment', 'no comment', '1', 'no school', '1', '1', '1', 'CHRISTIAN', 'TEMEKE', 'JITEGEMEE SECONDARY', '419522', '0', 1, 1, 25, 2, 44, 42, '2023-12-13 05:00:00', NULL),
(51, 'ELIAS', 'MASHAKA', 'MABOKO', '1', '0787124035', 'man.png', 'DAR ES SALAAM', 'no email', '2024', '2024', 'TANZANIAN', '2010-12-26', 'no comment', 'no comment', '1', 'no school', '1', '1', '1', 'CHRISTIAN', 'TEMEKE', 'JITEGEMEE SECONDARY', '419336', '0', 1, 1, 25, 2, 46, 42, '2023-12-13 05:00:00', NULL),
(52, 'ERICK', 'MESANGA', 'MATIKO', '1', '0754988820', 'man.png', 'MARA', 'no email', '2024', '2024', 'TANZANIAN', '2008-10-26', 'no comment', 'no comment', '5', 'no school', '1', '1', '1', 'CHRISTIAN', 'TARIME', 'JITEGEMEE SECONDARY', '419338', '0', 1, 1, 25, 2, 47, 42, '2023-12-13 05:00:00', NULL),
(53, 'LUBAYNA', 'ABDALLAH', 'ABDILLAHI', '2', '0653887716', 'man.png', 'ZANZIBAR', 'no email', '2024', '2024', 'TANZANIAN', '2008-05-07', 'no comment', 'no comment', '1', 'no school', '1', '2', '1', 'ISLAMIC', 'ZANZIBAR', 'JITEGEMEE SECONDARY', '419527', '0', 1, 1, 25, 2, 48, 42, '2023-12-13 05:00:00', NULL),
(54, 'AKRAM', 'HAMAD', 'HATIBU', '1', '0712007899', 'man.png', 'DAR ES SALAAM', 'no email', '2024', '2024', 'TANZANIAN', '2009-11-06', 'no comment', 'no comment', '1', 'no school', '1', '1', '1', 'ISLAMIC', 'TEMEKE', 'JITEGEMEE SECONDARY', '419320', '0', 1, 1, 25, 2, 49, 42, '2023-12-13 05:00:00', NULL),
(55, 'JUMA', 'AMAN', 'BEGA', '1', '0783265131', 'man.png', 'DAR ES SALAAM', 'no email', '2024', '2024', 'TANZANIAN', '2010-05-29', 'no comment', 'no comment', '1', 'no school', '1', '1', '1', 'ISLAMIC', 'TEMEKE', 'JITEGEMEE SECONDARY', '419516', '0', 1, 1, 25, 2, 50, 42, '2023-12-13 05:00:00', NULL),
(56, 'PHILEMON', 'HASTING\'S', 'PHILIPHO', '1', '0758088662', 'man.png', 'DAR ES SALAAM', 'no email', '2024', '2024', 'TANZANIAN', '2008-10-20', 'no comment', 'no comment', '6', 'no school', '1', '1', '1', 'CHRISTIAN', 'TEMEKE', 'JITEGEMEE SECONDARY', '419542', '0', 1, 4, 25, 2, 51, 42, '2023-12-13 05:00:00', NULL),
(57, '.BRAIN', 'GEORGE', 'MMBA', '1', '0656673578', 'man.png', 'DAR ES SALAAM', 'no email', '2024', '2024', 'TANZANIAN', '2008-11-16', 'no comment', 'no comment', '1', 'no school', '1', '1', '1', 'CHRISTIAN', 'KINONDONI', 'JITEGEMEE SECONDARY', '419330', '0', 1, 1, 25, 2, 52, 42, '2023-12-13 05:00:00', NULL),
(58, 'HUSSEIN', 'SALEHE', 'SANGA', '1', '0692552514', 'man.png', 'DAR ES SALAAM', 'no email', '2024', '2024', 'TANZANIAN', '2007-01-02', 'no comment', 'no comment', '1', 'no school', '1', '1', '1', 'ISLAMIC', 'MOROGORO MJINI', 'JITEGEMEE SECONDARY', '419352', '0', 1, 3, 25, 2, 53, 42, '2023-12-13 05:00:00', NULL),
(59, 'JOHN', 'INNOCENT', 'DANIEL', '1', '0745128733', 'man.png', 'DAR ES SALAAM', 'no email', '2024', '2024', 'TANZANIAN', '2007-11-28', 'no comment', 'no comment', '1', 'no school', '1', '1', '1', 'CHRISTIAN', 'KINONDONI', 'JITEGEMEE SECONDARY', '419515', '0', 1, 3, 25, 2, 54, 42, '2023-12-13 05:00:00', NULL),
(60, 'PATRICK', 'SAIDI', 'KEMANAE', '1', '0778453834', 'man.png', 'SINGIDA', 'no email', '2024', '2024', 'TANZAINAN', '2009-06-28', 'no comment', 'no comment', '1', 'no school', '1', '2', '1', 'CHRISTIAN', 'SINGIDA', 'JITEGEMEE SECONDARY', '419541', '0', 1, 1, 25, 2, 55, 42, '2023-12-13 05:00:00', NULL),
(61, 'ALFRED', 'LUMWECHA', 'SWAGI', '1', '0715182264', 'man.png', 'MWANZA', 'no email', '2024', '2024', 'TANZANIAN', '2006-03-03', 'no comment', 'no comment', '1', 'no school', '1', '2', '1', 'CHRISTIAN', 'SENGEREMA', 'JITEGEMEE SECONDARY', '419314', '0', 1, 1, 25, 2, 56, 42, '2023-12-13 05:00:00', NULL),
(62, 'GELWAMA', 'LIBUTI', 'MAHENGE', '1', '0767712935', 'man.png', 'SONGWE', 'no email', '2024', '2024', 'TANZANIAN', '2009-11-12', 'no comment', 'no comment', '1', 'no school', '1', '2', '1', 'CHRISTIAN', 'MOMBA', 'JITEGEMEE SECONDARY', '419340', '0', 1, 3, 26, 2, 57, 42, '2023-12-14 05:00:00', NULL),
(63, 'MAGRETH', 'MAJALIWA', 'MATHIAS', '2', '0743856820', 'man.png', 'MWANZA', 'no email', '2024', '2024', 'TANZANIAN', '2010-07-18', 'no comment', 'no comment', '1', 'no school', '1', '2', '1', 'CHRISTIAN', 'MAGU', 'JITEGEMEE SECONDARY', '419613', '0', 1, 3, 26, 2, 59, 42, '2023-12-14 05:00:00', NULL),
(64, 'MOHAMED', 'MAULIDI', 'SALUM', '2', '0784062717', 'man.png', 'DAR ES SALAAM', 'no email', '2024', '2024', 'TANZANIAN', '2008-02-02', 'no comment', 'no comment', '1', 'no school', '1', '1', '1', 'ISLAMIC', 'KINONDONI', 'JITEGEMEE SECONDARY', '419616', '0', 1, 3, 26, 2, 58, 42, '2023-12-14 05:00:00', NULL),
(65, 'SALUM', 'MAULIDI', 'SALUM', '1', '0784377787', 'man.png', 'DAR ES SALAAM', 'no email', '2024', '2024', 'TANZANIAN', '2009-11-03', 'no comment', 'no comment', '1', 'no school', '1', '1', '1', 'ISLAMIC', 'ILALA', 'JITEGEMEE SECONDARY', '419615', '0', 1, 3, 25, 2, 58, 42, '2023-12-14 05:00:00', NULL),
(66, 'ABUBAKARI', 'AHMAD', 'MAKAMUA', '1', '0719561773', 'man.png', 'MOROGORO', 'no email', '2024', '2024', 'TANZANIAN', '2010-04-08', 'no comment', 'no comment', '1', 'no school', '1', '2', '1', 'ISLAMIC', 'MIKUMI', 'JITEGEMEE SECONDARY', '419316', '0', 1, 1, 27, 2, 60, 42, '2023-12-14 05:00:00', NULL),
(67, 'REDEMTA', 'BASHIRI', 'HAKIKA', '2', '0762719911', 'man.png', 'DAR ES SALAAM', 'no email', '2024', '2024', 'TANZANIAN', '2010-08-02', 'no comment', 'no comment', '1', 'no school', '1', '1', '1', 'ISLAMIC', 'ILALA', 'JITEGEMEE SECONDARY', '419545', '0', 1, 1, 27, 2, 27, 42, '2023-12-14 05:00:00', NULL),
(68, 'NOELY', 'JACOB', 'CHIKUSI', '1', '0782844438', 'man.png', 'DODOMA', 'no email', '2024', '2024', 'TANZANIAN', '2007-12-23', 'no comment', 'no comment', '1', 'no school', '1', '1', '1', 'CHRISTIAN', 'KONGWA', 'JITEGEMEE SECONDARY', '419538', '0', 1, 1, 27, 2, 61, 42, '2023-12-14 05:00:00', NULL),
(69, 'YUMWEMA', 'DANIEL', 'CHARLES', '2', '0789848221', 'man.png', 'DAR ES SALAAM', 'no email', '2024', '2024', 'TANZANIAN', '2009-11-14', 'no comment', 'no comment', '1', 'no school', '1', '1', '1', 'CHRISTIAN', 'KASULU', 'JITEGEMEE SECONDARY', '419558', '0', 1, 1, 26, 2, 62, 42, '2023-12-14 05:00:00', NULL),
(70, 'ASHA', 'CHANDE', 'MATUNGA', '2', '0658455250', 'man.png', 'DAR ES SALAAM', 'no email', '2024', '2024', 'TANZANIAN', '2006-01-22', 'no comment', 'no comment', '1', 'no school', '1', '1', '1', 'ISLAMIC', 'TEMEKE', 'JITEGEMEE SECONDARY', '419324', '0', 1, 1, 27, 2, 63, 42, '2023-12-14 05:00:00', NULL),
(71, 'BARAKA', 'AYUBU', 'ZINGA', '1', '0685352676', 'man.png', 'DAR ES SALAAM', 'no email', '2024', '2024', 'TANZANIAN', '2008-12-19', 'no comment', 'no comment', '1', 'no school', '1', '1', '1', 'CHRISTIAN', 'ILALA', 'JITEGEMEE SECONDARY', '419327', '0', 1, 1, 27, 2, 64, 42, '2023-12-14 05:00:00', NULL),
(72, 'ABDULHAMEED', 'MUSTAFA', 'MTENGA', '1', '0715475600', 'man.png', 'TEMEKE', 'no email', '2024', '2024', 'TANZANIAN', '2007-11-11', 'no comment', 'no comment', '1', 'no school', '1', '1', '1', 'ISLAMIC', 'MTWARA', 'JITEGEMEE JKT SECONDARY', '419744', '0', 1, 1, 25, 2, 65, 42, '2024-01-19 05:00:00', NULL),
(73, 'PETER', 'ORRIO', 'NG\'ORO', '1', '0718166722', 'man.png', 'KONGWA', 'no email', '2024', '2024', 'TANZANIAN', '2007-01-05', 'no comment', 'no comment', '1', 'no school', '1', '2', '1', 'CHRISTIAN', 'DODOMA', 'JITEGEMEE JKT SECONDARY', '419745', '0', 1, 1, 25, 2, 66, 42, '2024-01-19 05:00:00', NULL),
(74, 'EVA', 'TRYPHONE', 'SEVERINO', '2', '0787019045', 'man.png', 'MBAGARA', 'no email', '2024', '2024', 'TANZANIA', '2010-09-27', 'no comment', 'no comment', '1', 'no school', '1', '1', '1', 'CHRISTIAN', 'TABORA', 'FRANSALIAN PR SCHOOL', '419746', '0', 1, 1, 18, 1, 68, 39, '2024-01-19 05:00:00', NULL),
(75, 'SEVELIN', 'GABRIEL', 'TEUNUS', '1', '0675552067', 'man.png', 'TABATA', 'no email', '2024', '2024', 'TANZANIA', '2010-02-01', 'no comment', 'no comment', '1', 'no school', '1', '2', '1', 'CHRISTIAN', 'ILALA', 'COTTOLENGO', '419747', '0', 1, 1, 18, 1, 69, 39, '2024-01-19 05:00:00', NULL),
(76, 'MUHAMAD', 'HASSAN', 'JUMA', '1', '0713997693', 'man.png', 'MBAGALA', 'no email', '2024', '2024', 'TANZANIA', '2009-01-29', 'no comment', 'no comment', '5', 'no school', '1', '1', '1', 'MUSLIM', 'ARUSHA', 'KISIMANI PR SCHOOL', '419748', '0', 1, 1, 18, 1, 70, 39, '2024-01-19 05:00:00', NULL),
(77, 'WARIDI', 'ELIA', 'MBWAMBO', '2', '0623857820', 'man.png', 'TEMEKE', 'no email', '2024', '2024', 'TANZANIA', '2010-10-13', 'no comment', 'no comment', '1', 'no school', '1', '1', '1', 'KRISTU', 'NYIKANI MOSHI', 'MARY OUR HELP', '419749', '0', 1, 1, 18, 1, 72, 39, '2024-01-19 05:00:00', NULL),
(78, 'SAITA', 'AMANI', 'MWAMAKOMBE', '1', '0754670715', 'man.png', 'MBEZI', 'no email', '2024', '2024', 'TANZANIA', '2010-09-27', 'no comment', 'no comment', '1', 'no school', '1', '2', '1', 'KRISTU', 'TEMEKE', 'NABA PR SCHOOL', '419750', '0', 1, 1, 18, 1, 73, 39, '2024-01-19 05:00:00', NULL),
(79, 'JOSHUA', 'PASCHAL', 'MASSENGE', '1', '0756026286', 'man.png', 'TEMEKE', 'no email', '2024', '2024', 'TANZANIA', '2011-03-12', 'no comment', 'no comment', '1', 'no school', '1', '1', '1', 'MKRISTU', 'KINONDONI', 'DIAMOND PR SCHOOL', '419751', '0', 1, 1, 18, 1, 74, 39, '2024-01-19 05:00:00', NULL),
(80, 'RASHID', 'AWESO', 'CHAZUA', '1', '0719373097', 'man.png', 'TEMEKE', 'no email', '2024', '2024', 'TANZANIA', '2009-10-10', 'no comment', 'no comment', '1', 'no school', '1', '1', '1', 'MUSLAM', 'TEMEKE', 'GREAT VISION', '419752', '0', 1, 1, 18, 1, 75, 39, '2024-01-19 05:00:00', NULL),
(81, 'LUCKMAN', 'ABDULY', 'GONGOLO', '1', '0713310383', 'man.png', 'TEMEKE', 'no email', '2024', '2024', 'TANZANIA', '2011-05-11', 'no comment', 'no comment', '1', 'no school', '1', '1', '1', 'MUSLAM', 'TEMEKE', 'BAHATI PR SCHOOL', '419753', '0', 1, 1, 18, 1, 76, 39, '2024-01-19 05:00:00', NULL),
(82, 'ZULEKHA', 'RAMADHANI', 'MADELEMO', '2', '0686160332', 'man.png', 'TEMEKE', 'no email', '2024', '2024', 'TANZANIA', '2010-08-17', 'no comment', 'no comment', '1', 'no school', '1', '1', '1', 'MUSLAM', 'TEMEKE', 'NYAMATA PR SCHOOL', '419754', '0', 1, 1, 18, 1, 77, 39, '2024-01-19 05:00:00', NULL),
(83, 'ASPOLO', 'PETRO', 'THOMAS', '2', '0786202020', 'man.png', 'KIGAMBONI', 'no email', '2024', '2024', 'TANZANIA', '2010-05-12', 'no comment', 'no comment', '1', 'no school', '1', '1', '1', 'MKRISTO', 'MARA', 'DARAJANI', '419755', '0', 1, 1, 18, 1, 78, 39, '2024-01-19 05:00:00', NULL),
(84, 'NADIA', 'HEMEDI', 'NDAMBWE', '2', '0718543885', 'man.png', 'TEMEKE', 'no email', '2024', '2024', 'TANZANIA', '2010-11-11', 'no comment', 'no comment', '1', 'no school', '1', '1', '1', 'MUSLAM', 'MKURANGA', 'MTONI MTONGANI PR SCHOOL', '419756', '0', 1, 1, 18, 1, 67, 39, '2024-01-19 05:00:00', NULL),
(85, 'CLAIRE', 'DONALD', 'MASSAWE', '2', '0755415582', 'man.png', 'TEMEKE', 'no email', '2024', '2024', 'TANZANIA', '2013-05-27', 'no comment', 'no comment', '1', 'no school', '1', '1', '1', 'KRISTU', 'TEMEKE', 'BARNEY PR SCHOOL', '419757', '0', 1, 1, 18, 1, 79, 39, '2024-01-19 05:00:00', NULL),
(86, 'ANICIA', 'FREDRICK', 'SHIRIMA', '2', '0658005039', 'man.png', 'PWANI', 'no email', '2024', '2024', 'TANZANI', '2011-02-20', 'no comment', 'no comment', '1', 'no school', '1', '2', '1', 'MKRISTU', 'MOSHI', 'ST. JOHN BOSCO SCHOOL', '419758', '0', 1, 1, 18, 1, 80, 39, '2024-01-19 05:00:00', NULL),
(87, 'PRISCA', 'SOPHIA', 'YUSUPH', '2', '0658005039', 'man.png', 'KIBAHA', 'no email', '2024', '2024', 'TANZANIA', '2009-09-15', 'no comment', 'no comment', '2', 'no school', '1', '2', '1', 'MKRISTU', 'PWANI', 'LITTLEWOOD PR SCHOOL', '419759', '0', 1, 4, 18, 1, 80, 39, '2024-01-19 05:00:00', NULL),
(88, 'BALQIS', 'ABBAS', 'HASSAN', '2', '0710611108', 'man.png', 'KINONDONI', 'no email', '2024', '2024', 'TANZANIA', '2010-06-13', 'no comment', 'no comment', '4', 'no school', '1', '2', '1', 'MUSLAM', 'KINONDONI', 'UPANGA PR SCHOOL', '419760', '0', 1, 1, 18, 1, 81, 39, '2024-01-19 05:00:00', NULL),
(89, 'ASNAT', 'AHMED', 'WAZIRI', '2', '0769168874', 'man.png', 'PUGU', 'no email', '2024', '2024', 'TANZANIA', '2010-08-09', 'no comment', 'no comment', '1', 'no school', '1', '2', '1', 'MUSLAM', 'MWANZA', 'BRIGTH INFANT PR SCHOOL', '419761', '0', 1, 1, 18, 1, 82, 39, '2024-01-19 05:00:00', NULL),
(90, 'SHABIR', 'MOHAMED', 'ABDALLAH', '2', '0657043025', 'man.png', 'TEMEKE', 'no email', '2024', '2024', 'TANZANIA', '2009-06-06', 'no comment', 'no comment', '1', 'no school', '1', '1', '1', 'MUSLAM', 'ILALA', 'ST.MARYIES PR SCHOOL', '419762', '0', 1, 1, 18, 1, 83, 39, '2024-01-19 05:00:00', NULL),
(91, 'ENDRICA', 'EMMANUEL', 'MASSAWE', '2', '0658005039', 'man.png', 'PWANI', 'no email', '2024', '2024', 'TANZANIA', '2010-10-22', 'no comment', 'no comment', '2', 'no school', '1', '2', '1', 'MKRISTU', 'MOSHI', 'LITTLEWOOD PR SCHOOL', '419763', '0', 1, 4, 18, 1, 80, 39, '2024-01-19 05:00:00', NULL),
(92, 'NOELLA', 'ARNOLD', 'KYARA', '2', '0765781414', 'man.png', 'DODOMA', 'no email', '2024', '2024', 'TANZANIA', '2009-12-25', 'no comment', 'no comment', '1', 'no school', '1', '2', '1', 'KRISTIAN', 'DODOMA', 'MARTIN LUTHER', '419764', '0', 1, 1, 18, 1, 84, 39, '2024-01-19 05:00:00', NULL),
(93, 'IPYANA', 'SEMU', 'MWAKYANJARA', '1', '0763211375', 'man.png', 'CHANIKA', 'no email', '2024', '2024', 'TANZANIA', '2009-07-26', 'no comment', 'no comment', '1', 'no school', '1', '2', '1', 'MKIRISTU', 'TEMEKE', 'ST ANNE MARIE', '419765', '0', 1, 1, 18, 1, 85, 39, '2024-01-19 05:00:00', NULL),
(94, 'MARIA', 'LUSEKELO', 'CAMEROON', '2', '0753186389', 'man.png', 'TEMEKE', 'no email', '2024', '2024', 'TANZANIA', '2011-04-08', 'no comment', 'no comment', '1', 'no school', '1', '1', '1', 'MKRISTO', 'TEMEKE', 'MGULANI', '419766', '0', 1, 1, 18, 1, 86, 39, '2024-01-19 05:00:00', NULL),
(95, 'ASHA', 'IBRAHIM', 'HAJI', '2', '0657998935', 'man.png', 'KONGOWE', 'no email', '2024', '2024', 'TANZANIA', '2004-12-06', 'no comment', 'no comment', '1', 'no school', '1', '1', '1', 'MUSLIM', 'LIGULA', 'JITEGEMEE', '419767', '0', 1, 1, 37, 5, 87, 39, '2024-01-19 05:00:00', NULL),
(96, 'ASHERI', 'NYONDO', 'HAULE', '1', '0718162931', 'man.png', 'KIGAMBONI', 'no email', '2024', '2024', 'TANZANIA', '2004-01-26', 'no comment', 'no comment', '1', 'no school', '1', '1', '1', 'MKRISTO', 'TEMEKE', 'JITEGEMEE', '419768', '0', 1, 1, 37, 5, 88, 39, '2024-01-19 05:00:00', NULL),
(97, 'LAWRENCE', 'BARAKA', 'MOSHA', '1', '0658005039', 'man.png', 'KIBAHA', 'no email', '2024', '2024', 'TANZANIA', '2005-07-30', 'no comment', 'no comment', '1', 'no school', '1', '2', '1', 'KRISTU', 'TEMEKE', 'JITEGEE SEC', '419769', '0', 1, 4, 37, 5, 80, 39, '2024-01-19 05:00:00', NULL),
(98, 'ROBERT', 'SEBASTIAN', 'LWAHO', '1', '0625553093', 'man.png', 'KIGAMBONI', 'no email', '2024', '2024', 'TANZANIA', '2004-02-12', 'no comment', 'no comment', '1', 'no school', '1', '1', '1', 'MKRISTO', 'IRINGA', 'PEMBA MNAZI', '419770', '0', 1, 1, 37, 5, 89, 39, '2024-01-19 05:00:00', NULL),
(99, 'ASHRAAPHA', 'MUSTAPHA', 'MTENGA', '2', '0756475600', 'man.png', 'KIGAMBONI', 'no email', '2024', '2024', 'TANZANIA', '2005-01-27', 'no comment', 'no comment', '1', 'no school', '1', '1', '1', 'MUISLAM', 'RUVUMA', 'NUR ISLAMIC', '419771', '0', 1, 1, 37, 5, 65, 39, '2024-01-19 05:00:00', NULL),
(100, 'NADYA', 'KHAMIS', 'MSIMBA', '2', '0654839615', 'man.png', 'ILALA', 'no email', '2024', '2024', 'TANZANIA', '2005-10-12', 'no comment', 'no comment', '1', 'no school', '1', '2', '1', 'MUISLAM', 'ILALA', 'MIGOMBANI', '419772', '0', 1, 1, 37, 5, 90, 39, '2024-01-19 05:00:00', NULL),
(101, 'SAMIR', 'ABDALLAH', 'MOHAMED', '1', '0776830442', 'man.png', 'ZANZIBAR', 'no email', '2024', '2024', 'TANZANIA', '2006-07-23', 'no comment', 'no comment', '1', 'no school', '1', '1', '1', 'MUISLAM', 'UNGUJA', 'UNGUJA UKUU SEC', '419773', '0', 1, 1, 37, 5, 91, 39, '2024-01-19 05:00:00', NULL),
(102, 'ISMAIL', 'EBRAHIM', 'MKETTO', '1', '0752272752', 'man.png', 'TONGOMA', 'no email', '2024', '2024', 'TANZANIA', '2005-10-04', 'no comment', 'no comment', '4', 'no school', '1', '2', '1', 'MUISLAM', 'TEMEKE', 'TANDIKA SEC', '419774', '0', 1, 4, 37, 5, 92, 39, '2024-01-19 05:00:00', NULL),
(103, 'MAIKO', 'JOAKIM', 'JEREMANO', '1', '0692521271', 'man.png', 'KIGAMBONI', 'no email', '2024', '2024', 'TANZANIA', '2001-02-25', 'no comment', 'no comment', '1', 'no school', '1', '1', '1', 'MKRISTO', 'KIGOMA', 'BUHINGU', '419775', '0', 1, 1, 37, 5, 93, 39, '2024-01-19 05:00:00', NULL),
(104, 'ABDULKARIM', 'N.', 'JUMA', '1', '0655532299', 'man.png', 'MBEZI', 'no email', '2024', '2024', 'TANZANIA', '2005-04-30', 'no comment', 'no comment', '1', 'no school', '1', '2', '1', 'MUSLAM', 'KINONDONI', 'MWANDEGE BOYS', '419776', '0', 1, 1, 42, 5, 94, 39, '2024-01-22 05:00:00', NULL),
(105, 'GIADNESS', 'ROBERT', 'MABUSI', '2', '0655480806', 'man.png', 'GONGOLAMBOTO', 'no email', '2024', '2024', 'TANZANIA', '2005-12-21', 'no comment', 'no comment', '1', 'no school', '1', '1', '1', 'MKIRISTO', 'ILEMELA', 'MBONDOLE', '419777', '0', 1, 1, 42, 5, 95, 39, '2024-01-22 05:00:00', NULL),
(106, 'JUSTINE', 'JAMES', 'JONATHAN', '1', '0655072629', 'man.png', 'KIGAMBONI', 'no email', '2024', '2024', 'TANZANIA', '2005-08-10', 'no comment', 'no comment', '1', 'no school', '1', '1', '1', 'MKRISTO', 'KIGAMBONI', 'MIVINJENI', '419778', '0', 1, 1, 41, 5, 96, 39, '2024-01-22 05:00:00', NULL),
(107, 'SEFU', 'YUSUPH', 'SELEMANI', '1', '0782276355', 'man.png', 'KIGAMBONI', 'no email', '2024', '2024', 'TANZANIA', '2004-05-20', 'no comment', 'no comment', '1', 'no school', '1', '1', '1', 'MUISLAM', 'TEMEKE', 'VIJIBWENI', '419779', '0', 1, 1, 41, 5, 97, 39, '2024-01-22 05:00:00', NULL),
(108, 'NAJMA', 'HAMIS', 'MUSSA', '2', '0688141623', 'man.png', 'CHAMANZI', 'no email', '2024', '2024', 'TANZANIA', '2005-06-06', 'no comment', 'no comment', '1', 'no school', '1', '1', '1', 'MUISLAM', 'TEMEKE', 'CHAMANZI SEC', '419780', '0', 1, 1, 41, 5, 98, 39, '2024-01-22 05:00:00', NULL),
(109, 'BAHAU', 'BASHIRU', 'MSHUMBUSI', '1', '0717668876', 'man.png', 'MAJIMATITU', 'no email', '2024', '2024', 'TANZANIA', '2004-05-11', 'no comment', 'no comment', '1', 'no school', '1', '1', '1', 'MUISLAM', 'IFAKALA', 'WAMI SEC', '419781', '0', 1, 1, 41, 5, 99, 39, '2024-01-22 05:00:00', NULL),
(110, 'IDRISA', 'JUMANNE', 'SELEMAN', '1', '0717207698', 'man.png', 'MACHIMBO', 'no email', '2024', '2024', 'TANZANIA', '2004-11-20', 'no comment', 'no comment', '1', 'no school', '1', '1', '1', 'MUISLAM', 'ILALA', 'MCHANGANYIKO', '419782', '0', 1, 1, 34, 5, 100, 39, '2024-01-22 05:00:00', NULL),
(111, 'HAJI', 'OMARY', 'KHALIDY', '1', '0692480506', 'man.png', 'MBAGALA KUU', 'no email', '2024', '2024', 'TANZANIA', '2001-09-10', 'no comment', 'no comment', '1', 'no school', '1', '1', '1', 'MUISLAM', 'TEMEKE', 'ROSEHILL', '419783', '0', 1, 1, 34, 5, 101, 39, '2024-01-22 05:00:00', NULL),
(112, 'ADAM', 'HAMAD', 'MBWAMBO', '1', '0766127461', 'man.png', 'MANZESE', 'no email', '2024', '2024', 'TANZANIA', '2002-05-15', 'no comment', 'no comment', '1', 'no school', '1', '2', '1', 'MUISLAM', 'KOROGWE TANGA', 'MAKONGO', '419784', '0', 1, 1, 34, 5, 102, 39, '2024-01-22 05:00:00', NULL),
(113, 'ANNASTAZIA', 'JAMES', 'MBUNDA', '2', '0780091361', 'man.png', 'MBAGALA KUU', 'no email', '2024', '2024', 'TANZANIA', '2005-05-08', 'no comment', 'no comment', '1', 'no school', '1', '1', '1', 'MKRISTU', 'TEMEKE', 'GILLI GILS', '419785', '0', 1, 1, 34, 5, 103, 39, '2024-01-22 05:00:00', NULL),
(114, 'SUZANA', 'OSCAR', 'WIHANZI', '2', '0765636022', 'man.png', 'MBAGALA', 'no email', '2024', '2024', 'TANZANIA', '2006-03-09', 'no comment', 'no comment', '1', 'no school', '1', '1', '1', 'MKRISTO', 'IRINGA', 'MLANDEGE SEC', '419786', '0', 1, 1, 34, 5, 104, 39, '2024-01-22 05:00:00', NULL),
(115, 'FAUZIA', 'K', 'SHOMARI', '2', '0715570136', 'man.png', 'MBAGALA SAKU', 'no email', '2024', '2024', 'TANZANIA', '2005-05-14', 'no comment', 'no comment', '1', 'no school', '1', '2', '1', 'MUISLAM', 'TEMEKE', 'KIBAIGWA', '419787', '0', 1, 1, 34, 5, 105, 39, '2024-01-22 05:00:00', NULL),
(116, 'ALEX', 'PIUS', 'LUJO', '1', '0782747979', 'man.png', 'KIGAMBONI', 'no email', '2024', '2024', 'TANZANIA', '2004-12-16', 'no comment', 'no comment', '1', 'no school', '1', '1', '1', 'MKIRISTO', 'KIGAMBONI', 'TUNGI', '419788', '0', 1, 1, 35, 5, 106, 39, '2024-01-22 05:00:00', NULL),
(117, 'BAHATI', 'HASSAN', 'MTONDOMWELE', '2', '0713646332', 'man.png', 'TOANGOMA', 'no email', '2024', '2024', 'TANZANIA', '2003-09-16', 'no comment', 'no comment', '3', 'no school', '1', '1', '1', 'MUISLAM', 'KILWA', 'KINGUGI', '419789', '0', 1, 1, 35, 5, 107, 39, '2024-01-22 05:00:00', NULL),
(118, 'AMIRI', 'MOHAMEDI', 'MAYOLA', '1', '0718883653', 'man.png', 'TAMBANI', 'no email', '2024', '2024', 'TANZANIA', '2002-10-17', 'no comment', 'no comment', '1', 'no school', '1', '1', '1', 'MUISLAM', 'TEMEKE', 'KIBASILA', '419790', '0', 1, 1, 35, 5, 108, 39, '2024-01-22 05:00:00', NULL),
(119, 'SHEDRACK', 'PETER', 'MJEMA', '1', '0715407741', 'man.png', 'MAJOHE', 'no email', '2024', '2024', 'TANZANIA', '2004-07-26', 'no comment', 'no comment', '1', 'no school', '1', '2', '1', 'MUISLAM', 'ILALA', 'LUMO', '419791', '0', 1, 1, 35, 5, 109, 39, '2024-01-22 05:00:00', NULL),
(120, 'CHANGLA', 'MANJE', 'JOHN', '2', '0685033944', 'man.png', 'TABATA', 'no email', '2024', '2024', 'TANZANIA', '2002-09-15', 'no comment', 'no comment', '3', 'no school', '1', '2', '1', 'MKRISTO', 'ILALA', 'JITEGEMEE', '419792', '0', 1, 1, 35, 5, 110, 39, '2024-01-22 05:00:00', NULL),
(121, 'IBRAHIM', 'OMARY', 'SAID', '1', '0653471540', 'man.png', 'CHANIKA', 'no email', '2024', '2024', 'TANZANIA', '2004-07-16', 'no comment', 'no comment', '1', 'no school', '1', '2', '1', 'MUISLAM', 'KISARAWE', 'NGUVU MPYA', '419793', '0', 1, 1, 35, 5, 111, 39, '2024-01-22 05:00:00', NULL),
(122, 'FATUMA', 'YASINI', 'BAKARI', '2', '0654548880', 'man.png', 'MBEZI MAKONDE', 'no email', '2024', '2024', 'TANZANIA', '2005-10-25', 'no comment', 'no comment', '1', 'no school', '1', '1', '1', 'MKRISTO', 'KINONDONI', 'KAWE UKWAMANI', '419794', '0', 1, 1, 35, 5, 112, 39, '2024-01-22 05:00:00', NULL),
(123, 'ISMAILI', 'HAMISI', 'BAKARI', '1', '0655401778', 'man.png', 'MBAGALA KUU', 'no email', '2024', '2024', 'TANZANIA', '2005-08-14', 'no comment', 'no comment', '1', 'no school', '1', '1', '1', 'MUISLAM', 'ILALA', 'KINGUGI', '419795', '0', 1, 1, 35, 5, 113, 39, '2024-01-22 05:00:00', NULL),
(124, 'ZERIMINA', 'YUSUPH', 'BASHIRI', '2', '0756078055', 'man.png', 'KIGAMBONI', 'no email', '2024', '2024', 'TANZANIA', '2004-08-07', 'no comment', 'no comment', '1', 'no school', '1', '1', '1', 'MUISLAM', 'KINONDONI', 'MAKONGO', '419796', '0', 1, 1, 35, 5, 114, 39, '2024-01-22 05:00:00', NULL),
(125, 'JOSHUA', 'YAKOBO', 'NJAKO', '1', '0654321866', 'man.png', 'KIZUIANI', 'no email', '2024', '2024', 'TANZANIA', '2005-04-24', 'no comment', 'no comment', '1', 'no school', '1', '1', '1', 'MKRISTO', 'MBINGA', 'NANDEMBO', '419797', '0', 1, 1, 35, 5, 115, 39, '2024-01-22 05:00:00', NULL),
(126, 'ARAFATI', 'YASINI', 'KAIMU', '2', '0692231041', 'man.png', 'KIJICHI', 'no email', '2024', '2024', 'TANZANIA', '2005-12-01', 'no comment', 'no comment', '5', 'no school', '1', '1', '1', 'MUISLAM', 'TEMEKE', 'KIUMA SEC', '419798', '0', 1, 1, 35, 5, 116, 39, '2024-01-22 05:00:00', NULL),
(127, 'ASHRAF', 'JUMA', 'ASHRAF', '1', '0718919271', 'man.png', 'KIJICHI', 'no email', '2024', '2024', 'TANZANIA', '2005-06-10', 'no comment', 'no comment', '5', 'no school', '1', '1', '1', 'MUISLAM', 'MUHEZA', 'KIJICHI', '419799', '0', 1, 1, 35, 5, 117, 39, '2024-01-22 05:00:00', NULL),
(128, 'FREDIRICK', 'ELIAS', 'ARON', '1', '0682292009', 'man.png', 'MBEZI', 'no email', '2024', '2024', 'TANZANIA', '2005-02-18', 'no comment', 'no comment', '1', 'no school', '1', '1', '1', 'MUISLAM', 'SINGIDA', 'JITEGEMEE', '419800', '0', 1, 1, 35, 5, 118, 39, '2024-01-22 05:00:00', NULL),
(129, 'HAMISI', 'RAJABU', 'KITWANA', '1', '0789398562', 'man.png', 'KIGAMBONI', 'no email', '2024', '2024', 'TANZANIA', '2005-08-09', 'no comment', 'no comment', '1', 'no school', '1', '1', '1', 'MUISLAM', 'ILAILA', 'JITEGEMEE', '419801', '0', 1, 1, 35, 5, 119, 39, '2024-01-22 05:00:00', NULL),
(130, 'SAMWEL', 'PRAYGOD', 'MMBAGA', '1', '0713428800', 'man.png', 'TEMEKE', 'no email', '2024', '2024', 'TANZANIA', '2004-11-17', 'no comment', 'no comment', '3', 'no school', '1', '1', '1', 'MKRISTU', 'TEMEKE', 'BARABARA YA MWINYI', '419802', '0', 1, 1, 35, 5, 120, 39, '2024-01-22 05:00:00', NULL),
(131, 'ISAYA', 'EMMANUEL', 'MANGAYA', '1', '0713436351', 'man.png', 'TEMEKE', 'no email', '2024', '2024', 'TANZANIA', '2004-06-30', 'no comment', 'no comment', '1', 'no school', '1', '1', '1', 'MKRISTU', 'TEMEKE', 'JITEGEMEE', '419803', '0', 1, 1, 35, 5, 121, 39, '2024-01-22 05:00:00', NULL),
(132, 'OMARI', 'ALLY', 'KALAGE', '1', '0711462200', 'man.png', 'MBAGALA', 'no email', '2024', '2024', 'TANZANIA', '2004-03-31', 'no comment', 'no comment', '1', 'no school', '1', '1', '1', 'MUISLAM', 'DODOMA', 'TEMEKE', '419804', '0', 1, 1, 35, 5, 122, 39, '2024-01-22 05:00:00', NULL),
(133, 'EMMANUEL', 'ISSACK', 'MNUO', '1', '0625468434', 'man.png', 'KIGAMBONI', 'no email', '2024', '2024', 'TANZANIA', '2005-07-11', 'no comment', 'no comment', '1', 'no school', '1', '1', '1', 'MKRISTU', 'TEMEKE', 'KAMENE', '419805', '0', 1, 1, 35, 5, 123, 39, '2024-01-22 05:00:00', NULL),
(134, 'FRANK', 'FLORENCE', 'EMPHRAIM', '1', '0715484258', 'man.png', 'YOMBO', 'no email', '2024', '2024', 'TANZANIA', '2002-06-19', 'no comment', 'no comment', '1', 'no school', '1', '1', '1', 'MKRISTO', 'KILIMANJARO', 'BARA BARA YA MWINYI', '419806', '0', 1, 1, 35, 5, 124, 39, '2024-01-22 05:00:00', NULL),
(135, 'SAID', 'ABDALLAH', 'RAJABU', '1', '0782787442', 'man.png', 'UBUNGO MAKOKA', 'no email', '2024', '2024', 'TANZANIA', '2004-11-10', 'no comment', 'no comment', '1', 'no school', '1', '2', '1', 'MUISLAM', 'SUA', 'MAKOKA', '419807', '0', 1, 1, 35, 5, 125, 39, '2024-01-22 05:00:00', NULL),
(136, 'HUSSEIN', 'MWITA', 'HUSSEIN', '1', '0762242779', 'man.png', 'BUNJU', 'no email', '2024', '2024', 'TANZANIA', '2004-09-09', 'no comment', 'no comment', '2', 'no school', '1', '2', '1', 'MKRISTO', 'SHINYANGA', 'MGONGO', '419808', '0', 1, 1, 35, 5, 126, 39, '2024-01-22 05:00:00', NULL),
(137, 'SHARIFA', 'SALUMU', 'KAMCHUZI', '2', '0657603621', 'man.png', 'MBAGALA', 'no email', '2024', '2024', 'TANZANIA', '2004-12-12', 'no comment', 'no comment', '1', 'no school', '1', '2', '1', 'MUISLAM', 'ILALA', 'KIZUIANI', '419809', '0', 1, 1, 35, 5, 127, 39, '2024-01-22 05:00:00', NULL),
(138, 'AISHA', 'LIUNJA', 'TINDWA', '2', '0715323083', 'man.png', 'KIBADA', 'no email', '2024', '2024', 'TANZANIA', '2002-12-10', 'no comment', 'no comment', '1', 'no school', '1', '1', '1', 'MUISLAM', 'KIGAMBONI', 'JITEGEMEE', '419810', '0', 1, 1, 51, 6, 128, 39, '2024-01-22 05:00:00', NULL),
(139, 'ABOUBAKARY', 'SALEHE', 'MSUSA', '1', '0684233229', 'man.png', 'BUGURUNI', 'no email', '2024', '2024', 'TANZANIA', '0004-03-22', 'no comment', 'no comment', '1', 'no school', '1', '1', '1', 'MUISLAM', 'ILALA', 'JITEGEMEE', '419811', '0', 1, 1, 51, 6, 129, 39, '2024-01-22 05:00:00', NULL),
(140, 'SAIMONI', 'HAMISI', 'MWENDANUKA', '1', '0754842046', 'man.png', 'TEMEKE', 'no email', '2024', '2024', 'TANZANIA', '2003-06-29', 'no comment', 'no comment', '1', 'no school', '1', '1', '1', 'MUISLAM', 'MOMBA', 'JITEGEMEE', '419812', '0', 1, 1, 51, 6, 130, 39, '2024-01-22 05:00:00', NULL),
(141, 'GODPHREY', 'JUNIOR', 'RAPHAEL', '1', '0784270139', 'man.png', 'TABATA', 'no email', '2024', '2024', 'TANZANIA', '2004-08-13', 'no comment', 'no comment', '2', 'no school', '1', '2', '1', 'MKRISTU', 'ILEMELA', 'JITEGEMEE', '419813', '0', 1, 1, 51, 6, 131, 39, '2024-01-22 05:00:00', NULL),
(142, 'HUSNA', 'HASHIM', 'HASSAN', '2', '0713996202', 'man.png', 'MTWARA', 'no email', '2024', '2024', 'TANZANIA', '2005-03-07', 'no comment', 'no comment', '1', 'no school', '1', '2', '1', 'MUISLAM', 'ARUMERU', 'JITEGEMEE', '419814', '0', 1, 1, 51, 6, 132, 39, '2024-01-22 05:00:00', NULL),
(143, 'EVELINA', 'BEN', 'MWABULAMBO', '2', '0655434231', 'man.png', 'TEMEKE', 'no email', '2024', '2024', 'TANZANIA', '2002-12-22', 'no comment', 'no comment', '1', 'no school', '1', '1', '1', 'MKRISTU', 'TEMEKE', 'JITEGEMEE', '419815', '0', 1, 1, 51, 6, 133, 39, '2024-01-22 05:00:00', NULL),
(144, 'HENERIKA', 'YOHANA', 'KEPHA', '2', '0682755285', 'man.png', 'TEMEKE', 'no email', '2024', '2024', 'TANZANIA', '2004-03-07', 'no comment', 'no comment', '1', 'no school', '1', '1', '1', 'MKRISTO', 'TEMEKE', 'JITEGEMEE', '419816', '0', 1, 1, 51, 6, 134, 39, '2024-01-22 05:00:00', NULL),
(145, 'JULIANA', 'ELIAS', 'MKALUKA', '2', '0719318955', 'man.png', 'TEMEKE', 'no email', '2024', '2024', 'TANZANIA', '2002-08-30', 'no comment', 'no comment', '1', 'no school', '1', '1', '1', 'MKRISTO', 'TEMEKE', 'JITEGEMEE', '419817', '0', 1, 1, 45, 6, 135, 39, '2024-01-22 05:00:00', NULL),
(146, 'IDDI', 'MGENI', 'MMETTA', '1', '0782208866', 'man.png', 'TEMEKE', 'no email', '2024', '2024', 'TANZANIA', '2003-12-26', 'no comment', 'no comment', '1', 'no school', '1', '1', '1', 'MUISLAM', 'ARUSHA', 'JITEGEMEE', '419818', '0', 1, 1, 45, 6, 136, 39, '2024-01-22 05:00:00', NULL),
(147, 'LISTER', 'EMMANUEL', 'NYAMWANJI', '1', '0652165415', 'man.png', 'DODOMA', 'no email', '2024', '2024', 'TANZANIA', '2000-06-18', 'no comment', 'no comment', '1', 'no school', '1', '2', '1', 'MKRISTU', 'DODOMA', 'JITEGEMEE', '419819', '0', 1, 1, 45, 6, 137, 39, '2024-01-22 05:00:00', NULL),
(148, 'FEVI', 'HAMIS', 'MASANA', '1', '0783529734', 'man.png', 'KIGAMBONI', 'no email', '2024', '2024', 'TANZANIA', '2004-11-07', 'no comment', 'no comment', '1', 'no school', '1', '1', '1', 'MKIRISTU', 'DODOMA', 'KIMBIJI', '419820', '0', 1, 1, 43, 6, 138, 39, '2024-01-22 05:00:00', NULL),
(149, 'VICTOR', 'DISMAS', 'LYANGA', '1', '0718945353', 'man.png', 'MBAGALA', 'no email', '2024', '2024', 'TANZANIA', '2004-06-25', 'no comment', 'no comment', '1', 'no school', '1', '1', '1', 'MKRISTU', 'ILALA', 'JITEGEMEE', '419821', '0', 1, 1, 49, 6, 139, 39, '2024-01-22 05:00:00', NULL),
(150, 'ARSEN', 'WILBERT', 'MDUMA', '1', '0625556010', 'man.png', 'CHAMANZI', 'no email', '2024', '2024', 'TANZANIA', '2005-10-05', 'no comment', 'no comment', '1', 'no school', '1', '2', '1', 'MKRISTU', 'PWANI', 'KWEMA MODERN', '419822', '0', 1, 1, 50, 6, 140, 39, '2024-01-22 05:00:00', NULL),
(151, 'PARTICK', 'PAUL', 'AFYUSISYE', '1', '0763552220', 'man.png', 'KIGAMBONI', 'no email', '2024', '2024', 'TANZANIA', '2002-12-31', 'no comment', 'no comment', '1', 'no school', '1', '2', '1', 'MKRISTO', 'ARUSHA', 'SAMUNGE SEC', '419823', '0', 1, 1, 43, 6, 141, 39, '2024-01-22 05:00:00', NULL),
(152, 'TONNY', 'KENEDY', 'MMARY', '1', '0747202537', 'man.png', 'ARUSHA', 'no email', '2024', '2024', 'TANZANIA', '2005-05-23', 'no comment', 'no comment', '1', 'no school', '1', '2', '1', 'MKRISTO', 'HAI KILIMANJARO', 'ENDALLAH SEC', '419824', '0', 1, 1, 50, 6, 142, 39, '2024-01-22 05:00:00', NULL),
(153, 'FEISAL', 'ABDALLAH', 'MWANGU', '1', '0728111309', 'man.png', 'KONGOWE', 'no email', '2024', '2024', 'TANZANIA', '2008-11-24', 'no comment', 'no comment', '1', 'no school', '1', '1', '1', 'MUISLAM', 'TEMEKE', 'KIBAHA ENGL MEDIUM', '419825', '0', 1, 1, 24, 1, 143, 39, '2024-01-25 05:00:00', NULL),
(154, 'KOMBO', 'KAGUSA', 'RAMADHANI', '1', '0714426565', 'man.png', 'KIVULE', 'no email', '2024', '2024', 'TANZANIA', '2009-06-21', 'no comment', 'no comment', '1', 'no school', '1', '2', '1', 'MUISLAM', 'ILALA', 'SERENGETI PRIMEL', '419826', '0', 1, 1, 24, 1, 144, 39, '2024-01-25 05:00:00', NULL),
(155, 'SAMWELI', 'OMBENI', 'MSUYA', '1', '0718614685', 'man.png', 'KONGOWE', 'no email', '2024', '2024', 'TANZANIA', '2010-03-15', 'no comment', 'no comment', '1', 'no school', '1', '2', '1', 'MKRISTO', 'KOROGWE', 'UNYANYEMBE', '419827', '0', 1, 1, 24, 1, 145, 39, '2024-01-25 05:00:00', NULL),
(156, 'DENIS', 'COLMAN', 'MBOYA', '1', '0718859635', 'man.png', 'KIGAMBONI', 'no email', '2024', '2024', 'TANZANIA', '2009-09-24', 'no comment', 'no comment', '1', 'no school', '1', '2', '1', 'MKRISTU', 'MOSHI', 'KISARAWE II', '419828', '0', 1, 1, 24, 1, 146, 39, '2024-01-25 05:00:00', NULL),
(157, 'NASIR', 'YASIR', 'MCHONDO', '1', '0788658585', 'man.png', 'KIBAHA', 'no email', '2024', '2024', 'TANZANIA', '2011-11-15', 'no comment', 'no comment', '1', 'no school', '1', '2', '1', 'MUISLAM', 'KIBAHA', 'TURKISH MAARIF', '419829', '0', 1, 1, 24, 1, 147, 39, '2024-01-25 05:00:00', NULL),
(158, 'JUSTINE', 'AMBROSE', 'SILAYO', '1', '0683676764', 'man.png', 'KEKO JUU', 'no email', '2024', '2024', 'TANZANIA', '2010-07-27', 'no comment', 'no comment', '1', 'no school', '1', '2', '1', 'MKRISTO', 'TEMEKE', 'TAIFA', '419830', '0', 1, 1, 24, 1, 148, 39, '2024-01-25 05:00:00', NULL),
(159, 'ASHIRAF', 'ABDALLAH', 'MAFUTAH', '1', '0621828282', 'man.png', 'MTONGANI', 'no email', '2024', '2024', 'TANZANIA', '2009-05-13', 'no comment', 'no comment', '1', 'no school', '1', '1', '1', 'MUISLAM', 'TEMEKE', 'BWAWANI', '419831', '0', 1, 1, 24, 1, 149, 39, '2024-01-25 05:00:00', NULL),
(160, 'IBRAHIM', 'JOHN', 'ERNEST', '1', '0652632197', 'man.png', 'TEMEKE', 'no email', '2024', '2024', 'TANZANIA', '2009-10-14', 'no comment', 'no comment', '1', 'no school', '1', '1', '1', 'MKRISTU', 'CHAMWINO', 'MGUNGA', '419832', '0', 1, 1, 24, 1, 150, 39, '2024-01-25 05:00:00', NULL),
(161, 'MUSSA', 'ABDALLAH', 'MTULILA', '1', '0682711282', 'man.png', 'KILUNGULE', 'no email', '2024', '2024', 'TANZANIA', '2010-07-07', 'no comment', 'no comment', '1', 'no school', '1', '1', '1', 'MUISLAM', 'TEMEKE', 'KIBURUGWA', '419833', '0', 1, 1, 24, 1, 151, 39, '2024-01-25 05:00:00', NULL),
(162, 'SAID', 'MPELEMBE', 'AUSI', '1', '0718097107', 'man.png', 'KIJICHI', 'no email', '2024', '2024', 'TANZANIA', '2010-01-17', 'no comment', 'no comment', '1', 'no school', '1', '1', '1', 'MUISLAM', 'TEMEKE', 'MBAGALA', '419834', '0', 1, 1, 24, 1, 152, 39, '2024-01-25 05:00:00', NULL),
(163, 'NORICK', 'DAUDI', 'CHANG\'A', '1', '0755372447', 'man.png', 'BUZA', 'no email', '2024', '2024', 'TANZANIA', '2011-07-05', 'no comment', 'no comment', '1', 'no school', '1', '1', '1', 'MKRISTO', 'TUKUYU', 'UMOJA PR', '419835', '0', 1, 1, 24, 1, 153, 39, '2024-01-25 05:00:00', NULL),
(164, 'IBRAHIM', 'ONESMO', 'GABRIEL', '1', '0714578119', 'man.png', 'VINGUNGUTI', 'no email', '2024', '2024', 'TANZANIA', '2009-10-28', 'no comment', 'no comment', '1', 'no school', '1', '1', '1', 'MKRISTU', 'MUHIMBILI', 'MIEMBENI', '419836', '0', 1, 1, 24, 1, 154, 39, '2024-01-25 05:00:00', NULL),
(165, 'EREFANSIA', 'EDWARD', 'AGID', '2', '0692612123', 'man.png', 'MTONGANI', 'no email', '2024', '2024', 'TANZANIA', '2010-09-02', 'no comment', 'no comment', '1', 'no school', '1', '1', '1', 'MKRISTO', 'KIBAHA', 'MTONI', '419837', '0', 1, 1, 24, 1, 155, 39, '2024-01-25 05:00:00', NULL),
(166, 'FREDY', 'NELSON', 'KISHASHU', '1', '0772986639', 'man.png', 'KIWALANI', 'no email', '2024', '2024', 'TANZANIA', '2009-02-23', 'no comment', 'no comment', '1', 'no school', '1', '1', '1', 'MKRISTO', 'TEMEKE', 'SANDAR', '419838', '0', 1, 1, 24, 1, 156, 39, '2024-01-25 05:00:00', NULL),
(167, 'JASTIN', 'BEATUS', 'MWAKYUSA', '1', '0718197789', 'man.png', 'KURASINI', 'no email', '2024', '2024', 'TANZANIA', '2010-07-28', 'no comment', 'no comment', '1', 'no school', '1', '1', '1', 'MKRISTU', 'TEMEKE', 'TAIFA', '419839', '0', 1, 1, 24, 1, 157, 39, '2024-01-25 05:00:00', NULL),
(168, 'FEISAL', 'AYOUB', 'MOUKIWA', '1', '0718913525', 'man.png', 'TAIFA', 'no email', '2024', '2024', 'TANZANIA', '2010-06-04', 'no comment', 'no comment', '1', 'no school', '1', '1', '1', 'MUISLAM', 'TEMEKE', 'CHANGOMBE', '419840', '0', 1, 1, 24, 1, 158, 39, '2024-01-25 05:00:00', NULL),
(169, 'BABY', 'JUMA', 'JOHN', '2', '0656648585', 'man.png', 'KIJICHI', 'no email', '2024', '2024', 'TANZANIA', '2010-08-28', 'no comment', 'no comment', '1', 'no school', '1', '1', '1', 'CHRISTIAN', 'MSOMA MJINI', 'BUYUNI-II', '419841', '0', 1, 1, 24, 1, 159, 39, '2024-01-25 05:00:00', NULL),
(170, 'ROSSEANA', 'DAUDI', 'MPONDO', '2', '0653533323', 'man.png', 'MBAGALA', 'no email', '2024', '2024', 'TANZANIA', '2010-03-01', 'no comment', 'no comment', '1', 'no school', '1', '1', '1', 'CHRISTIAN', 'TEMEKE', 'MBAGALA', '419842', '0', 1, 1, 24, 1, 160, 39, '2024-01-25 05:00:00', NULL),
(171, 'LEILA', 'AMAN', 'SHAQSI', '2', '0653844401', 'man.png', 'POLICE UFUNDI', 'no email', '2024', '2024', 'TANZANIA', '2010-07-13', 'no comment', 'no comment', '1', 'no school', '1', '1', '1', 'CHRISTIAN', 'MOMBA', 'MGULANI', '419843', '0', 1, 2, 24, 1, 161, 39, '2024-01-25 05:00:00', NULL),
(172, 'ASHIRAF', 'MGENI', 'SAID', '1', '0717727268', 'man.png', 'YOMBO VITUKA', 'no email', '2024', '2024', 'TANZANIA', '2009-07-26', 'no comment', 'no comment', '1', 'no school', '1', '1', '1', 'MUSLIM', 'TEMEKE', 'UKOMBOZI', '419844', '0', 1, 1, 24, 1, 162, 39, '2024-01-25 05:00:00', NULL),
(173, 'KAUTHARY', 'RAMADHANI', 'MIKUMUO', '2', '0783638361', 'man.png', 'MBANDE', 'no email', '2024', '2024', 'TANZANIA', '2010-10-12', 'no comment', 'no comment', '1', 'no school', '1', '1', '1', 'MUSLIM', 'TEMEKE', 'RUFU', '419845', '0', 1, 1, 24, 1, 163, 39, '2024-01-25 05:00:00', NULL),
(174, 'FARAJA', 'RAMADHANI', 'MAULID', '1', '0714436050', 'man.png', 'TANDIKA', 'no email', '2024', '2024', 'TANZANIA', '2011-04-03', 'no comment', 'no comment', '1', 'no school', '1', '1', '1', 'MUSLIM', 'TEMEKE', 'MAKTABA', '419846', '0', 1, 1, 24, 1, 164, 39, '2024-01-25 05:00:00', NULL),
(175, 'WITNES', 'WILLIAM', 'NGIDANGE', '2', '0717844852', 'man.png', 'MUHIMBILI', 'no email', '2024', '2024', 'TANZANIA', '2011-07-13', 'no comment', 'no comment', '1', 'no school', '1', '1', '1', 'CHRISTIAN', 'TABORA MJINI', 'MASUBI', '419847', '0', 1, 1, 24, 1, 165, 39, '2024-01-25 05:00:00', NULL),
(176, 'NASRI', 'SUDI', 'MSUYA', '1', '0719201052', 'man.png', 'KIVULE', 'no email', '2024', '2024', 'TANZANIA', '2010-08-10', 'no comment', 'no comment', '1', 'no school', '1', '2', '1', 'MUSLIM', 'ILALA', 'DIAMOND', '419848', '0', 1, 1, 24, 1, 166, 39, '2024-01-25 05:00:00', NULL),
(177, 'DAINES', 'FRANK', 'DANIEL', '2', '0635208903', 'man.png', 'TABATA', 'no email', '2024', '2024', 'TANZANIA', '2010-05-07', 'no comment', 'no comment', '1', 'no school', '1', '1', '1', 'CHRISTIAN', 'MBAGALA', 'MATOMBO', '419849', '0', 1, 1, 24, 1, 167, 39, '2024-01-25 05:00:00', NULL),
(178, 'MARIA', 'REVOCATUS', 'JOHN', '2', '0768232840', 'man.png', 'MBAGALA MISSION', 'no email', '2024', '2024', 'TANZANIA', '2011-09-08', 'no comment', 'no comment', '1', 'no school', '1', '1', '1', 'CHRISTIAN', 'TEMEKE', 'ST AUGUSTINE', '419850', '0', 1, 1, 24, 1, 168, 39, '2024-01-25 05:00:00', NULL),
(179, 'AGAPITY', 'FRANCIS', 'MARWA', '1', '0786772125', 'man.png', 'MBAGALA ZAKHEMU', 'no email', '2024', '2024', 'TANZANIA', '2012-02-22', 'no comment', 'no comment', '1', 'no school', '1', '1', '1', 'CHRISTIAN', 'TEMEKE', 'MBAGALA KIZUIANI', '419851', '0', 1, 1, 24, 1, 169, 39, '2024-01-25 05:00:00', NULL),
(180, 'ASIA', 'HAMISI', 'SAID', '2', '0784624377', 'man.png', 'KWA AZIZI ALLY', 'no email', '2024', '2024', 'TANZANIA', '2011-10-17', 'no comment', 'no comment', '1', 'no school', '1', '2', '1', 'MUSLIM', 'NZEGA', 'ITOBO', '419852', '0', 1, 1, 24, 1, 170, 39, '2024-01-25 05:00:00', NULL),
(181, 'TUMAINI', 'MOSES', 'KOMBA', '1', '0652496229', 'man.png', 'KURASINI', 'no email', '2024', '2024', 'TANZANIA', '2010-10-27', 'no comment', 'no comment', '1', 'no school', '1', '2', '1', 'MKRISTU', 'TEMEKE', 'KURASINI', '419853', '0', 1, 1, 24, 1, 171, 39, '2024-01-25 05:00:00', NULL),
(182, 'LUCAS', 'DANIEL', 'MASING\'OTI', '1', '0712907030', 'man.png', 'KIGAMBONI', 'no email', '2024', '2024', 'TANZANIA', '2007-10-11', 'no comment', 'no comment', '4', 'no school', '1', '2', '1', 'MKRISTO', 'DODOMA', 'SIKONGE', '419854', '0', 1, 1, 24, 1, 172, 39, '2024-01-25 05:00:00', NULL),
(183, 'DENIS', 'DAVID', 'ZACHARIA', '1', '0689885530', 'man.png', 'KIGAMBONI', 'no email', '2024', '2024', 'TANZANIA', '2010-07-13', 'no comment', 'no comment', '1', 'no school', '1', '1', '1', 'MKRISTU', 'TEMEKE', 'PATANDI PR', '419855', '0', 1, 1, 24, 1, 173, 39, '2024-01-25 05:00:00', NULL),
(184, 'MAKAME', 'RASHIDI', 'MTINGALA', '1', '0786286577', 'man.png', 'MASASI', 'no email', '2024', '2024', 'TANZANIA', '2009-07-26', 'no comment', 'no comment', '1', 'no school', '1', '2', '1', 'MUISLAM', 'MASASI', 'RIVANGO', '419856', '0', 1, 1, 24, 1, 174, 39, '2024-01-25 05:00:00', NULL),
(185, 'AKLAM', 'HEMED', 'KIULUGO', '1', '0715871994', 'man.png', 'CHAMANZI', 'no email', '2024', '2024', 'TANZANIA', '2008-03-08', 'no comment', 'no comment', '1', 'no school', '1', '2', '1', 'MSLAMU', 'TEMEKE', 'CHAMANZI DOVYA', '419857', '0', 1, 1, 24, 1, 175, 39, '2024-01-25 05:00:00', NULL),
(186, 'KHUMEN', 'HAMIS', 'LYOGA', '1', '0786502796', 'man.png', 'KIGAMBONI', 'no email', '2024', '2024', 'TANZANIA', '2009-12-26', 'no comment', 'no comment', '1', 'no school', '1', '1', '1', 'MUISLAM', 'ULANGA', 'EUGA', '419858', '0', 1, 1, 24, 1, 176, 39, '2024-01-25 05:00:00', NULL);
INSERT INTO `students` (`id`, `first_name`, `middle_name`, `last_name`, `gender`, `phone`, `photo`, `home_address`, `email`, `accademic_year`, `regist_year`, `nationality`, `birth_date`, `behavior`, `transfer_reason`, `relation_to`, `school_from`, `entry`, `admission`, `hearth`, `religion`, `birth_place`, `former_school`, `index_no`, `prem_no`, `student_status_id`, `parent_status_id`, `classroom_id`, `level_id`, `parent_id`, `user_id`, `created_at`, `updated_at`) VALUES
(187, 'HAMIS', 'ABILAH', 'JUMA', '1', '0718172442', 'man.png', 'VIKINDU', 'no email', '2024', '2024', 'TANZANIA', '2008-08-27', 'no comment', 'no comment', '1', 'no school', '1', '2', '1', 'MUSLAM', 'LINDI', 'KIWANJANI', '419859', '0', 1, 1, 24, 1, 177, 39, '2024-01-26 05:00:00', NULL),
(188, 'EMMANUEL', 'REVOCATUS', 'JOHN', '1', '0717205020', 'man.png', 'MBAGALA', 'no email', '2024', '2024', 'TANZANIA', '2011-09-07', 'no comment', 'no comment', '1', 'no school', '1', '1', '1', 'MKRISTU', 'TEMEKE', 'ST. AUGUSTINE', '419860', '0', 1, 1, 24, 1, 168, 39, '2024-01-26 05:00:00', NULL),
(189, 'REHEMA', 'SENI', 'SHINYANGA', '2', '0655847007', 'man.png', 'KEKO', 'no email', '2024', '2024', 'TANZANIA', '2010-02-18', 'no comment', 'no comment', '1', 'no school', '1', '1', '1', 'MKRISTU', 'MPANDA', 'TUMAINI', '419861', '0', 1, 1, 24, 1, 178, 39, '2024-01-26 05:00:00', NULL),
(190, 'ALLY', 'OMARY', 'BEDUI', '1', '0714739055', 'man.png', 'KOROGWE', 'no email', '2024', '2024', 'TANZANIA', '2009-12-11', 'no comment', 'no comment', '1', 'no school', '1', '2', '1', 'MUISLAM', 'KOROGWE', 'KOROGWE', '419862', '0', 1, 1, 24, 1, 179, 39, '2024-01-26 05:00:00', NULL),
(191, 'IKIBARI', 'SRREMANI', 'MKUDA', '1', '0688368848', 'man.png', 'TANDARE', 'no email', '2024', '2024', 'TANZANIA', '2009-09-29', 'no comment', 'no comment', '1', 'no school', '1', '1', '1', 'MUISLAM', 'MOROGORO VIJIJINI', 'LUKULUNGE', '419863', '0', 1, 1, 24, 1, 180, 39, '2024-01-26 05:00:00', NULL),
(192, 'MARIAMU', 'HARUNA', 'MOHAMMED', '2', '0657382444', 'man.png', 'KIWALANI', 'no email', '2024', '2024', 'TANZANIA', '2010-10-16', 'no comment', 'no comment', '1', 'no school', '1', '1', '1', 'MUISLAM', 'TEMEKE', 'VETERNARY', '419864', '0', 1, 1, 24, 1, 181, 39, '2024-01-26 05:00:00', NULL),
(193, 'IPTISAMU', 'SADICK', 'SOLOMONI', '2', '0653372650', 'man.png', 'CHAMANZI', 'no email', '2024', '2024', 'TANZANIA', '2010-10-03', 'no comment', 'no comment', '1', 'no school', '1', '1', '1', 'MUISLAM', 'TEMEKE', 'MISIFUNI', '419865', '0', 1, 1, 24, 1, 182, 39, '2024-01-26 05:00:00', NULL),
(194, 'ALFAZI', 'AHMED', 'WAZIRI', '1', '0754378585', 'man.png', 'PUGU', 'no email', '2024', '2024', 'TANZANIAN', '2008-12-20', 'no comment', 'no comment', '1', 'no school', '1', '2', '1', 'MUSLIM', 'NYAMAGANA', 'BRIGHT INFANT', '419866', '0', 1, 1, 24, 1, 184, 39, '2024-01-26 05:00:00', NULL),
(195, 'WILLIAM', 'ANALDO', 'CHALO', '1', '0715400710', 'man.png', 'KONGOWE', 'no email', '2024', '2024', 'TANZANIA', '2005-06-06', 'no comment', 'no comment', '1', 'no school', '1', '1', '1', 'MKRISTO', 'ILALA', 'MAKOKA', '419867', '0', 1, 1, 35, 5, 185, 39, '2024-01-29 05:00:00', NULL),
(196, 'PATRICK', 'DAVID', 'RUTASINGWA', '1', '0786652501', 'man.png', 'MTONI KIJICHI', 'no email', '2024', '2024', 'TANZANIA', '2004-04-06', 'no comment', 'no comment', '1', 'no school', '1', '2', '1', 'MKROSTO', 'TEMEKE', 'KIJICHI SEC', '419868', '0', 1, 1, 35, 5, 186, 39, '2024-01-29 05:00:00', NULL),
(197, 'MARIA', 'FORTUNATUS', 'KAMUGISHA', '1', '0713939474', 'man.png', 'YOMBO KILAKALA', 'no email', '2024', '2024', 'TANZANIA', '2002-03-09', 'no comment', 'no comment', '1', 'no school', '1', '1', '1', 'MKRISTO', 'TEMEKE', 'WAILES', '419869', '0', 1, 1, 35, 5, 187, 39, '2024-01-29 05:00:00', NULL),
(198, 'AGGREY', 'JOHN', 'MBUNDA', '1', '0788875023', 'man.png', 'MBEZI', 'no email', '2024', '2024', 'TANZANIA', '2010-04-12', 'no comment', 'no comment', '1', 'no school', '1', '2', '1', 'MKRISTO', 'MBEYA UJIJI', 'JUHUDI', '419870', '0', 1, 1, 22, 1, 188, 39, '2024-01-29 05:00:00', NULL),
(199, 'JACKLINE', 'JOSEPH', 'MWITA', '2', '0713040552', 'man.png', 'KIJICHI', 'no email', '2024', '2024', 'TANZANIA', '2010-11-23', 'no comment', 'no comment', '1', 'no school', '1', '1', '1', 'MKRISTO', 'KIGOMA MJINI', 'KAMO', '419871', '0', 1, 1, 22, 1, 189, 39, '2024-01-29 05:00:00', NULL),
(200, 'ERICK', 'EDWARD', 'MMASI', '1', '0744330808', 'man.png', 'MZINGA', 'no email', '2024', '2024', 'TANZANIA', '2011-05-01', 'no comment', 'no comment', '1', 'no school', '1', '2', '1', 'MKRISTO', 'TEMEKE', 'COMPLEX', '419872', '0', 1, 1, 22, 1, 190, 39, '2024-01-29 05:00:00', NULL),
(201, 'YUSUPH', 'RAMADHANI', 'KINYOGOLI', '1', '0676016311', 'man.png', 'BUZA TEMEKE', 'no email', '2024', '2024', 'TANZANIA', '2010-10-20', 'no comment', 'no comment', '1', 'no school', '1', '1', '1', 'MUISLAM', 'KIBAHA', 'MBWAWA', '419873', '0', 1, 1, 22, 1, 191, 39, '2024-01-29 05:00:00', NULL),
(202, 'KARIM', 'ABDALLAH', 'KANYOCHOLE', '1', '0692026082', 'man.png', 'MBAGALA', 'no email', '2024', '2024', 'TANZANIA', '2010-01-08', 'no comment', 'no comment', '1', 'no school', '1', '2', '1', 'MUISLAM', 'ILALA', 'KIZINGA PR', '419874', '0', 1, 1, 22, 1, 192, 39, '2024-01-29 05:00:00', NULL),
(203, 'KONASON', 'KONASON', 'HYERA', '1', '0688207743', 'man.png', 'SONGEA', 'no email', '2024', '2024', 'TANZANIA', '2006-12-01', 'no comment', 'no comment', '1', 'no school', '1', '1', '1', 'MKRISTO', 'MBINGA RUVUMA', 'JITEGEMEE', '419875', '0', 1, 1, 30, 3, 193, 39, '2024-02-01 05:00:00', NULL),
(204, 'MIDRETH', 'BALTAZARI', 'TEMBA', '2', '0713549207', 'man.png', 'MBAGALA KUU', 'no email', '2024', '2024', 'TANZANIA', '2010-12-01', 'no comment', 'no comment', '1', 'no school', '1', '1', '1', 'MKRISTO', 'TEMEKE', 'ZANAKI PR', '419876', '0', 1, 1, 22, 1, 194, 39, '2024-02-01 05:00:00', NULL),
(205, 'BAKARY', 'HUSSEIN', 'NASSORO', '1', '0696208973', 'man.png', 'CHANIKA', 'no email', '2024', '2024', 'TANZANIA', '2009-05-03', 'no comment', 'no comment', '1', 'no school', '1', '2', '1', 'MUISLAM', 'DODOMA', 'KIGEZI', '419877', '0', 1, 1, 22, 1, 195, 39, '2024-02-01 05:00:00', NULL),
(206, 'LEONARD', 'EXAVERY', 'MICHAEL', '1', '0656116776', 'man.png', 'GAIRO', 'no email', '2024', '2024', 'TANZANIA', '2004-05-25', 'no comment', 'no comment', '1', 'no school', '1', '2', '1', 'MKRISTO', 'KILOSA', 'GAIRO A', '419878', '0', 1, 1, 22, 1, 196, 39, '2024-02-01 05:00:00', NULL),
(207, 'NASSORO', 'SALUM', 'MOHAMED', '1', '0762114471', 'man.png', 'KIGOMA', 'no email', '2024', '2024', 'TANZANIA', '2008-03-23', 'no comment', 'no comment', '1', 'no school', '1', '2', '1', 'MUISLAM', 'UVINZA', 'NGURUKA', '419879', '0', 1, 1, 22, 1, 197, 39, '2024-02-01 05:00:00', NULL),
(208, 'NANCY', 'JOHN', 'MUSHI', '2', '0715478001', 'man.png', 'KIBAHA', 'no email', '2024', '2024', 'TANZANIA', '2009-09-16', 'no comment', 'no comment', '1', 'no school', '1', '2', '1', 'MKRISTO', 'MOSHI', 'NGASINI', '419880', '0', 1, 1, 22, 1, 198, 39, '2024-02-01 05:00:00', NULL),
(209, 'JOYCE', 'EMMANUEL', 'KATUMBO', '2', '0685474231', 'man.png', 'KIMARA', 'no email', '2024', '2024', 'TANZANIA', '2010-04-14', 'no comment', 'no comment', '1', 'no school', '1', '2', '1', 'MKRITO', 'MOROGORO', 'OLYMPIO', '419881', '0', 1, 1, 22, 1, 199, 39, '2024-02-01 05:00:00', NULL),
(210, 'NEEMA', 'PETRO', 'REVOCATUS', '2', '0768232840', 'man.png', 'MBAGALA MISHENI', 'no email', '2024', '2024', 'TANZANIA', '2011-10-05', 'no comment', 'no comment', '1', 'no school', '1', '1', '1', 'MKRISTO', 'TEMEKE', 'ST. AUGUSTINE', '419882', '0', 1, 1, 22, 1, 168, 39, '2024-02-01 05:00:00', NULL),
(211, 'ASHRAY', 'MAKAME', 'KASSIM', '2', '0688054140', 'man.png', 'MBAGALA', 'no email', '2024', '2024', 'TANZANIA', '2011-06-23', 'no comment', 'no comment', '1', 'no school', '1', '2', '1', 'MUISLAM', 'TEMEKE', 'MBAGALA ISLAMIC', '419883', '0', 1, 1, 22, 1, 200, 39, '2024-02-01 05:00:00', NULL),
(212, 'AISHA', 'MAHENGE', 'LIBUTI', '2', '0754558356', 'man.png', 'MBEYA', 'no email', '2024', '2024', 'TANZANIA', '2010-09-12', 'no comment', 'no comment', '1', 'no school', '1', '2', '1', 'MKRISTO', 'MBEYA', 'ST MARY', '419884', '0', 1, 1, 22, 1, 201, 39, '2024-02-01 05:00:00', NULL),
(213, 'SHAFY', 'HAMADI', 'MOHAMED', '1', '0628316518', 'man.png', 'SABA SABA', 'no email', '2024', '2024', 'TANZANIA', '2012-11-01', 'no comment', 'no comment', '1', 'no school', '1', '1', '1', 'MUISLAM', 'TEMEKE', 'BOKORANI', '419885', '0', 1, 1, 22, 1, 202, 39, '2024-02-01 05:00:00', NULL),
(214, 'LOGATO', 'DAUD', 'NICHOMBE', '1', '0714333218', 'man.png', 'KURASINI', 'no email', '2024', '2024', 'TANZANIA', '2011-06-09', 'no comment', 'no comment', '1', 'no school', '1', '1', '1', 'MKRISTU', 'NZENGE', 'KIUNGANI', '419886', '0', 1, 1, 22, 1, 203, 39, '2024-02-01 05:00:00', NULL),
(215, 'WENSLAUS', 'HIPPOLIT', 'MWITA', '1', '0699883379', 'man.png', 'CHANG\'OMBE', 'no email', '2024', '2024', 'TANZANIA', '2011-01-20', 'no comment', 'no comment', '1', 'no school', '1', '1', '1', 'MKRISTO', 'TEMEKE', 'JITEGEMEE', '419887', '0', 1, 1, 18, 1, 204, 39, '2024-02-01 05:00:00', NULL),
(216, 'PERFECT', 'ELIBARIKI', 'MINJA', '1', '0715747758', 'man.png', 'MBAGALA', 'no email', '2024', '2024', 'TANZANIA', '2008-07-22', 'no comment', 'no comment', '1', 'no school', '1', '2', '1', 'MKRISTO', 'TEMEKE', 'BEYORA', '419888', '0', 1, 1, 28, 3, 205, 39, '2024-02-01 05:00:00', NULL),
(217, 'AISHA', 'MAHENGE', 'LIBUTI', '2', '0767712935', 'man.png', 'TUNDUMA', 'no email', '2024', '2024', 'TANZANIA', '2010-09-12', 'no comment', 'no comment', '1', 'no school', '1', '2', '1', 'MUISLAM', 'MBEYA', 'SONGWE', '419889', '0', 1, 1, 22, 1, 206, 39, '2024-02-01 05:00:00', NULL),
(218, 'BEATRICE', 'ANTONY', 'LAWI', '2', '0787915525', 'man.png', 'BUNJU', 'no email', '2024', '2024', 'TANZANIA', '2011-06-27', 'no comment', 'no comment', '1', 'no school', '1', '2', '1', 'MKRISTO', 'BABATI', 'BIHASHARA', '419890', '0', 1, 1, 22, 1, 207, 39, '2024-02-01 05:00:00', NULL),
(219, 'BEATRICE', 'DISMAS', 'MILAMBO', '2', '0745808181', 'man.png', 'KIPUNGUNI', 'no email', '2024', '2024', 'TANZANIA', '2010-09-13', 'no comment', 'no comment', '1', 'no school', '1', '2', '1', 'MKRISTO', 'ILALA', 'GOLDEN BELL', '419891', '0', 1, 1, 22, 1, 208, 39, '2024-02-01 05:00:00', NULL),
(220, 'ATUSAKE', 'MAIKO', 'KADUMA', '2', '0769696648', 'man.png', 'KIPUNGUNI', 'no email', '2024', '2024', 'TANZANIA', '2009-04-17', 'no comment', 'no comment', '1', 'no school', '1', '2', '1', 'MKRISTO', 'TEMEKE', 'IKWETE', '419892', '0', 1, 1, 22, 1, 209, 39, '2024-02-01 05:00:00', NULL),
(221, 'SAMIRA', 'JAMALI', 'IBRAHIM', '2', '0657787951', 'man.png', 'MBANDE', 'no email', '2024', '2024', 'TANZANIA', '2010-03-06', 'no comment', 'no comment', '1', 'no school', '1', '1', '1', 'MUISLAM', 'TEMEKE', 'CHAMANZI ISLAMIC', '419893', '0', 1, 1, 22, 1, 210, 39, '2024-02-01 05:00:00', NULL),
(222, 'YUSUPH', 'KIDAYA', 'JUMA', '1', '0673700856', 'man.png', 'MBANDE', 'no email', '2024', '2024', 'TANZANIA', '2009-08-01', 'no comment', 'no comment', '1', 'no school', '1', '1', '1', 'MUISLAM', 'TEMEKE', 'ST. THERESE', '419894', '0', 1, 1, 22, 1, 211, 39, '2024-02-01 05:00:00', NULL),
(223, 'ALLY', 'SIRAJI', 'TANDIKO', '1', '0754485052', 'man.png', 'MBAGALA', 'no email', '2024', '2024', 'TANZANIA', '2011-01-01', 'no comment', 'no comment', '1', 'no school', '1', '2', '1', 'MUISLAM', 'ILAILA', 'KIBURUGWA', '419895', '0', 1, 1, 22, 1, 212, 39, '2024-02-01 05:00:00', NULL),
(224, 'AISHA', 'SAID', 'SHINENI', '2', '0687809357', 'man.png', 'CHAMANZI', 'no email', '2024', '2024', 'TANZANIA', '2010-09-25', 'no comment', 'no comment', '1', 'no school', '1', '1', '1', 'MUISLA', 'TEMEKE', 'SAKU PR', '419896', '0', 1, 1, 22, 1, 213, 39, '2024-02-01 05:00:00', NULL),
(225, 'RAHMA', 'SAID', 'ALLY', '2', '0713016334', 'man.png', 'KIPONZA', 'no email', '2024', '2024', 'TANZANIA', '2011-04-27', 'no comment', 'no comment', '1', 'no school', '1', '1', '1', 'MUISLAM', 'TEMEKE', 'CHAMANZI', '419897', '0', 1, 1, 22, 1, 214, 39, '2024-02-01 05:00:00', NULL),
(226, 'JAMIL', 'HAMIDU', 'MAFTAHA', '1', '0713518614', 'man.png', 'KIJICHI', 'no email', '2024', '2024', 'TANZANIA', '2009-02-15', 'no comment', 'no comment', '1', 'no school', '1', '1', '1', 'MUISLAM', 'ILALA', 'OLYMPIO', '419898', '0', 1, 1, 22, 1, 215, 39, '2024-02-01 05:00:00', NULL),
(227, 'HAPPNESS', 'MWITA', 'HUSSEIN', '2', 'O762242779', 'man.png', 'BUNJU\"B\"', 'no email', '2024', '2024', 'TANZANIA', '2007-02-14', 'no comment', 'no comment', '1', 'no school', '1', '2', '1', 'CHRISTIAN', 'KISHAPU', 'MGONGO', '419899', '0', 1, 1, 22, 1, 216, 39, '2024-02-01 05:00:00', NULL),
(228, 'EVODIA', 'FURAHA', 'PILLA', '2', '0765387164', 'man.png', 'UFUNDI TEMEKE', 'no email', '2024', '2024', 'TANZANIA', '2009-06-22', 'no comment', 'no comment', '1', 'no school', '1', '1', '1', 'CHRISTIAN', 'MAKETE', 'IPEPO', '419900', '0', 1, 1, 22, 1, 217, 39, '2024-02-01 05:00:00', NULL),
(229, 'EVODIA', 'FURAHA', 'PILLA', '2', '0765387164', 'man.png', 'UFUNDI TEMEKE', 'no email', '2024', '2024', 'TANZANIA', '2009-06-22', 'no comment', 'no comment', '1', 'no school', '1', '1', '1', 'CHRISTIAN', 'MAKETE', 'IPEPO', '419900', '0', 1, 1, 22, 1, 217, 39, '2024-02-01 05:00:00', NULL),
(230, 'ROMANA', 'FREDY', 'CHARLES', '2', '0714997059', 'man.png', 'MBAGALA MISHENI', 'no email', '2024', '2024', 'TANZANIA', '2011-03-01', 'no comment', 'no comment', '1', 'no school', '1', '1', '1', 'CHRISTIAN', 'TEMEKE', 'MTONI', '419901', '0', 1, 1, 22, 1, 218, 39, '2024-02-01 05:00:00', NULL),
(231, 'MOUREEN', 'WILLIAM', 'NOAH', '2', '0625696959', 'man.png', 'MBAGALA KUU', 'no email', '2024', '2024', 'TANZANIA', '2011-07-16', 'no comment', 'no comment', '1', 'no school', '1', '1', '1', 'CHRISTIAN', 'TEMEKE', 'MAENDELEO', '419902', '0', 1, 1, 22, 1, 219, 39, '2024-02-01 05:00:00', NULL),
(232, 'MOUREEN', 'WILLIAM', 'NOAH', '2', '0625696959', 'man.png', 'MBAGALA KUU', 'no email', '2024', '2024', 'TANZANIA', '2011-07-16', 'no comment', 'no comment', '1', 'no school', '1', '1', '1', 'CHRISTIAN', 'TEMEKE', 'MAENDELEO', '419902', '0', 1, 1, 22, 1, 219, 39, '2024-02-01 05:00:00', NULL),
(233, 'ALFRED', 'ADEN', 'NGOKO', '1', '0712304106', 'man.png', 'MAJOHE', 'no email', '2024', '2024', 'TANZANIA', '2010-08-03', 'no comment', 'no comment', '1', 'no school', '1', '2', '1', 'CHRISTIAN', 'AMANA', 'GONGO LA MBOTO JESHINI', '419903', '0', 1, 1, 22, 1, 220, 39, '2024-02-01 05:00:00', NULL),
(234, 'ZAWADI', 'TUMAINI', 'ABDALLAH', '2', '0758005939', 'man.png', 'KIBAHA-KWAMFIPA', 'no email', '2024', '2024', 'TANZANIA', '2009-07-20', 'no comment', 'no comment', '1', 'no school', '1', '2', '1', 'CHRISTIAN', 'TEMEKE', 'LITTLEWOOD', '419904', '0', 1, 1, 22, 1, 221, 39, '2024-02-01 05:00:00', NULL),
(235, 'ZAWADI', 'TUMAINI', 'ABDALLAH', '2', '0758005939', 'man.png', 'KIBAHA-KWAMFIPA', 'no email', '2024', '2024', 'TANZANIA', '2009-07-20', 'no comment', 'no comment', '1', 'no school', '1', '2', '1', 'CHRISTIAN', 'TEMEKE', 'LITTLEWOOD', '419904', '0', 1, 1, 22, 1, 221, 39, '2024-02-01 05:00:00', NULL),
(236, 'SAHILI', 'YUSUFU', 'KIGOMBA', '1', '0786843415', 'man.png', 'KWA AZIZI ALLY', 'no email', '2024', '2024', 'TANZANIA', '2009-10-16', 'no comment', 'no comment', '1', 'no school', '1', '1', '1', 'MUSLIM', 'TEMEKE', 'JITEGEMEE', '419905', '0', 1, 1, 22, 1, 222, 39, '2024-02-01 05:00:00', NULL),
(237, 'HENRY', 'JOSEPH', 'SEBARUA', '1', '0753596483', 'man.png', 'KIGAMBONI-SHIMO LA MCHANGA', 'no email', '2024', '2024', 'TANZANIA', '2009-09-13', 'no comment', 'no comment', '1', 'no school', '1', '2', '1', 'CHRISTIAN', 'ARUSHA', 'KISIWANI', '419906', '0', 1, 1, 22, 1, 223, 39, '2024-02-01 05:00:00', NULL),
(238, 'SHEILA', 'MOHAMMEDY', 'MAINDA', '2', '0678911180', 'man.png', 'KONGOWE', 'no email', '2024', '2024', 'TANZANIA', '2011-01-25', 'no comment', 'no comment', '1', 'no school', '1', '1', '1', 'CHRISTIAN', 'TEMEKE', 'MLAMLENI', '419907', '0', 1, 1, 22, 1, 224, 39, '2024-02-01 05:00:00', NULL),
(239, 'ISIHAKA', 'UWESU', 'BELEGE', '1', '0713574043', 'man.png', 'TABATA CHANG\'OMBE', 'no email', '2024', '2024', 'TANZANIA', '2009-10-11', 'no comment', 'no comment', '1', 'no school', '1', '1', '1', 'MUSLIM', 'ILALA', 'HARVARD EAST AFRICA', '419908', '0', 1, 1, 22, 1, 225, 39, '2024-02-01 05:00:00', NULL),
(240, 'IBRAHIM', 'JUMA', 'JONGO', '1', '0717961553', 'man.png', 'MBAGALA', 'no email', '2024', '2024', 'TANZANIA', '2009-03-23', 'no comment', 'no comment', '1', 'no school', '1', '1', '1', 'MUSLIM', 'TEMEKE', 'ST.MARRY', '419909', '0', 1, 1, 22, 1, 226, 39, '2024-02-01 05:00:00', NULL),
(241, 'IBRAHIM', 'JUMA', 'JONGO', '1', '0717961553', 'man.png', 'MBAGALA', 'no email', '2024', '2024', 'TANZANIA', '2009-03-23', 'no comment', 'no comment', '1', 'no school', '1', '1', '1', 'MUSLIM', 'TEMEKE', 'ST.MARRY', '419909', '0', 1, 1, 22, 1, 226, 39, '2024-02-01 05:00:00', NULL),
(242, 'FATMA', 'MANENO', 'SAIDI', '2', '0655701780', 'man.png', 'TEMEKE MIKOROSHINI', 'no email', '2024', '2024', 'TANZANIA', '2011-12-16', 'no comment', 'no comment', '1', 'no school', '1', '2', '1', 'CHRISTIAN', 'TEMEKE', 'RUVUMA', '419910', '0', 1, 1, 22, 1, 227, 39, '2024-02-01 05:00:00', NULL),
(243, 'MURSHID', 'ELIETH', 'MMBAGA', '1', '0787624262', 'man.png', 'KONGOWE', 'no email', '2024', '2024', 'TANZANIA', '2011-09-24', 'no comment', 'no comment', '1', 'no school', '1', '2', '1', 'CHRISTIAN', 'TEMEKE', 'EAL HOPE', '419911', '0', 1, 1, 22, 1, 228, 39, '2024-02-01 05:00:00', NULL),
(244, 'MURSHID', 'ELIETH', 'MMBAGA', '1', '0787624262', 'man.png', 'KONGOWE', 'no email', '2024', '2024', 'TANZANIA', '2011-09-24', 'no comment', 'no comment', '1', 'no school', '1', '2', '1', 'CHRISTIAN', 'TEMEKE', 'EAL HOPE', '419911', '0', 1, 1, 22, 1, 228, 39, '2024-02-01 05:00:00', NULL),
(245, 'SHAMA', 'NASSIBU', 'TWEVE', '1', '0785655063', 'man.png', 'KEKO MACHUNGWA', 'no email', '2024', '2024', 'TANZANIA', '2009-06-27', 'no comment', 'no comment', '1', 'no school', '1', '1', '1', 'MUSLIM', 'TUNDUMA', 'ADVENT', '419912', '0', 1, 1, 22, 1, 230, 39, '2024-02-01 05:00:00', NULL),
(246, 'REHEMA', 'MOHAMED', 'MTILE', '2', '0786953709', 'man.png', 'MBAGALA MISHENI', 'no email', '2024', '2024', 'TANZANIA', '2010-05-04', 'no comment', 'no comment', '1', 'no school', '1', '1', '1', 'MUSLIM', 'ILALA', 'BWAWANI', '419913', '0', 1, 1, 22, 1, 231, 39, '2024-02-01 05:00:00', NULL),
(247, 'GAFURI', 'KESSY', 'RAMADHANI', '1', '0684040161', 'man.png', 'CHAMAZI', 'no email', '2024', '2024', 'TANZANIA', '2010-04-21', 'no comment', 'no comment', '1', 'no school', '1', '1', '1', 'CHRISTIAN', 'TEMEKE', 'MUSHINI', '419914', '0', 1, 1, 22, 1, 232, 39, '2024-02-01 05:00:00', NULL),
(248, 'ELSA', 'MICKY', 'SIWALE', '2', '0714010066', 'man.png', 'MBAGALA CHARAMBE', 'no email', '2024', '2024', 'TANZANIA', '2011-01-11', 'no comment', 'no comment', '1', 'no school', '1', '1', '1', 'CHRISTIAN', 'TEMEKE', 'CHANG\'OMBE DEMONSTRATION', '419915', '0', 1, 1, 22, 1, 233, 39, '2024-02-01 05:00:00', NULL),
(249, 'RODA', 'YEUZE', 'MZIRAI', '2', '0658460146', 'man.png', 'KONGOWE', 'no email', '2024', '2024', 'TANZANIA', '2010-02-02', 'no comment', 'no comment', '1', 'no school', '1', '1', '1', 'MKRISTO', 'TEMEKE', 'UPENDO', '419916', '0', 1, 1, 22, 1, 234, 39, '2024-02-02 05:00:00', NULL),
(250, 'ABDULKARIM', 'MWAKYOMA', 'OMARY', '1', '0746378937', 'man.png', 'TABATA', 'no email', '2024', '2024', 'TANZANIA', '2006-11-07', 'no comment', 'no comment', '1', 'no school', '1', '1', '1', 'MUISLAM', 'TEMEKE', 'AL HARAMAIN', '419917', '0', 1, 1, 42, 5, 235, 39, '2024-02-02 05:00:00', NULL),
(251, 'SAMWEL', 'AMANI', 'MKUMBO', '1', '0620336163', 'man.png', 'KINONDONI', 'no email', '2024', '2024', 'TANZANIA', '2005-11-16', 'no comment', 'no comment', '1', 'no school', '1', '1', '1', 'MKRISTO', 'KINONDONI', 'HELASITA', '419918', '0', 1, 1, 35, 5, 236, 39, '2024-02-02 05:00:00', NULL),
(252, 'JOSEPHINE', 'JOSEPH', 'MAGABE', '2', '0754574702', 'man.png', 'TEGETA', 'no email', '2024', '2024', 'TANZANIA', '2006-01-13', 'no comment', 'no comment', '1', 'no school', '1', '2', '1', 'MKRISTO', 'KINONDONI', 'DAORA', '419919', '0', 1, 1, 39, 5, 237, 39, '2024-02-02 05:00:00', NULL),
(253, 'JORDAN', 'ADAM', 'JUSTINE', '1', '0718918191', 'man.png', 'KAWE', 'no email', '2024', '2024', 'TANZANIA', '2004-02-22', 'no comment', 'no comment', '1', 'no school', '1', '2', '1', 'MKRISTO', 'NJIRO', 'COM SEC', '419920', '0', 1, 1, 39, 5, 238, 39, '2024-02-02 05:00:00', NULL),
(254, 'STEPHENE', 'JOHN', 'MLAPONI', '1', '0717424906', 'man.png', 'CHANIKA', 'no email', '2024', '2024', 'TANZANIA', '2005-01-04', 'no comment', 'no comment', '1', 'no school', '1', '2', '1', 'MKRISTO', 'NACHINGWEA', 'JITEGEMEE', '419921', '0', 1, 1, 40, 5, 239, 39, '2024-02-02 05:00:00', NULL),
(255, 'MAVEMBA', 'ABDULRAHMAN', 'JUMA', '1', '0653882664', 'man.png', 'MKURANGA', 'no email', '2024', '2024', 'TANZANIA', '2006-03-19', 'no comment', 'no comment', '1', 'no school', '1', '2', '1', 'MUISLAM', 'TEMEKE', 'VICTORY', '419922', '0', 1, 1, 39, 5, 240, 39, '2024-02-02 05:00:00', NULL),
(256, 'ABDULRAHMAN', 'ABUU', 'OMARY', '1', '0789641864', 'man.png', 'KIMARA', 'no email', '2024', '2024', 'TANZANIA', '2004-11-23', 'no comment', 'no comment', '1', 'no school', '1', '2', '1', 'MUISLAM', 'KARATU', 'AHLULBAYT ISLAMIC', '419923', '0', 1, 1, 39, 5, 241, 39, '2024-02-02 05:00:00', NULL),
(257, 'ABEL', 'JEROME', 'SALIA', '1', '0653772559', 'man.png', 'KIGAMBONI', 'no email', '2024', '2024', 'TANZANIA', '2006-03-29', 'no comment', 'no comment', '1', 'no school', '1', '1', '1', 'MKRISTO', 'KINONDONI', 'HERI SEC', '419924', '0', 1, 1, 40, 5, 242, 39, '2024-02-02 05:00:00', NULL),
(258, 'REHEMA', 'EMMANUEL', 'KILEWO', '2', '0655356672', 'man.png', 'MTONI KIJICHI', 'no email', '2024', '2024', 'TANZANIA', '2004-06-09', 'no comment', 'no comment', '1', 'no school', '1', '1', '1', 'MUSLIM', 'MOROGORO MJINI', 'ABOUD JUMBE', '419925', '0', 1, 1, 49, 6, 243, 39, '2024-02-02 05:00:00', NULL),
(259, 'SAMWEL', 'JOSEPH', 'NG\'WAVI', '1', '0788323101', 'man.png', 'ABIORA', 'no email', '2024', '2024', 'TANZANIA', '2010-07-14', 'no comment', 'no comment', '1', 'no school', '1', '2', '1', 'CHRISTIAN', 'ABIORA', 'NYAMATA', '419926', '0', 1, 1, 18, 1, 244, 39, '2024-02-02 05:00:00', NULL),
(260, 'ABDALLAH', 'ALLY', 'FALISI', '1', '0716579796', 'man.png', 'KIGAMBONI', 'no email', '2024', '2024', 'TANZANIA', '2001-08-08', 'no comment', 'no comment', '1', 'no school', '1', '1', '1', 'MUSLIM', 'MVOMERO', 'CHANGANYIKENI', '419927', '0', 1, 1, 44, 6, 245, 39, '2024-02-02 05:00:00', NULL),
(261, 'ISSA', 'JAFARI', 'OMARY', '1', '0768762505', 'man.png', 'KIJICHI', 'no email', '2024', '2024', 'TANZANIA', '2002-12-13', 'no comment', 'no comment', '1', 'no school', '1', '2', '1', 'MUSLIM', 'KINONDONI', 'KIZUKA', '419928', '0', 1, 1, 44, 6, 246, 39, '2024-02-02 05:00:00', NULL),
(262, 'GADSON', 'DONALD', 'RITANGILO', '1', '0692963455', 'man.png', 'KIJICHI', 'no email', '2024', '2024', 'TANZANIA', '2002-07-05', 'no comment', 'no comment', '1', 'KONGWA', '1', '1', '1', 'CHRISTIAN', 'KIGAMBONI', 'KONGWA', '419929', '0', 1, 1, 44, 6, 247, 39, '2024-02-02 05:00:00', NULL),
(263, 'DERICK', 'MICHAEL', 'MWANDEMELE', '1', '0747996578', 'man.png', 'KIGAMBONI KISIWANI', 'no email', '2024', '2024', 'TANZANIA', '2005-03-25', 'no comment', 'no comment', '1', 'no school', '1', '1', '1', 'CHRISTIAN', 'KYELA', 'KIGAMBONI', '419930', '0', 1, 1, 44, 6, 249, 39, '2024-02-02 05:00:00', NULL),
(264, 'MOSES', 'MOSES', 'MBILINYI', '1', '0755100400', 'man.png', 'MBANDE', 'no email', '2024', '2024', 'TANZANIA', '2003-04-25', 'no comment', 'no comment', '1', 'no school', '1', '1', '1', 'CHRISTIAN', 'SONGEA', 'MAGINGO', '419931', '0', 1, 1, 44, 6, 250, 39, '2024-02-02 05:00:00', NULL),
(265, 'MANJAMA', 'SHABANI', 'YAKOBO', '2', '0713329112', 'man.png', 'MGENINANI MIANDE', 'no email', '2024', '2024', 'TANZANIA', '2003-06-13', 'no comment', 'no comment', '1', 'no school', '1', '1', '1', 'ISLAM', 'PANGANI', 'MWERA', '419932', '0', 1, 1, 44, 6, 251, 39, '2024-02-02 05:00:00', NULL),
(266, 'HEMED', 'HUSSEIN', 'THUWENI', '1', '0743124235', 'man.png', 'BIHASHARA', 'no email', '2024', '2024', 'TANZANIA', '2004-11-19', 'no comment', 'no comment', '1', 'no school', '1', '1', '1', 'MUSLAM', 'ILALA', 'MZIMUNI SEC', '419933', '0', 1, 1, 44, 6, 252, 39, '2024-02-02 05:00:00', NULL),
(267, 'DENIS', 'DANIEL', 'DENIS', '1', '0676300043', 'man.png', 'KEKO', 'no email', '2024', '2024', 'TANZANIA', '2004-05-18', 'no comment', 'no comment', '1', 'no school', '1', '1', '1', 'MKRISTO', 'KINONDONI', 'MSIMBAZI SEC', '419934', '0', 1, 1, 44, 6, 253, 39, '2024-02-02 05:00:00', NULL),
(268, 'BARAKA', 'JACKSON', 'CHIPALO', '1', '0714480933', 'man.png', 'MSONGOLA', 'no email', '2024', '2024', 'TANZANIA', '2000-09-10', 'no comment', 'no comment', '1', 'no school', '1', '1', '1', 'MKRISTO', 'CHAMWINO', 'MVUMI MAKULU', '419935', '0', 1, 1, 44, 6, 254, 39, '2024-02-02 05:00:00', NULL),
(269, 'NURDIN', 'SEIPH', 'GEORGE', '1', '0786686831', 'man.png', 'MBAGALA KIPATI', 'no email', '2024', '2024', 'TANZANIA', '2003-12-07', 'no comment', 'no comment', '1', 'no school', '1', '2', '1', 'MUSLAM', 'TEMEKE', 'PEMBA MNAZI', '419936', '0', 1, 1, 44, 6, 255, 39, '2024-02-02 05:00:00', NULL),
(270, 'RAHMA', 'SEIF', 'MANYARA', '2', '0657695670', 'man.png', 'KISEWE', 'no email', '2024', '2024', 'TANZANIA', '2004-11-08', 'no comment', 'no comment', '1', 'no school', '1', '1', '1', 'MUISLAM', 'TEMEKE', 'KICHANGAA', '419937', '0', 1, 1, 44, 6, 256, 39, '2024-02-02 05:00:00', NULL),
(271, 'FAUNA', 'FRANSISCO', 'MWAPULE', '2', '0625512064', 'man.png', 'MBAGALA', 'no email', '2024', '2024', 'TANZANIA', '2003-07-29', 'no comment', 'no comment', '2', 'no school', '1', '1', '1', 'MKRISTO', 'MBOZI', 'MBAGALA TRC CENTER', '419938', '0', 1, 1, 44, 6, 257, 39, '2024-02-02 05:00:00', NULL),
(272, 'MOHAMED', 'MZEE', 'MCHAKA', '1', '0653086164', 'man.png', 'MBAGALA', 'no email', '2024', '2024', 'TANZANIA', '2003-03-28', 'no comment', 'no comment', '3', 'no school', '1', '2', '1', 'MUISLAM', 'PANGANI', 'AL HIJRA', '419939', '0', 1, 1, 44, 6, 258, 39, '2024-02-02 05:00:00', NULL),
(273, 'CATHERINE', 'CHRISTOPHER', 'KAHEMELE', '2', '0787328726', 'man.png', 'CHANIKA', 'no email', '2024', '2024', 'TANZANIA', '2005-06-16', 'no comment', 'no comment', '1', 'no school', '1', '2', '1', 'MKRISTO', 'KINONDONI', 'ST GEORGE', '419940', '0', 1, 1, 44, 6, 259, 39, '2024-02-02 05:00:00', NULL),
(274, 'ABDALLAH', 'CHANDE', 'ABDALLAH', '1', '0785826672', 'man.png', 'KINONDONI', 'no email', '2024', '2024', 'TANZANIA', '2004-02-17', 'no comment', 'no comment', '1', 'no school', '1', '1', '1', 'MUISLAM', 'KINONDONI', 'JITEGEMEE', '419941', '0', 1, 1, 44, 6, 260, 39, '2024-02-02 05:00:00', NULL),
(275, 'MOHAMEDI', 'KAIFA', 'ALLY', '1', '0686290846', 'man.png', 'KINONDONI', 'no email', '2024', '2024', 'TANZANIA', '2004-05-05', 'no comment', 'no comment', '1', 'no school', '1', '1', '1', 'MUISLAM', 'KINONDONI', 'JITEGEMEE', '419942', '0', 1, 1, 44, 6, 261, 39, '2024-02-02 05:00:00', NULL),
(276, 'ISMAIL', 'HUSSEIN', 'MUSA', '1', '0678620350', 'man.png', 'TEMEKE', 'no email', '2024', '2024', 'TANZANIA', '2004-06-14', 'no comment', 'no comment', '1', 'no school', '1', '1', '1', 'TEMEKE', 'TEMEKE', 'JITEGEMEE', '419943', '0', 1, 1, 44, 6, 262, 39, '2024-02-02 05:00:00', NULL);

-- --------------------------------------------------------

--
-- Table structure for table `student_statuses`
--

CREATE TABLE `student_statuses` (
  `id` bigint(20) UNSIGNED NOT NULL,
  `status_name` varchar(255) NOT NULL,
  `created_at` timestamp NULL DEFAULT NULL,
  `updated_at` timestamp NULL DEFAULT NULL
) ENGINE=InnoDB DEFAULT CHARSET=utf8mb4 COLLATE=utf8mb4_unicode_ci;

--
-- Dumping data for table `student_statuses`
--

INSERT INTO `student_statuses` (`id`, `status_name`, `created_at`, `updated_at`) VALUES
(1, 'continue', NULL, NULL),
(2, 'termination', NULL, NULL),
(3, 'transfer out', NULL, NULL),
(4, 'graduate', NULL, NULL);

-- --------------------------------------------------------

--
-- Table structure for table `subjects`
--

CREATE TABLE `subjects` (
  `id` bigint(20) UNSIGNED NOT NULL,
  `subject` varchar(255) NOT NULL,
  `level_id` int(2) NOT NULL DEFAULT 7,
  `code` varchar(50) NOT NULL,
  `user_id` bigint(20) UNSIGNED NOT NULL,
  `created_at` timestamp NULL DEFAULT NULL,
  `updated_at` timestamp NULL DEFAULT NULL
) ENGINE=InnoDB DEFAULT CHARSET=utf8mb4 COLLATE=utf8mb4_unicode_ci;

--
-- Dumping data for table `subjects`
--

INSERT INTO `subjects` (`id`, `subject`, `level_id`, `code`, `user_id`, `created_at`, `updated_at`) VALUES
(21, 'biology', 7, '033', 41, '2023-11-19 23:27:39', '2023-12-06 11:30:38'),
(22, 'physics', 7, '031', 41, '2023-11-19 23:27:53', '2023-12-06 11:31:10'),
(23, 'chemistry', 7, '032', 41, '2023-11-20 11:22:27', '2023-12-06 11:31:28'),
(24, 'civics', 7, '011', 41, '2023-11-20 11:22:57', '2023-12-06 11:31:46'),
(25, 'history', 7, '012', 41, '2023-11-20 11:23:19', '2023-12-06 11:33:02'),
(26, 'kiswahili', 7, '021', 41, '2023-11-20 11:23:43', '2023-12-06 11:33:25'),
(27, 'geography', 7, '013', 41, '2023-11-20 11:24:13', '2023-12-06 13:15:57'),
(29, 'basic mathematics', 7, '041', 41, '2023-11-20 11:25:05', '2023-11-30 13:14:36'),
(30, 'commerce', 7, '061', 41, '2023-11-20 11:25:43', '2023-12-06 11:34:25'),
(31, 'Information & Compuer Studies', 7, '036', 41, '2023-11-20 11:26:49', '2023-12-06 11:46:11'),
(32, 'advanced mathematics', 8, '142', 41, '2023-11-20 11:28:19', '2023-11-30 13:11:50'),
(33, 'basic applied mathematics', 8, '141', 41, '2023-11-20 11:28:57', '2023-11-30 13:09:26'),
(35, 'french', 7, '023', 41, '2023-11-20 11:29:59', '2023-11-30 13:15:04'),
(36, 'music', 7, '1450', 26, '2023-11-20 11:30:17', '2023-11-20 11:30:17'),
(37, 'general studies', 8, '111', 41, '2023-11-20 11:31:03', '2023-11-30 13:13:24'),
(39, 'history', 8, '112', 41, '2023-12-01 14:08:36', '2023-12-06 11:40:48'),
(40, 'Geography', 8, '113', 41, '2023-12-04 12:22:35', '2023-12-06 11:41:20'),
(41, 'Book Keeping', 7, '062', 41, '2023-12-06 11:43:53', '2023-12-06 11:43:53'),
(42, 'chemistry', 8, '132', 41, '2023-12-06 12:58:05', '2023-12-06 12:58:05'),
(43, 'commerce', 8, '152', 41, '2023-12-06 12:58:42', '2023-12-06 12:58:42'),
(44, 'Accountancy', 8, '153', 41, '2023-12-06 12:59:31', '2023-12-06 12:59:31'),
(45, 'physics', 8, '131', 41, '2023-12-06 13:00:08', '2023-12-06 13:00:08'),
(46, 'Economics', 8, '151', 41, '2023-12-06 13:07:42', '2023-12-06 13:07:42'),
(48, 'Biology', 8, '133', 41, '2023-12-06 13:08:10', '2023-12-06 13:08:10'),
(49, 'Kiswahili', 8, '121', 41, '2023-12-06 13:08:37', '2023-12-06 13:08:37'),
(50, 'English Language', 8, '122', 41, '2023-12-06 13:14:52', '2023-12-06 13:14:52'),
(51, 'English', 7, '022', 41, '2023-12-06 13:16:30', '2023-12-06 13:16:30');

-- --------------------------------------------------------

--
-- Table structure for table `users`
--

CREATE TABLE `users` (
  `id` bigint(20) UNSIGNED NOT NULL,
  `username` varchar(255) NOT NULL,
  `password` varchar(255) NOT NULL,
  `type` varchar(255) NOT NULL,
  `role_id` bigint(20) UNSIGNED NOT NULL,
  `index_no` varchar(255) NOT NULL,
  `status` varchar(15) NOT NULL DEFAULT 'active',
  `remember_token` varchar(100) DEFAULT NULL,
  `created_at` timestamp NULL DEFAULT NULL,
  `updated_at` timestamp NULL DEFAULT NULL
) ENGINE=InnoDB DEFAULT CHARSET=utf8mb4 COLLATE=utf8mb4_unicode_ci;

--
-- Dumping data for table `users`
--

INSERT INTO `users` (`id`, `username`, `password`, `type`, `role_id`, `index_no`, `status`, `remember_token`, `created_at`, `updated_at`) VALUES
(3, 'engrithom1@gmail.com', '$2y$10$xpwTVXRFvwuIQwTCLJPmUeLGyW5ctQhydWb2tU6b7GYgtUhHkg5hC', 'staff', 4, '15367', 'active', NULL, '2023-04-10 11:44:58', '2023-11-28 08:16:41'),
(26, 'fredy', '$2y$10$dUorIlG2fzg/pGSo7LL9Duil.AnLEzQeCqMSIsTDsI4T8tvDtq7CO', 'staff', 4, '87005', 'active', NULL, '2023-11-19 23:21:08', '2023-11-19 23:21:08'),
(27, 'tichamkali', '$2y$10$2lBdUHGZvZyn3vKmNQXmfuHnzgUgJH2BmBAEEaT4bclag24qryLOe', 'staff', 2, '17598', 'active', NULL, '2023-11-19 23:26:35', '2023-11-19 23:26:35'),
(28, '400000', '$2y$10$diC4WwBuLIeZCjntiQfoGOxM/JxX3KPim.0wodZeSxengs/ZDKrvq', 'student', 1, '400000', 'active', NULL, '2023-11-20 00:12:29', '2023-11-20 00:12:29'),
(33, 'admin2', '$2y$10$7jXNPTURRiaE/UGcp2.CZOezv9aqPJYRZOATYi50piJ.d03TiFJ4O', 'staff', 3, '27935', 'active', NULL, '2023-11-26 11:13:56', '2023-11-26 11:13:56'),
(35, 'admin3', '$2y$10$ZX452P/isumpCIXkK9jNvuF8C8TURmrf3JKjcJrjKti8CYlkZPljO', 'staff', 3, '49426', 'active', NULL, '2023-11-27 04:46:30', '2023-11-27 04:46:30'),
(36, 'admin1', '$2y$10$Nf1Lw1Zu/fUnQM55TiihjuRA27J30S7M6jVUVCpP26H.nrNtUR5bu', 'staff', 3, '65976', 'active', NULL, '2023-11-27 06:20:37', '2023-11-27 06:20:37'),
(37, 'aucho', '$2y$10$agmN.ihGw7gKXssKWVSwBu6K/s/eSPP1vyiAAe4W6jiyVKIU8Euku', 'staff', 2, '63145', 'active', NULL, '2023-11-28 08:59:06', '2023-11-28 08:59:06'),
(39, 'diajon', '$2y$10$qUdgsRLMNq/cYPNxSjK8sOXTGRfRHm/DZX2XLZBzQM.yxQ6sNXcbO', 'staff', 3, '87327', 'active', NULL, '2023-11-28 12:08:51', '2023-11-28 12:08:51'),
(40, 'jovinmuchunguzi7@gmail.com', '$2y$10$HWCHl7PviyXGCw9icoiqYu0RPMK25XRoxjFk2Cy0SxCjKnM5pzAtO', 'staff', 3, '33540', 'active', NULL, '2023-11-28 12:11:57', '2023-11-28 12:11:57'),
(41, 'pendofortie@gmail.com', '$2y$10$7pU0HKAs7bR3qe8mK9LXjuRuWfaaenwbufiPX5aS3uCohYGBcaTEO', 'staff', 4, '27809', 'active', NULL, '2023-11-28 13:17:24', '2023-11-28 13:20:07'),
(42, 'abel', '$2y$10$x363Wh6sW3ODvSM2yENoHukoFA95VabNFjCgmOAkKgZUeSwW7vtyK', 'staff', 4, '94930', 'active', NULL, '2023-12-07 11:08:27', '2023-12-07 11:14:19'),
(43, 'jitegemee1985@gmail.com', '$2y$10$h615k9s4MjF6Ir.HGo0jXOurXt8IAG5cEB.nqes3ZxAd0myBP3DaG', 'staff', 4, '86253', 'active', NULL, '2023-12-07 14:32:27', '2023-12-07 14:32:27'),
(44, 'jitegemeesec1985@gmail.com', '$2y$10$Se3Yfd9fshQfP9Ihc7hBAenfpEl6aIlvKCobZtfMWmNCOhxuFC7zq', 'staff', 4, '51636', 'active', NULL, '2023-12-07 14:36:14', '2023-12-07 14:36:14'),
(45, 'uddimaleva@gmail.com', '$2y$10$8n7v42keVwBHNM3cv0CcaOMjA1bGNzSMeTAvdNXorwfJuv45TwfmS', 'staff', 2, '62740', 'active', NULL, '2023-12-07 14:41:17', '2023-12-07 14:41:17'),
(46, 'josephsenerwa1981@icloud.com', '$2y$10$ccVWIiRA.g9h4NrUC2adnOYPpXgCzY1x4LmelPf/5y.dXTDuAKWfS', 'staff', 2, '82383', 'active', NULL, '2023-12-07 14:48:45', '2023-12-07 14:48:45'),
(47, 'allenbenardo@gmail.com', '$2y$10$A104HkFL8YrVR2F7ekLcm.oS2K7ktVre24/ecZoC4ImohtTwHtfhe', 'staff', 2, '21567', 'active', NULL, '2023-12-07 14:50:59', '2023-12-07 14:50:59'),
(48, 'ezekiel', '$2y$10$rfKmNFo8qp3sIOHp89..pOBdcYg1mjyxHfL8tH1ESNGu5KK6B1BIS', 'staff', 4, '55233', 'active', NULL, '2023-12-07 16:38:52', '2023-12-07 16:38:52'),
(49, 'hakielcharo47@gmail.com', '$2y$10$/6Rx0juhcfXpWm1iKtafwOKHomeKXfrKTKIkI7lAGZoGgmhIzrlha', 'staff', 2, '55108', 'active', NULL, '2023-12-07 16:44:13', '2023-12-07 16:44:13'),
(50, 'johnambakisye2021@gmail.com', '$2y$10$e4lVo/AW78wJ1.AoH3laieoe1nMgrhP5LzRgHQnnGsSpRNymJrCnK', 'staff', 4, '97180', 'active', NULL, '2023-12-08 13:11:28', '2023-12-08 13:11:28'),
(51, 'anthony@gmail.com', '$2y$10$djuQRB8BbiUOb7MAInTJ5.g9X13QTsm9HJR9lnl7GPJwR2RRg2Gke', 'staff', 2, '94643', 'active', NULL, '2023-12-09 17:15:46', '2023-12-09 17:15:46'),
(52, 'mgonja@gmail.com', '$2y$10$u3ku37mcQXbOaQzmOd15BOYYts1ra5mEqzyWcWbDM3iSXA8dVhvO2', 'staff', 2, '19374', 'active', NULL, '2023-12-09 17:18:16', '2023-12-09 17:18:16'),
(53, 'lyanga@gmail.com', '$2y$10$jjTm7JmQtEQQ56dNRicuAeLC04wM1XZp/2QUDkG2rVdbE15Tn77A.', 'staff', 2, '82556', 'active', NULL, '2023-12-09 17:20:39', '2023-12-09 17:20:39'),
(54, 'hussein@gmail.com', '$2y$10$z0FkAjuFSiYvUyHySevEu.5.UZY8mmsSEJ.PSMg4m.rR.csOpXvHu', 'staff', 2, '49052', 'active', NULL, '2023-12-09 17:22:38', '2023-12-09 17:22:38'),
(55, 'abdallah@gmail.com', '$2y$10$xmua2kShk18b54xekYOfWeQeeQibEvzwD6KClI8eOlLJvNlahaQ5S', 'staff', 2, '27308', 'active', NULL, '2023-12-09 17:24:36', '2023-12-09 17:24:36'),
(56, 'nyaulingo@gmail.com', '$2y$10$nttfCHG3r2/gKG8d1XSnIuk5MLf1j9CJh04ungRMK2DAag7pTwb6.', 'staff', 2, '43941', 'active', NULL, '2023-12-09 17:32:24', '2023-12-09 17:32:24'),
(57, 'sumry@gmail.com', '$2y$10$b8piOPrKw9bz1RrwqQ0SXuVrVGG1y9KC.ZQSK4JaYy6hhbItTv0VG', 'staff', 2, '29849', 'active', NULL, '2023-12-09 17:53:19', '2023-12-09 17:53:19'),
(58, 'jairo@gmail.com', '$2y$10$LAxOqzPpzUum3qoeTdpWm.IS3jiJrUl8W5FBs6F6IleudmCJw.bQS', 'staff', 2, '46946', 'active', NULL, '2023-12-09 17:57:41', '2023-12-09 17:57:41'),
(59, 'mkede@gmail.com', '$2y$10$xomf0bJIDUuBrjcb36gy5uzpCm6oqWkITIjNGjR8aEBVPGGDQOivC', 'staff', 3, '53704', 'active', NULL, '2023-12-09 19:34:58', '2023-12-09 19:34:58'),
(60, 'reheme@gmail.com', '$2y$10$Uezgby.8vS8yF9mRmy45L.zT68Lklj8AhoMLb.ucNydJTzeedGZpa', 'staff', 2, '86527', 'active', NULL, '2023-12-09 19:37:09', '2023-12-09 19:37:09'),
(61, 'ngajime@gmail.com', '$2y$10$ylJAItMN0dSvX/VDSKC1muNDTPkRoGqt/LKyUOmizmxDCGe7Bw55S', 'staff', 2, '48557', 'active', NULL, '2023-12-09 19:38:43', '2023-12-09 19:38:43'),
(62, 'nalingigwa@gmail.com', '$2y$10$28Aw3n.GhLBTF0Mqu7mpgeIMhfkEFV1KTXbYvKleP2lgOcqYaibty', 'staff', 2, '17593', 'active', NULL, '2023-12-09 19:40:55', '2023-12-09 19:40:55'),
(63, '419743', '$2y$10$1mVNUrxoClif/GxGT..2Mekf/au4ZRbB079Bf1.eyJKDtVMWsZwJm', 'student', 1, '419743', 'active', NULL, '2023-12-11 15:09:13', '2023-12-11 15:09:13'),
(64, '419354', '$2y$10$5YAFI71tPqwYVaJpbgbXp.a4eO2BGUTUtjZYonoMkibu.HvvOJT1a', 'student', 1, '419354', 'active', NULL, '2023-12-11 15:42:38', '2023-12-11 15:42:38'),
(65, '419344', '$2y$10$N9VSityDb9x7FK6akCwsYuqtwGXciwBuoVoDEsz7jYrsxPz4Yfiqa', 'student', 1, '419344', 'active', NULL, '2023-12-11 16:13:09', '2023-12-11 16:13:09'),
(66, '419349', '$2y$10$9EI4Qu487NF.7aZWVMPng.LyVA1DwTg22bV2yiXOdGj8saRu7aPTm', 'student', 1, '419349', 'active', NULL, '2023-12-11 16:27:24', '2023-12-11 16:27:24'),
(67, '419358', '$2y$10$H/jdBUdGUxHE2E7AR.vaT.ffsj9vIYyt2UEk/weosaLPdEFPTg8ye', 'student', 1, '419358', 'active', NULL, '2023-12-11 16:46:51', '2023-12-11 16:46:51'),
(68, '419345', '$2y$10$4W2keUqWtYvqqh1O2mxf..0IHfUsF4mziEEcL1ukY1WhzKBzXV1b6', 'student', 1, '419345', 'active', NULL, '2023-12-11 16:53:34', '2023-12-11 16:53:34'),
(69, '419337', '$2y$10$c3hdqMVS/wcoC/1sAe/faeu5N7o/2q9UMVoAQwUXDTHbcQFm1yote', 'student', 1, '419337', 'active', NULL, '2023-12-11 16:58:37', '2023-12-11 16:58:37'),
(70, '419325', '$2y$10$y45efLBZxxhzpr.gQUcjROHANnw/ALDMRlrPDqBA0Dl7YzXplvKYG', 'student', 1, '419325', 'active', NULL, '2023-12-11 17:06:53', '2023-12-11 17:06:53'),
(71, '419328', '$2y$10$lLeHFYUKthW2M1IzTp5xhODdMrM9PhKj/o7iroJweTcEnJRUT7zyi', 'student', 1, '419328', 'active', NULL, '2023-12-11 17:13:31', '2023-12-11 17:13:31'),
(72, '419536', '$2y$10$bD1Z3Mlie80I6LipljvTwO.FOMpp5Kq0cx.GRX/kATl1AVilOqowS', 'student', 1, '419536', 'active', NULL, '2023-12-11 17:19:54', '2023-12-11 17:19:54'),
(73, '419319', '$2y$10$l3Xf.3AWE03NTqnw8/khueGAcqk4zKubIzbcidPUFbx0TZpC1t9v6', 'student', 1, '419319', 'active', NULL, '2023-12-11 17:24:47', '2023-12-11 17:24:47'),
(74, '419555', '$2y$10$HEWg6krEgdAsgD4w4kmu1.TJL9qLbkxROlXwd80C08i22zNmqxcAa', 'student', 1, '419555', 'active', NULL, '2023-12-11 17:33:14', '2023-12-11 17:33:14'),
(75, '419528', '$2y$10$eH/pe1hBbHrEbEFFgobnnOl3kAqWvQTmG1hd8jR/RjDOLyP8SdfXq', 'student', 1, '419528', 'active', NULL, '2023-12-11 17:38:23', '2023-12-11 17:38:23'),
(76, '419549', '$2y$10$Kd4HHCA8e7kcN0Gw.3DoV.0uyPL1gby2AS2buzOSEYQ52VBtah/O.', 'student', 1, '419549', 'active', NULL, '2023-12-11 17:43:37', '2023-12-11 17:43:37'),
(77, '419554', '$2y$10$331x1RqMZl1t6Prl9G7giOtbKJOlZn82y9HWlvldmudjzd2nQ6q/K', 'student', 1, '419554', 'active', NULL, '2023-12-11 17:48:52', '2023-12-11 17:48:52'),
(78, '419526', '$2y$10$dm3jo5i39Se/9IBm..DBfOdloDAQdvSzjbiq8UyX0Actem4bmUcCG', 'student', 1, '419526', 'active', NULL, '2023-12-11 17:59:54', '2023-12-11 17:59:54'),
(79, '419333', '$2y$10$mWWAB9Q.eBnUCtyIfIfBlet1vHp220KgAtaQEBds/K6qCeJHnei2i', 'student', 1, '419333', 'active', NULL, '2023-12-11 18:04:19', '2023-12-11 18:04:19'),
(80, '419534', '$2y$10$qga0e0joVN6.cMWSewdbaeo9vUR3BAN5DRRgzOpMzn1uGjCCmmBsS', 'student', 1, '419534', 'active', NULL, '2023-12-11 18:10:24', '2023-12-11 18:10:24'),
(81, '419539', '$2y$10$MmsX8FQsdLbDAei.qNvjZ.WpmYkJeDSRxi.PAhpopjwlI46UL2AJa', 'student', 1, '419539', 'active', NULL, '2023-12-11 18:15:18', '2023-12-11 18:15:18'),
(82, '419552', '$2y$10$xsHi5J2QmPs/ftBH.7qQjuLaUtw.ZmAKqZCIn2ytMwySoCm44Paea', 'student', 1, '419552', 'active', NULL, '2023-12-12 16:39:43', '2023-12-12 16:39:43'),
(83, '419543', '$2y$10$55MT3Xx9nbibGmbv4dahkeuCtAt/l4CAACFFAUzubzlAW0cdIQZBq', 'student', 1, '419543', 'active', NULL, '2023-12-12 16:45:40', '2023-12-12 16:45:40'),
(84, '419523', '$2y$10$q98V8oSkjXVB./dUqjIhsetP5Y9dl4dStU2xAQkl3qHO9VDzYCs/6', 'student', 1, '419523', 'active', NULL, '2023-12-12 16:53:14', '2023-12-12 16:53:14'),
(85, '419339', '$2y$10$oJq6GkNvVKKMhfSwPFadK.WAnEcqI8zPJ6BoN7pDsSgxai6Nu5LBm', 'student', 1, '419339', 'active', NULL, '2023-12-13 12:56:24', '2023-12-13 12:56:24'),
(86, '419550', '$2y$10$g7bXOC9wtn77mR98gZplB.zMPBf/g5tnjfGsWBrZT7l/vd.6V/GLe', 'student', 1, '419550', 'active', NULL, '2023-12-13 13:01:35', '2023-12-13 13:01:35'),
(87, '419322', '$2y$10$jkxA59XXygtO0unWnk57aefHk46OYw1xvT1Pd9Vw62C5E7kPQ3vQm', 'student', 1, '419322', 'active', NULL, '2023-12-13 13:07:36', '2023-12-13 13:07:36'),
(88, '419351', '$2y$10$laQaqMtKi8FJXXw9L/iYNeDKFWWO9uECGvXydeqaskQomQMo1H92S', 'student', 1, '419351', 'active', NULL, '2023-12-13 13:35:48', '2023-12-13 13:35:48'),
(89, '419531', '$2y$10$56l49MYAWrLBe/NQsAcF1uEg42sXfzQuxbAWoSVVLlRMEgP3k2.nW', 'student', 1, '419531', 'active', NULL, '2023-12-13 13:42:24', '2023-12-13 13:42:24'),
(90, '419533', '$2y$10$0VntC4C3MpkNeIhAcnCHYuHJW.RNTAEExaqyvJJBbC1rvtrR7NElO', 'student', 1, '419533', 'active', NULL, '2023-12-13 13:47:06', '2023-12-13 13:47:06'),
(91, '419522', '$2y$10$Xo2J9hN9Flqc/l3Ek.8k4uIC9jf7VfRqPyQM3btugOI4gmKG5y90e', 'student', 1, '419522', 'active', NULL, '2023-12-13 13:58:54', '2023-12-13 13:58:54'),
(92, '419336', '$2y$10$9pBFnPj6Lx72QJ1KMxe7IOP2nyWUP084AgsLi8Aqwddz7ZVoEpZ82', 'student', 1, '419336', 'active', NULL, '2023-12-13 14:07:13', '2023-12-13 14:07:13'),
(93, '419338', '$2y$10$Vc63PkQoMJyrX4u6DAhnU.O7t5K07mW9X1tLz9hT4mmE73hG6B6FK', 'student', 1, '419338', 'active', NULL, '2023-12-13 14:13:01', '2023-12-13 14:13:01'),
(94, '419527', '$2y$10$b2yAEpAZqLRT/2nq7rbEvu.oHGot0kevbrpSjTK9Zph2FHsB3M8QS', 'student', 1, '419527', 'active', NULL, '2023-12-13 14:17:40', '2023-12-13 14:17:40'),
(95, '419320', '$2y$10$KNgt4ZvhAB0YgZ33p8JzOO2LKy4Ax7kAy62j0tsQD9jRsshitA2Eu', 'student', 1, '419320', 'active', NULL, '2023-12-13 14:22:16', '2023-12-13 14:22:16'),
(96, '419516', '$2y$10$46CP3GPcUbBJ5NOL6D7n8.myPwN93raSQF0RXt3lNoNsr7Q6OJucy', 'student', 1, '419516', 'active', NULL, '2023-12-13 14:25:53', '2023-12-13 14:25:53'),
(97, '419542', '$2y$10$BUlLoubIDbVVWBS519aJa.myOyq3RhR7OOtxBufuJ7opyGYNM.v.2', 'student', 1, '419542', 'active', NULL, '2023-12-13 14:31:03', '2023-12-13 14:31:03'),
(98, '419330', '$2y$10$18hoUnoBkeUIngXbWv4m/O3tzBoltDcVATrr96Z1j8oOrRJzJawXO', 'student', 1, '419330', 'active', NULL, '2023-12-13 14:36:50', '2023-12-13 14:36:50'),
(99, '419352', '$2y$10$jbU/EWWNPxCPoNvS.Wi.d.h8dnn95Ixhr8C9kJG9P80/uckksA0wu', 'student', 1, '419352', 'active', NULL, '2023-12-13 14:41:11', '2023-12-13 14:41:11'),
(100, '419515', '$2y$10$3AnC8PwF67oz8CpjJ99CIeGgGkafZv8PXk1/5PiHDb3mlkeG2DE9y', 'student', 1, '419515', 'active', NULL, '2023-12-13 14:45:38', '2023-12-13 14:45:38'),
(101, '419541', '$2y$10$TTp84s2g9AL6RgofBWIBD.dj8iJMcav3lLDMSyVt3qAKv0.PUZwsi', 'student', 1, '419541', 'active', NULL, '2023-12-13 14:53:03', '2023-12-13 14:53:03'),
(102, '419314', '$2y$10$pZFRLwphbRrYuz9gMnj0UOvdvuDAtgvwgMZHfVqpSVarKZhaxXNo2', 'student', 1, '419314', 'active', NULL, '2023-12-13 14:58:21', '2023-12-13 14:58:21'),
(103, '419340', '$2y$10$TGsAkBGu06mzg/mnJum6MeAjMIFq4RA7EeeCWgslUSkC38AJz3Xdi', 'student', 1, '419340', 'active', NULL, '2023-12-14 12:48:06', '2023-12-14 12:48:06'),
(104, '419613', '$2y$10$t7DKRK5B.CsdtNioZtv.tudAafcFEGz3EPSBRKeitdunpfHLTvLYC', 'student', 1, '419613', 'active', NULL, '2023-12-14 15:33:30', '2023-12-14 15:33:30'),
(105, '419616', '$2y$10$hFnH9O/rN8JxyCHB4v5ljOZ23pEOZFerIrGmw1Y71j3ivuAhcYUbm', 'student', 1, '419616', 'active', NULL, '2023-12-14 15:43:09', '2023-12-14 15:43:09'),
(106, '419615', '$2y$10$r686tAb4AP2JpLw1zg.FGekB5zzt/qDGLniNFI.fia/CAUGDklKBm', 'student', 1, '419615', 'active', NULL, '2023-12-14 15:46:55', '2023-12-14 15:46:55'),
(107, '419316', '$2y$10$5RqitXFe29oRl8Pg2Fn/8O0qbiD.i9yAlxemg/tRy4yk9J1qG0aza', 'student', 1, '419316', 'active', NULL, '2023-12-14 15:54:00', '2023-12-14 15:54:00'),
(108, '419545', '$2y$10$q0nyOpx9rgFICmRxz.CIduDSuye8vdkvMI7/1TIS0/IZ2Wem438D2', 'student', 1, '419545', 'active', NULL, '2023-12-14 16:10:36', '2023-12-14 16:10:36'),
(109, '419538', '$2y$10$iTA7I.QeKxy4UZXhzvfh5eMWaWTtImfWaIAWTYxzKO7.CT.uqAW3G', 'student', 1, '419538', 'active', NULL, '2023-12-14 16:50:48', '2023-12-14 16:50:48'),
(110, '419558', '$2y$10$U4703emZhx0CKFFYJoqA..4IJU1lhTickHYIQWOjM1zH1vZWhmSRq', 'student', 1, '419558', 'active', NULL, '2023-12-14 16:55:29', '2023-12-14 16:55:29'),
(111, '419324', '$2y$10$AXJSGS4rwvhbrt/lCbj3z.u.6MOIb7Vipy/Gk.93pgAwa6wMp/Nhe', 'student', 1, '419324', 'active', NULL, '2023-12-14 17:04:22', '2023-12-14 17:04:22'),
(112, '419327', '$2y$10$dZybbG8iR4/5ArJ0J2vuC.GEGtVM409sJUvvRpmUnlTvsY6OhAEAO', 'student', 1, '419327', 'active', NULL, '2023-12-14 17:09:12', '2023-12-14 17:09:12'),
(113, '419744', '$2y$10$46pa3rANx8zggD.uk2GlWe3QG51VrC49Fvkz7R.zPxAf32qEKixce', 'student', 1, '419744', 'active', NULL, '2024-01-19 10:27:17', '2024-01-19 10:27:17'),
(114, '419745', '$2y$10$MaoPQWr46OBsZgVzCCnJGuiTQznl.XUkndkhqP3Glv9Ih5BawoyEi', 'student', 1, '419745', 'active', NULL, '2024-01-19 10:39:56', '2024-01-19 10:39:56'),
(115, '419746', '$2y$10$6EHIf4c8hLA3/5cdByHmJ.NmA2zTrYHGQedYrMiOTv9kI/1lL8mlW', 'student', 1, '419746', 'active', NULL, '2024-01-19 12:10:13', '2024-01-19 12:10:13'),
(116, '419747', '$2y$10$GwbtLB1WRpQBxunFvuhfjeuihmTSC0ms834F6P9yyrtmlfft0P5.C', 'student', 1, '419747', 'active', NULL, '2024-01-19 12:19:51', '2024-01-19 12:19:51'),
(117, '419748', '$2y$10$Or.4yqZwOoIisM4U0x7TW.dFpcX3OqP2xeZzG8hywLnuea30.O3Ki', 'student', 1, '419748', 'active', NULL, '2024-01-19 12:29:20', '2024-01-19 12:29:20'),
(118, '419749', '$2y$10$fmKYSIZb1EKKvO23iFRkZe5/2F13elMEnLjkwasyWnbZicy08pXVS', 'student', 1, '419749', 'active', NULL, '2024-01-19 12:47:26', '2024-01-19 12:47:26'),
(119, '419750', '$2y$10$4jbw7pPfcSBYShGcySWGV.jKkPKGic5c32iN.1KaoxUvnm/1PM8pS', 'student', 1, '419750', 'active', NULL, '2024-01-19 12:53:30', '2024-01-19 12:53:30'),
(120, '419751', '$2y$10$xnLrZm40tTF2ESH6iWZW7.Uztz9LYEH7ZS/3njYJkbFu6BIzOISoW', 'student', 1, '419751', 'active', NULL, '2024-01-19 13:02:34', '2024-01-19 13:02:34'),
(121, '419752', '$2y$10$p4R5ARLuc2aqo3XnG6N81u7Yz.m8iV66NXrbT3lddDKTeyS11/bBO', 'student', 1, '419752', 'active', NULL, '2024-01-19 13:09:56', '2024-01-19 13:09:56'),
(122, '419753', '$2y$10$gX0aO/Me6vYUekXW8oWl9u8lFpKWTxKyY2tbcQ9GeJxEK134U6Eve', 'student', 1, '419753', 'active', NULL, '2024-01-19 13:17:57', '2024-01-19 13:17:57'),
(123, '419754', '$2y$10$q6ZUmWVxavC/MA.fFOMU8eWgN2j.WWfNjHIM2Ai6aL00lzO92p4mG', 'student', 1, '419754', 'active', NULL, '2024-01-19 13:27:25', '2024-01-19 13:27:25'),
(124, '419755', '$2y$10$jOrQSipxFZLWTcmg3kcyXOG80q/xbm5LY6Hk6i8NcUy7o.1FKvxK6', 'student', 1, '419755', 'active', NULL, '2024-01-19 13:57:20', '2024-01-19 13:57:20'),
(125, '419756', '$2y$10$YEMGKJcV/aOW7AjVYbMfUuT/z7its/W6zToE1t7zmrmjRoiijfCkK', 'student', 1, '419756', 'active', NULL, '2024-01-19 14:08:17', '2024-01-19 14:08:17'),
(126, '419757', '$2y$10$.xGSFJNjDAB9TbCaHoPzAueQofa480.XyAB1CHzUCeQI0KP1jFcFy', 'student', 1, '419757', 'active', NULL, '2024-01-19 14:14:23', '2024-01-19 14:14:23'),
(127, '419758', '$2y$10$U24i749dSS0qVJFYJMPEc.fBvmLz2g3aLRb.Z9jHB.qpLO7vcMLiO', 'student', 1, '419758', 'active', NULL, '2024-01-19 14:22:10', '2024-01-19 14:22:10'),
(128, '419759', '$2y$10$KKgo8.vkDic17B9bJ8CbSevDegnjz2yTbvO2T/q2GLbRvJeIkQn/G', 'student', 1, '419759', 'active', NULL, '2024-01-19 14:28:14', '2024-01-19 14:28:14'),
(129, '419760', '$2y$10$HHLGI3/NeM0CpeU0DhyxauHKyl5jgVEUVsOaPg/AmTqkl9myPiYpu', 'student', 1, '419760', 'active', NULL, '2024-01-19 14:36:46', '2024-01-19 14:36:46'),
(130, '419761', '$2y$10$fuMOtI874abAcEfSnbFOGuClHp8V5NtWXNdzA8qMBX4B6RKWgrEFS', 'student', 1, '419761', 'active', NULL, '2024-01-19 14:46:54', '2024-01-19 14:46:54'),
(131, '419762', '$2y$10$BxBKT/szxSINlsNC2cbtDODhbI5uZXQpnl.tDw3wBt8MbOzLW3m1O', 'student', 1, '419762', 'active', NULL, '2024-01-19 14:55:22', '2024-01-19 14:55:22'),
(132, '419763', '$2y$10$/AW71uODL2OmDu1K6QdQZOuhzBrYPTxtz.oevy/8hw/xauisToxpe', 'student', 1, '419763', 'active', NULL, '2024-01-19 14:59:33', '2024-01-19 14:59:33'),
(133, '419764', '$2y$10$pD8CLujrZ3C9LxOVJ3snIeZOjOZ.nBrfqCoum2l3Bpqn7VAOE4Q2u', 'student', 1, '419764', 'active', NULL, '2024-01-19 15:07:19', '2024-01-19 15:07:19'),
(134, '419765', '$2y$10$k77TiF8DGiioPBQCW./i3.DN07LjEYycSJy33SJV7WJKxnyIbeE0K', 'student', 1, '419765', 'active', NULL, '2024-01-19 15:14:10', '2024-01-19 15:14:10'),
(135, '419766', '$2y$10$/MdysxBWr.VmwZRIcz/Ub.J3SOCzjccGYEehBFPY9m0kH96duETfK', 'student', 1, '419766', 'active', NULL, '2024-01-19 15:24:18', '2024-01-19 15:24:18'),
(136, '419767', '$2y$10$b0hJcIYZFg0EVRuEE8Jq1ObmmsK3.45jHd1batQfhhZGan3QvJ0b.', 'student', 1, '419767', 'active', NULL, '2024-01-19 16:50:01', '2024-01-19 16:50:01'),
(137, '419768', '$2y$10$4WFtZYhXuJ8ZQ0E5Ji5aK.Z9ZmzSF4anXRhj1Q3vVQ56qIRVx.oiy', 'student', 1, '419768', 'active', NULL, '2024-01-19 16:55:12', '2024-01-19 16:55:12'),
(138, '419769', '$2y$10$nWGaOdzrEuHL6/Ifoq/cRulT9Gx8PFxIRzkUYiGeoUk3yp291rO.i', 'student', 1, '419769', 'active', NULL, '2024-01-19 16:58:45', '2024-01-19 16:58:45'),
(139, '419770', '$2y$10$3y1aEgJ6azR9VWfuUrw7TOS0OFmd2XtTuiz8vvXKx5ynRQbDZnCOC', 'student', 1, '419770', 'active', NULL, '2024-01-19 17:03:03', '2024-01-19 17:03:03'),
(140, '419771', '$2y$10$V7bXS.udY3UavJQGq8d9SubSU4c9aIKab1xOW0L6dkmu1lhBzQwBy', 'student', 1, '419771', 'active', NULL, '2024-01-19 17:10:18', '2024-01-19 17:10:18'),
(141, '419772', '$2y$10$HWJ3ur9nV6foYfx0F.7U/.lMlZBhxdQmUDDMXRXa3dwZCpceoJcWi', 'student', 1, '419772', 'active', NULL, '2024-01-19 17:15:03', '2024-01-19 17:15:03'),
(142, '419773', '$2y$10$GUv7/lRb3aSYf6IhPLoQRO5a9QR2TQ.df.PkY3xcLJE06YlyQkRpC', 'student', 1, '419773', 'active', NULL, '2024-01-19 17:19:13', '2024-01-19 17:19:13'),
(143, '419774', '$2y$10$P7VmPzbyLUWrESAxW7NAB.VDCX76.xMCzgYsyvqb31Bbgzxfgs6ya', 'student', 1, '419774', 'active', NULL, '2024-01-19 17:23:09', '2024-01-19 17:23:09'),
(144, '419775', '$2y$10$RGS/6kJSNlpkPWHVm8xzYep2LOdK9MDCASFwTEHDBkAgwhxUK9dGK', 'student', 1, '419775', 'active', NULL, '2024-01-19 17:26:52', '2024-01-19 17:26:52'),
(145, '419776', '$2y$10$MSL1Juq7pZXoHvChblR7duc0uzBBCY01LZwB47MSm4cCmbLFgKMba', 'student', 1, '419776', 'active', NULL, '2024-01-22 10:01:58', '2024-01-22 10:01:58'),
(146, '419777', '$2y$10$V.GEz/mN.WXkqC7Xk6QBQ./mp90CCf1KGJT8yd52L/hKtGk9fJOsK', 'student', 1, '419777', 'active', NULL, '2024-01-22 10:08:04', '2024-01-22 10:08:04'),
(147, '419778', '$2y$10$2AywnKMGBmhJ9Sw5eTqPZOtmsW5lNgJ1ptf3Uf80GlpZkVoH5IHBW', 'student', 1, '419778', 'active', NULL, '2024-01-22 10:13:40', '2024-01-22 10:13:40'),
(148, '419779', '$2y$10$D9x4fpJ/rsJ60iZd0kcqPOsJTYxvqxNQ1fz6eCnfZxC4EI73bUZN2', 'student', 1, '419779', 'active', NULL, '2024-01-22 10:16:54', '2024-01-22 10:16:54'),
(149, '419780', '$2y$10$wj4gfowQrt5W59hKt9bzW.zjzFK7HN.li/0axLW.DgVdPugpec3AW', 'student', 1, '419780', 'active', NULL, '2024-01-22 10:20:11', '2024-01-22 10:20:11'),
(150, '419781', '$2y$10$uu2sniw0FyOkl2Pa7eOflOtogRdmtHTO1OkwRgLNNjjLHMDaVSMLu', 'student', 1, '419781', 'active', NULL, '2024-01-22 10:23:50', '2024-01-22 10:23:50'),
(151, '419782', '$2y$10$xSoW/hAsDyM5km7fgJnB2uU.eB4XlyARg12G1tjDC1qNn5Y40d.7O', 'student', 1, '419782', 'active', NULL, '2024-01-22 10:27:48', '2024-01-22 10:27:48'),
(152, '419783', '$2y$10$8RonUAk2SZmjvkBuGTuHIuodXi/V5B2sXhXkKji5uliI/bV4U/sC2', 'student', 1, '419783', 'active', NULL, '2024-01-22 10:31:44', '2024-01-22 10:31:44'),
(153, '419784', '$2y$10$V1ceoRyQ8IU8XE2uCM0PJentRJ4ubTD/7KpIGWlWdnqunfUmJC5Gm', 'student', 1, '419784', 'active', NULL, '2024-01-22 10:35:14', '2024-01-22 10:35:14'),
(154, '419785', '$2y$10$YVs9HTYKfHWLG5UuweJ/JuMbTCgN8wKf8.oc4mcEPEClcsr52q8PG', 'student', 1, '419785', 'active', NULL, '2024-01-22 10:41:44', '2024-01-22 10:41:44'),
(155, '419786', '$2y$10$2iZ6fW3zee1/CKXXtZ1Ile6zSyvRDbrC4NUoajx55InXdLwgJoOiy', 'student', 1, '419786', 'active', NULL, '2024-01-22 10:55:14', '2024-01-22 10:55:14'),
(156, '419787', '$2y$10$y9yFXlFOR4OtHnVoOrDYCOXQaLud58t1DI4DyTuZlkbO.zx0dIZeK', 'student', 1, '419787', 'active', NULL, '2024-01-22 10:59:40', '2024-01-22 10:59:40'),
(157, '419788', '$2y$10$LUvznXRqy6VQYDIIRNfwkeeKneKOTPsmX4BXf4TjyikIur5cBt.pi', 'student', 1, '419788', 'active', NULL, '2024-01-22 12:27:33', '2024-01-22 12:27:33'),
(158, '419789', '$2y$10$nHJTBJmPPetbltn9./ETh.beJ2BL8jTQLbKvP7j4zGXIE8mQOXXgK', 'student', 1, '419789', 'active', NULL, '2024-01-22 12:32:10', '2024-01-22 12:32:10'),
(159, '419790', '$2y$10$MEP0RIR/qwJafDApatBgoOx/lm9lCdcAXHqNAtcB3JQUVqRU4hw1q', 'student', 1, '419790', 'active', NULL, '2024-01-22 12:40:59', '2024-01-22 12:40:59'),
(160, '419791', '$2y$10$oNPbr7l582yWZgUZOuPpa./lUf64VNC6g.pBe.SZrYI80abt6nQae', 'student', 1, '419791', 'active', NULL, '2024-01-22 12:48:59', '2024-01-22 12:48:59'),
(161, '419792', '$2y$10$tmTkyo9a1sRDjOK8llt6POEymdSQwttOjSQ3lslxq3PtNCQk6Atl2', 'student', 1, '419792', 'active', NULL, '2024-01-22 12:58:14', '2024-01-22 12:58:14'),
(162, '419793', '$2y$10$4mBQO8mJWB8L7cOCN0Wy2.G3h.wYkQiyzN4VnEviPY9rPSTDo/FtW', 'student', 1, '419793', 'active', NULL, '2024-01-22 13:10:49', '2024-01-22 13:10:49'),
(163, '419794', '$2y$10$FKISO9tA2izWXCVyfQ6iwux6WJPXFsD3rA.TMY1HDNwxND.NPwrza', 'student', 1, '419794', 'active', NULL, '2024-01-22 13:22:21', '2024-01-22 13:22:21'),
(164, '419795', '$2y$10$yVAFFR94RhDNpfw0cnNYoe75vgzCO8jsDfDZL5oRzfvsCxvlWF7he', 'student', 1, '419795', 'active', NULL, '2024-01-22 13:29:12', '2024-01-22 13:29:12'),
(165, '419796', '$2y$10$.vhme4Rlfczawam8HAeAn.tiwLVxT0wVXsySY/q8JlN2TxgHyJ.UC', 'student', 1, '419796', 'active', NULL, '2024-01-22 14:13:31', '2024-01-22 14:13:31'),
(166, '419797', '$2y$10$CnX/4LEPQEufwNxxNGqL0.i6U179vwVyFJtbPBlDI9RCLt5UQJnoa', 'student', 1, '419797', 'active', NULL, '2024-01-22 14:17:40', '2024-01-22 14:17:40'),
(167, '419798', '$2y$10$gez/T28f4MZB9qzTtZZNeeJ6WyjIEkyKRMiv/jpHxWvRhysI9ajji', 'student', 1, '419798', 'active', NULL, '2024-01-22 14:21:17', '2024-01-22 14:21:17'),
(168, '419799', '$2y$10$lKUo3KjqG.jpiqq1S9FrUOkyFanDI2m73F04nTbFl5EqQbhyDBZPG', 'student', 1, '419799', 'active', NULL, '2024-01-22 14:24:33', '2024-01-22 14:24:33'),
(169, '419800', '$2y$10$6rprmasXbV9.vISdIyomzOYiSmXCAwV3NpTG1GRUGVO3OlWCzVw/i', 'student', 1, '419800', 'active', NULL, '2024-01-22 14:28:35', '2024-01-22 14:28:35'),
(170, '419801', '$2y$10$Bo58hR/dHSk7VvKdHFDsIeSEaAcjHSLTPbfJpJBp8eY8/b7OYR9m2', 'student', 1, '419801', 'active', NULL, '2024-01-22 14:32:16', '2024-01-22 14:32:16'),
(171, '419802', '$2y$10$UFD0PSLTp3FfBhRZINsQFuNAzoEJ5ps5C5va4L7iXrAknqlk/MvTi', 'student', 1, '419802', 'active', NULL, '2024-01-22 14:36:14', '2024-01-22 14:36:14'),
(172, '419803', '$2y$10$WZ1RTULVu8rzWem5TOTPHubsCZp5/GhuDtnf6ZIxfnMg.3LSJLHg2', 'student', 1, '419803', 'active', NULL, '2024-01-22 14:40:58', '2024-01-22 14:40:58'),
(173, '419804', '$2y$10$CS2PXHXTGTb4u6aIv2B8KOvJvprsTQnaBAPUZcKXsqyOWw6jYCFzG', 'student', 1, '419804', 'active', NULL, '2024-01-22 14:53:25', '2024-01-22 14:53:25'),
(174, '419805', '$2y$10$J5Gf9c.O8ZZ5UEMWfdx2e.bv89dOkEAuw5BLyQTHDBl05d7perK9a', 'student', 1, '419805', 'active', NULL, '2024-01-22 14:58:45', '2024-01-22 14:58:45'),
(175, '419806', '$2y$10$eoLSPg09qfMVtsSTU7Yc8.WC.mO3A./tF6sFb0/Yr/ILcyUM5pTiu', 'student', 1, '419806', 'active', NULL, '2024-01-22 15:04:29', '2024-01-22 15:04:29'),
(176, '419807', '$2y$10$vtSq7QiqON2PayOr5RHXMOsZ1n/j22R8iRkvcDhbEXV8BM6E2vmRC', 'student', 1, '419807', 'active', NULL, '2024-01-22 15:07:58', '2024-01-22 15:07:58'),
(177, '419808', '$2y$10$2/A2nwzbNPJ51pzvOkgve.wEkfKr8gM/AQrW7pWrfV1/o2NVcJziy', 'student', 1, '419808', 'active', NULL, '2024-01-22 15:11:12', '2024-01-22 15:11:12'),
(178, '419809', '$2y$10$s55auxk73B9KBIXb474APOug0tdwdSC/BCWf1MIsMz1F6qGODdQt6', 'student', 1, '419809', 'active', NULL, '2024-01-22 15:14:52', '2024-01-22 15:14:52'),
(179, '419810', '$2y$10$BW4xQeAU6kuWBhX08J33rulOMJNQGe8RbeouEpUH4EzsJ5yVz7Osq', 'student', 1, '419810', 'active', NULL, '2024-01-22 16:30:37', '2024-01-22 16:30:37'),
(180, '419811', '$2y$10$ENFaEx3.4lEAMb98i109CO1SMr25DMaiWLZWSi11PpKGqAwlL0nyy', 'student', 1, '419811', 'active', NULL, '2024-01-22 16:38:50', '2024-01-22 16:38:50'),
(181, '419812', '$2y$10$GkOzxq1cqTBdgY3ci4IUuesKh5oJhKMKPGfiOBjzPC6.eHjhhR9oW', 'student', 1, '419812', 'active', NULL, '2024-01-22 16:49:08', '2024-01-22 16:49:08'),
(182, '419813', '$2y$10$fXnQCrn8yiZ1jW6GA/c6fu7j3wr6OR/Q3J..nFYgqW3SHu4L4k0mG', 'student', 1, '419813', 'active', NULL, '2024-01-22 16:56:46', '2024-01-22 16:56:46'),
(183, '419814', '$2y$10$aZhci/cbijzgs1B8swyZH.vyaG/8QAzD/glfKmoxE7n2PsMWWP9Py', 'student', 1, '419814', 'active', NULL, '2024-01-22 17:00:01', '2024-01-22 17:00:01'),
(184, '419815', '$2y$10$qVx18jj4lvf4wLJn.GpZv./n88nLUno0wUiJLSoohNMx3JDD925J2', 'student', 1, '419815', 'active', NULL, '2024-01-22 17:03:55', '2024-01-22 17:03:55'),
(185, '419816', '$2y$10$MV5cVyqKbcqOOOZrIaecJO.mb40RG9RVehf./oKeBi0m5MN1ceyU.', 'student', 1, '419816', 'active', NULL, '2024-01-22 17:07:08', '2024-01-22 17:07:08'),
(186, '419817', '$2y$10$7fZqpFneKYQgi3stqdLr2uSNYPn.EADwbRbPadu.zjdTcekgjxeB6', 'student', 1, '419817', 'active', NULL, '2024-01-22 17:10:30', '2024-01-22 17:10:30'),
(187, '419818', '$2y$10$BvVS.fcFZ5CHqGF/L6PABubDTmjzqjmrVPQlN9YPPI4UGz3ymcnDy', 'student', 1, '419818', 'active', NULL, '2024-01-22 17:21:13', '2024-01-22 17:21:13'),
(188, '419819', '$2y$10$67l5S/9gXYGM7P50sGujqORndTjFhvSiJHFp0QpUXL90M7p.c1kJa', 'student', 1, '419819', 'active', NULL, '2024-01-22 17:25:05', '2024-01-22 17:25:05'),
(189, '419820', '$2y$10$ik/oGiMB0D8yAsMFjaybJeZCO9ayt0ptZ/YsVXRcAMfp/i0lj5tIK', 'student', 1, '419820', 'active', NULL, '2024-01-22 17:29:59', '2024-01-22 17:29:59'),
(190, '419821', '$2y$10$OGQE6EyPt4FvmHju/5OD2e33GrM3DPFxJeek/nZOt4w/joW0K6kTG', 'student', 1, '419821', 'active', NULL, '2024-01-22 17:34:33', '2024-01-22 17:34:33'),
(191, '419822', '$2y$10$mOeZlzGgFbvrGDFLnU7fCOX.knMigRryWwqjhVOR1FIGezsrQVDJ6', 'student', 1, '419822', 'active', NULL, '2024-01-22 17:46:36', '2024-01-22 17:46:36'),
(192, '419823', '$2y$10$DAjn1hL5vx4B4ttP5FdxzOTJSlMKHzOcY5VP4e9iVrPM1c5qs/LoG', 'student', 1, '419823', 'active', NULL, '2024-01-22 17:54:58', '2024-01-22 17:54:58'),
(193, '419824', '$2y$10$hXUJc00XXBXQjQJSp0z6veZeDhQ95UlW7Kl5Nzu.8Rw/Q/.mMx91C', 'student', 1, '419824', 'active', NULL, '2024-01-22 18:00:17', '2024-01-22 18:00:17'),
(194, '419825', '$2y$10$GuTjEjBMw.AKFsV4M4cgau43FCuLcEgP1vlmj6JOxaEOQA2GucM3q', 'student', 1, '419825', 'active', NULL, '2024-01-25 10:08:13', '2024-01-25 10:08:13'),
(195, '419826', '$2y$10$B8hSpp4E11LKaYdvO9c.Guk8nOE26PU3c9VvxDh4y.vP1Y12vua22', 'student', 1, '419826', 'active', NULL, '2024-01-25 10:12:39', '2024-01-25 10:12:39'),
(196, '419827', '$2y$10$PDqmZF62m7ndNQmyukGTY.8zmzrLLAUHmQQ7EgV7oRzEBTIHhxmEu', 'student', 1, '419827', 'active', NULL, '2024-01-25 10:24:37', '2024-01-25 10:24:37'),
(197, '419828', '$2y$10$LWv5GHKNuYTqFzc8HdQZVuJIz4NZaOYd4Px7JOPz.D0wyQShtr3A.', 'student', 1, '419828', 'active', NULL, '2024-01-25 10:30:42', '2024-01-25 10:30:42'),
(198, '419829', '$2y$10$L2y0bpD5prBzUCiNCK3mn.J8MQ2a5a2XuzPDOfCXO99gERRxVNaam', 'student', 1, '419829', 'active', NULL, '2024-01-25 10:34:27', '2024-01-25 10:34:27'),
(199, '419830', '$2y$10$r0yKigoKKXqtk06yc8tvguvOnQd.zfuP90K3Y8qTnv2ZnjVxuDDYe', 'student', 1, '419830', 'active', NULL, '2024-01-25 10:43:07', '2024-01-25 10:43:07'),
(200, '419831', '$2y$10$E3QQSLDCNblvott9oRnZGe68h2IlYNzvWMVaFgp6Xz6grUrSv.JrK', 'student', 1, '419831', 'active', NULL, '2024-01-25 10:48:08', '2024-01-25 10:48:08'),
(201, '419832', '$2y$10$uTR1O10gfXFjoEXpsGzBEeOhyWKQcm4UTOx1UZzHV3Sj70DNB8hem', 'student', 1, '419832', 'active', NULL, '2024-01-25 10:56:33', '2024-01-25 10:56:33'),
(202, '419833', '$2y$10$6l9Sgj730TcCW3eIzgBxL.9n/T9K8vfTF0iX27aVAgQPgg50HqNHm', 'student', 1, '419833', 'active', NULL, '2024-01-25 12:24:53', '2024-01-25 12:24:53'),
(203, '419834', '$2y$10$MSj2RihmSA9rZ84FfhFQnOjOrhwq8s.9TsO0X5YLtnp9zOezxWfPW', 'student', 1, '419834', 'active', NULL, '2024-01-25 12:29:27', '2024-01-25 12:29:27'),
(204, '419835', '$2y$10$OEZIRNg1tZdEeiBVFUo2heKykrDHIFUFdktRC8AzkyAInEwgL5eAe', 'student', 1, '419835', 'active', NULL, '2024-01-25 12:37:45', '2024-01-25 12:37:45'),
(205, '419836', '$2y$10$tYx5YPET7jincSVOwP1/5.OghGQKMkqzhyg20vaqvir170rzWwxI.', 'student', 1, '419836', 'active', NULL, '2024-01-25 13:00:05', '2024-01-25 13:00:05'),
(206, '419837', '$2y$10$bV3NwXJGGk6NVFOdGxWNz.eSLhW7fnL2w5oevHW37A2Wy2RKxw172', 'student', 1, '419837', 'active', NULL, '2024-01-25 13:08:36', '2024-01-25 13:08:36'),
(207, '419838', '$2y$10$HHUHQvTsbCTgpO6HIKGSv.4l3ujCabZEI.BVswVSRhYpi22tBKaGO', 'student', 1, '419838', 'active', NULL, '2024-01-25 13:13:27', '2024-01-25 13:13:27'),
(208, '419839', '$2y$10$35w5agrv2sRq7GuFRQ.cyumqCYb9NstrSD5VNuOU9cNdN2BdSZA4C', 'student', 1, '419839', 'active', NULL, '2024-01-25 13:45:39', '2024-01-25 13:45:39'),
(209, '419840', '$2y$10$6iFe31zAFqKzidDxG5uwSejdftNfwrCN.03sgtHMUQqzXTG6E6VU.', 'student', 1, '419840', 'active', NULL, '2024-01-25 14:30:55', '2024-01-25 14:30:55'),
(210, '419841', '$2y$10$FLXYgrckpSajlFdo4QXLsui9mSkbsOiuS/1bIdKQtFjd2pN04pBDG', 'student', 1, '419841', 'active', NULL, '2024-01-25 14:44:08', '2024-01-25 14:44:08'),
(211, '419842', '$2y$10$MS1JxplJFsCIwpYkesj9BeacmFGSBdB2x6TOhKKGRH1CSWnE/OCTe', 'student', 1, '419842', 'active', NULL, '2024-01-25 14:52:31', '2024-01-25 14:52:31'),
(212, '419843', '$2y$10$I6ofjFkp1kbEoJm91vTEdezDL4SqDP3BggeMpjnmhe15a/kDzTmMK', 'student', 1, '419843', 'active', NULL, '2024-01-25 15:00:35', '2024-01-25 15:00:35'),
(213, '419844', '$2y$10$9qJsDDmHk6.dGa3Qyi7XWu47mHAdItX8nVf.cNfEmqcm8FkWAShF2', 'student', 1, '419844', 'active', NULL, '2024-01-25 15:13:41', '2024-01-25 15:13:41'),
(214, '419845', '$2y$10$30HKMWBGE/903RlmZMJkSevXs6c/hqa5FF3aK5vcps9H9/K7LpEQ.', 'student', 1, '419845', 'active', NULL, '2024-01-25 15:21:22', '2024-01-25 15:21:22'),
(215, '419846', '$2y$10$zy3HO/DG71E1.KOo6IpqKegYnauEXpPa1eNSbaP4hDj7S1V9.wzKS', 'student', 1, '419846', 'active', NULL, '2024-01-25 15:31:54', '2024-01-25 15:31:54'),
(216, '419847', '$2y$10$jitFg6KlgobAWRkTC4WNK.oGzbj5HLc2uTCs0oSe33vcicg.Pudfa', 'student', 1, '419847', 'active', NULL, '2024-01-25 16:26:58', '2024-01-25 16:26:58'),
(217, '419848', '$2y$10$9VGesFdDvklxzBOiaphvbeCUd0z2wjjBa5mq1alK9X1uoqPg2v49O', 'student', 1, '419848', 'active', NULL, '2024-01-25 16:33:37', '2024-01-25 16:33:37'),
(218, '419849', '$2y$10$hJsKz8RsJ5kxVzeq0b.PfOH6qpi3DlGw6cVK0Y39hOAU9eMCfnOaq', 'student', 1, '419849', 'active', NULL, '2024-01-25 16:38:28', '2024-01-25 16:38:28'),
(219, '419850', '$2y$10$/U1PgkGAkX1SnMG5ecSwMexWdp4RLBfD/NaE.HEsdeeoYBS6OjkXW', 'student', 1, '419850', 'active', NULL, '2024-01-25 17:03:21', '2024-01-25 17:03:21'),
(220, '419851', '$2y$10$Qk2wtwyOeyN6wp4q75bk9uQfKCxW.A5b5OVcPNEp0mPXlBqD.8RF6', 'student', 1, '419851', 'active', NULL, '2024-01-25 17:10:12', '2024-01-25 17:10:12'),
(221, '419852', '$2y$10$VyCcMgxyIIGzhSG/9WFYXe96ESC93J5wyPLWCLiuNG5MUhFaaTM8y', 'student', 1, '419852', 'active', NULL, '2024-01-25 17:15:00', '2024-01-25 17:15:00'),
(222, '419853', '$2y$10$kH4shx09.REmy/uTisSrgukEzFR.GDMJegyei1qj8l8mi9bh7WXJW', 'student', 1, '419853', 'active', NULL, '2024-01-25 17:31:45', '2024-01-25 17:31:45'),
(223, '419854', '$2y$10$J7rmbK.L/lUckAtKUgV7cez0ZQoUEPjHeLf2T93SeDdkZNq607dVy', 'student', 1, '419854', 'active', NULL, '2024-01-25 17:39:28', '2024-01-25 17:39:28'),
(224, '419855', '$2y$10$s8kaabt1CZWe9//sMj0mD.3zfAIj6UBVlEs2fVuZn9gql/8XFd9a2', 'student', 1, '419855', 'active', NULL, '2024-01-25 17:43:54', '2024-01-25 17:43:54'),
(225, '419856', '$2y$10$LjMl4ixdbxfnULDFLC4WT.6WrsdspKYkW31hkuFbC0q41Rlp5rXou', 'student', 1, '419856', 'active', NULL, '2024-01-25 17:49:02', '2024-01-25 17:49:02'),
(226, '419857', '$2y$10$KK2Jb2oPxQjSAH/6oa4LkuOSoYUaE2Sh0fnE.ZBD5VEs39iDIl03O', 'student', 1, '419857', 'active', NULL, '2024-01-25 17:55:13', '2024-01-25 17:55:13'),
(227, '419858', '$2y$10$bSdIWyZ8iTaugKCypcKMhOrMCPTgvabBcd6ZOoaE61V9W3C1TKHJK', 'student', 1, '419858', 'active', NULL, '2024-01-25 18:00:28', '2024-01-25 18:00:28'),
(228, '419859', '$2y$10$yH1CxDOWeM3v1ForU75k2.GLXsiL8W0xDLr/7nLVToGWvjlwxC0GO', 'student', 1, '419859', 'active', NULL, '2024-01-26 09:53:35', '2024-01-26 09:53:35'),
(229, '419860', '$2y$10$UG91GM.6DCZ7BgR5k2sVgehKE8WMV16P9kIzxTIKm1rRPzuZ6QXOu', 'student', 1, '419860', 'active', NULL, '2024-01-26 10:01:14', '2024-01-26 10:01:14'),
(230, '419861', '$2y$10$VGmsHSgU6TgZWlbcGJw26eCU/8YdZ/VQpTJuru8CdU5uQRkxCfAFq', 'student', 1, '419861', 'active', NULL, '2024-01-26 10:06:13', '2024-01-26 10:06:13'),
(231, '419862', '$2y$10$jBQ0c3gEMctbgPqlqcPj2ebx6ZlJbx7yMnMnN/euVNCkazPVhjQvm', 'student', 1, '419862', 'active', NULL, '2024-01-26 10:09:16', '2024-01-26 10:09:16'),
(232, '419863', '$2y$10$ggTlWlYQWSdJdLovL6gCa.8UOuvFv/auE.QwUbckTAf9N8Hr4JqSK', 'student', 1, '419863', 'active', NULL, '2024-01-26 10:13:46', '2024-01-26 10:13:46'),
(233, '419864', '$2y$10$33qje5oxuGxcwWvr6YKcpe5W7PBCYNxvJRV0rTcL4w6euz1hHwSHa', 'student', 1, '419864', 'active', NULL, '2024-01-26 10:21:00', '2024-01-26 10:21:00'),
(234, '419865', '$2y$10$97aqbKqS2oLiX7tz/bGc7eVqexLKiQ0PN6RpPBLxAcW5Pu9KujbHu', 'student', 1, '419865', 'active', NULL, '2024-01-26 10:29:23', '2024-01-26 10:29:23'),
(235, '419866', '$2y$10$Af3O5HzUQ3zrrwwIhKSoGe2nEhxNGk3WB8SO2SAtLd9oTwDrmM3QS', 'student', 1, '419866', 'active', NULL, '2024-01-26 11:13:56', '2024-01-26 11:13:56'),
(236, '419867', '$2y$10$0F/LQ.Bi6b7AQSpENf3.EuEI2txehGx5z3L.RV06LooX4RdZwb96C', 'student', 1, '419867', 'active', NULL, '2024-01-29 12:04:49', '2024-01-29 12:04:49'),
(237, '419868', '$2y$10$RBztPdWr7kf6Gfryvn7HAejw74zVqrw0n6tMIvgBOvjIuMH94VsTe', 'student', 1, '419868', 'active', NULL, '2024-01-29 12:15:24', '2024-01-29 12:15:24'),
(238, '419869', '$2y$10$lMkcMrkfe6ZpVR8d19ynGevdGN2fMrQF/e36BBxTCEcUXJWa4MEoe', 'student', 1, '419869', 'active', NULL, '2024-01-29 12:26:24', '2024-01-29 12:26:24'),
(239, '419870', '$2y$10$dyWMx82BFLzjHWDvfcZZOuHt7KbqkRqAmvwQoPUfdC8H9rELUlXuq', 'student', 1, '419870', 'active', NULL, '2024-01-29 12:32:56', '2024-01-29 12:32:56'),
(240, '419871', '$2y$10$T6wQ2J0egjexXKS3NsHCpus8YAWTerc.pS/ZeFr9nK/URTACamr5u', 'student', 1, '419871', 'active', NULL, '2024-01-29 12:40:29', '2024-01-29 12:40:29'),
(241, '419872', '$2y$10$nBmdpxSM45AEZWVJ5yn.qeBMPOzzAIGijC8AStb2o0RvS0kTudzfG', 'student', 1, '419872', 'active', NULL, '2024-01-29 12:53:55', '2024-01-29 12:53:55'),
(242, '419873', '$2y$10$YJBCAEJAXDMkSxtqc4KRfeDdwztCD33STBUYdDBaZq8ytPYK9ZuSm', 'student', 1, '419873', 'active', NULL, '2024-01-29 13:08:40', '2024-01-29 13:08:40'),
(243, '419874', '$2y$10$i3Rn3wgwl.IfHo5ZfzaZKufhNnNRU5EEJmyaBxbYMWgI6SKVBCqbi', 'student', 1, '419874', 'active', NULL, '2024-01-29 13:13:08', '2024-01-29 13:13:08'),
(244, '419875', '$2y$10$MLV0Xt2nfMh4np0SH9DxWeLe4RTOfvrJ7r8zpL06MloDVc5zKPU2K', 'student', 1, '419875', 'active', NULL, '2024-02-01 12:25:16', '2024-02-01 12:25:16'),
(245, '419876', '$2y$10$JB5UJMItoB.natzfLtdP1uePXw9DpSrQWVTjhoZPzhQqSLDebpKnq', 'student', 1, '419876', 'active', NULL, '2024-02-01 12:31:33', '2024-02-01 12:31:33'),
(246, '419877', '$2y$10$SlerXaY27Lm0jFsVdrmpceC11H0mzRVdjb7Kyrh5mp.vDrQ6x8a.m', 'student', 1, '419877', 'active', NULL, '2024-02-01 12:40:23', '2024-02-01 12:40:23'),
(247, '419878', '$2y$10$EXPN1txwMXoKwC7GSPM9qODQdflaefkZ3.shT3Tav4hnHg1OUaz.q', 'student', 1, '419878', 'active', NULL, '2024-02-01 12:45:32', '2024-02-01 12:45:32'),
(248, '419879', '$2y$10$GKquI/gPGq6X98ZEsoHZF.UvCUIhJn0sIC.LVsHJaOt4PmzLRMnTm', 'student', 1, '419879', 'active', NULL, '2024-02-01 12:56:55', '2024-02-01 12:56:55'),
(249, '419880', '$2y$10$d7lIVcU4vUzyARNc9Jh5B.x0uIm2jHJkEo02/NzXGN5FBTrpv5xkC', 'student', 1, '419880', 'active', NULL, '2024-02-01 13:00:47', '2024-02-01 13:00:47'),
(250, '419881', '$2y$10$OP8vaMZjkOtyY3gR2WErr.9rlhznmVyNahGH3GpuQRMt00Nn9P3Mu', 'student', 1, '419881', 'active', NULL, '2024-02-01 13:06:34', '2024-02-01 13:06:34'),
(251, '419882', '$2y$10$JASgWjpgvU.xI6A.JbJqwes1Fsmw5eB2iywLthwJDKdEmCso2Vlb.', 'student', 1, '419882', 'active', NULL, '2024-02-01 13:10:43', '2024-02-01 13:10:43'),
(252, '419883', '$2y$10$NnxYfmxINL6xjdO8Sa2l6O8ae6Z162JBTULehLlOySV5JlhjBo8Ky', 'student', 1, '419883', 'active', NULL, '2024-02-01 13:15:49', '2024-02-01 13:15:49'),
(253, '419884', '$2y$10$E20p5wSiprqLZD/heYoeeuMGQdrc9sKWShLxkmL7q/j/iYUBc1S56', 'student', 1, '419884', 'active', NULL, '2024-02-01 13:19:10', '2024-02-01 13:19:10'),
(254, '419885', '$2y$10$p4Q4uiL1bZgGz0QOvFTFtOVsFVviFusqSAT5ui2L96yEkePxo7otO', 'student', 1, '419885', 'active', NULL, '2024-02-01 13:32:45', '2024-02-01 13:32:45'),
(255, '419886', '$2y$10$fXUy6NIi/HALi4jx3oGUTuAIicYvmdmk.RbirW8fnPcZJby7b8PRS', 'student', 1, '419886', 'active', NULL, '2024-02-01 13:42:02', '2024-02-01 13:42:02'),
(256, '419887', '$2y$10$9hT/Yqp4H6SAh4TsSrIuPuriiq2tynWVVzrUiZN1Ev71qNahtv7iW', 'student', 1, '419887', 'active', NULL, '2024-02-01 13:54:19', '2024-02-01 13:54:19'),
(257, '419888', '$2y$10$b373YYRC0YgzUjeNfJl/oOg0yRWy1qacUSwWzABqGypEJQYCgYbrC', 'student', 1, '419888', 'active', NULL, '2024-02-01 15:49:04', '2024-02-01 15:49:04'),
(258, '419889', '$2y$10$YDNuqMqTWAQnqN84oJ/IfutQSt4eaeBRgEhNZcrD4zOybYJcZKaZC', 'student', 1, '419889', 'active', NULL, '2024-02-01 15:52:51', '2024-02-01 15:52:51'),
(259, '419890', '$2y$10$nBcGqeyG9QsluUqCpxpUr.6CftQ3Ye6PACLcTjUzz7EF1kMn1kl9q', 'student', 1, '419890', 'active', NULL, '2024-02-01 16:06:26', '2024-02-01 16:06:26'),
(260, '419891', '$2y$10$mjHD.XYg2iQP7E1z0QAdWO729ytH2FW2EW8RE3BayUSw3qWpCgU7W', 'student', 1, '419891', 'active', NULL, '2024-02-01 16:12:44', '2024-02-01 16:12:44'),
(261, '419892', '$2y$10$wrnmNsTz9no497dwHX26ceYrqj50N5IURwS4EpI0TubwMkXxzWZMK', 'student', 1, '419892', 'active', NULL, '2024-02-01 16:18:42', '2024-02-01 16:18:42'),
(262, '419893', '$2y$10$eff3Y.awB3vwrtCQkOqQOOL3d/wLyICUkt5GH1zfJ6e72x2YkTxIa', 'student', 1, '419893', 'active', NULL, '2024-02-01 16:30:04', '2024-02-01 16:30:04'),
(263, '419894', '$2y$10$HxFqVBxMZCCNHyP740g6EOWj/ltJ/MCINYQD1BTr2M5e3DtHSc41m', 'student', 1, '419894', 'active', NULL, '2024-02-01 16:34:32', '2024-02-01 16:34:32'),
(264, '419895', '$2y$10$5DkTGm6Ua1q82iiIFQbxz.z1blny38S3UO5wft1CWcrXFZq9J8emK', 'student', 1, '419895', 'active', NULL, '2024-02-01 16:42:46', '2024-02-01 16:42:46'),
(265, '419896', '$2y$10$2OwghynDlYzW.x/DR8Ieou2eWp37FSYjjPpWrrUM7PqX5HUrmT6u6', 'student', 1, '419896', 'active', NULL, '2024-02-01 17:12:40', '2024-02-01 17:12:40'),
(266, '419897', '$2y$10$BzV5oHZB0FpVQ27Eip/LlOreL.Q9w1.Hs8mke59EAjCM3B0gI9sP.', 'student', 1, '419897', 'active', NULL, '2024-02-01 17:19:11', '2024-02-01 17:19:11'),
(267, '419898', '$2y$10$5m7nAQx1RDtLHY3ZYhY/9e73FofZ2B0pGUPP8mkIMwWbNjQ94lEc2', 'student', 1, '419898', 'active', NULL, '2024-02-01 17:23:43', '2024-02-01 17:23:43'),
(268, '419899', '$2y$10$0q1yKoOKKaeYkLaMKCLgXebngz2I0upJrit6SWvCZAyWedCbpK2fq', 'student', 1, '419899', 'active', NULL, '2024-02-01 17:35:25', '2024-02-01 17:35:25'),
(269, '419900', '$2y$10$IIUf9T1fCGim93188vQvl.txH/DjzzvBLW9UoOXnwoPnfXjbBiAHy', 'student', 1, '419900', 'active', NULL, '2024-02-01 17:42:34', '2024-02-01 17:42:34'),
(271, '419901', '$2y$10$Oa.iio8GSAcngkqCLMDFO.Bxa/n9YwG4MOlL4Dy9UnfjX2yeEanEG', 'student', 1, '419901', 'active', NULL, '2024-02-01 17:48:10', '2024-02-01 17:48:10'),
(272, '419902', '$2y$10$egzALR.9RtA07FDiv54x2eDOTKAzA6f8djiTWK.nAFEKU84eZtvEq', 'student', 1, '419902', 'active', NULL, '2024-02-01 17:55:38', '2024-02-01 17:55:38'),
(274, '419903', '$2y$10$dx9kTQBje0gvOmXaM.eR7ue5TRfXG8ZQzymRywNqS31cWpTsi0mfW', 'student', 1, '419903', 'active', NULL, '2024-02-01 18:02:24', '2024-02-01 18:02:24'),
(275, '419904', '$2y$10$R0sAwAl1rj4CUZwJ6qUoGeB5lE0m/NJT5x7q2Fa8AKgMBaoHMMFLa', 'student', 1, '419904', 'active', NULL, '2024-02-01 18:08:17', '2024-02-01 18:08:17'),
(277, '419905', '$2y$10$eygOk7Hfi2MJ26B1JzIxyu0.Egb1.1Ls0fYU44GEPRJHX1RfJI8gC', 'student', 1, '419905', 'active', NULL, '2024-02-01 18:15:52', '2024-02-01 18:15:52'),
(278, '419906', '$2y$10$x9CLmv8jr6jjaGszn20pg.lZSRjnmeISJrvx6V8dikVKU1L0eqwa6', 'student', 1, '419906', 'active', NULL, '2024-02-01 18:21:38', '2024-02-01 18:21:38'),
(279, '419907', '$2y$10$kxnEBomJXGzsVl/xCu6UJuKNhTi6M7QyP/Zaq0bQzfT3ew38PXUxe', 'student', 1, '419907', 'active', NULL, '2024-02-01 18:29:26', '2024-02-01 18:29:26'),
(280, '419908', '$2y$10$WInDzwR0tfMptJBFiWRjmua0bFfFIYDbj1QINd/P3AWWW1.Wckw7u', 'student', 1, '419908', 'active', NULL, '2024-02-01 18:35:52', '2024-02-01 18:35:52'),
(281, '419909', '$2y$10$KOTDX4WlFj7/Idvh0LfEX.mLSvqJ9lpfrUnGfT01cg8go8N/.Y5Pi', 'student', 1, '419909', 'active', NULL, '2024-02-01 18:43:59', '2024-02-01 18:43:59'),
(283, '419910', '$2y$10$ui5Q9CqLwTHuZebTuifNl.sZEPo7NF9bVb7NTosv3twPSQFL2qMnS', 'student', 1, '419910', 'active', NULL, '2024-02-01 18:51:32', '2024-02-01 18:51:32'),
(284, '419911', '$2y$10$0f4fC3QUa8s9MoSvWjTeZe7R3ZQbEv0meHo27hshhePdazC9ei6uy', 'student', 1, '419911', 'active', NULL, '2024-02-01 18:57:15', '2024-02-01 18:57:15'),
(286, '419912', '$2y$10$OFNa5ORh.eWo19GEtXDuTe/HHntlPKr/ECrOxv3UHUn5TRaAZ6.oK', 'student', 1, '419912', 'active', NULL, '2024-02-01 19:02:56', '2024-02-01 19:02:56'),
(287, '419913', '$2y$10$OrReGoPIf3FsR6J9bZ5oneTwTkrpYnGlAml77AhU3qrcW/8bbQOFS', 'student', 1, '419913', 'active', NULL, '2024-02-01 19:08:15', '2024-02-01 19:08:15'),
(288, '419914', '$2y$10$ZfNqi74aM8exPI2rFN.Yb.ii6Lh6Bkp6UVEGiZ7Ebjzki/sGeOjwG', 'student', 1, '419914', 'active', NULL, '2024-02-01 19:17:32', '2024-02-01 19:17:32'),
(289, '419915', '$2y$10$eByo4naVo./2WTSghD6ubepJ86AMJ5Lz3ZmJbwfxkCNPnEU9.85vC', 'student', 1, '419915', 'active', NULL, '2024-02-01 19:24:25', '2024-02-01 19:24:25'),
(290, '419916', '$2y$10$Z4dzDjOf5adtiSsMcaZ/Iu8cfqsZGkKl.HoEVIuGIxGWZCkgKYMqa', 'student', 1, '419916', 'active', NULL, '2024-02-02 10:35:03', '2024-02-02 10:35:03'),
(291, '419917', '$2y$10$zeGQetvjkqtOhMXAROJ3tO0x6V/RS06OICPpW8DJRLTcWQNyTMOCq', 'student', 1, '419917', 'active', NULL, '2024-02-02 10:39:21', '2024-02-02 10:39:21'),
(292, '419918', '$2y$10$sy/.m3oIE12Ly2ccV.gy3e2ykbap598LN8DpxfZPLhX4ZUtyOQlF6', 'student', 1, '419918', 'active', NULL, '2024-02-02 11:01:29', '2024-02-02 11:01:29'),
(293, '419919', '$2y$10$U6LB6XDYrqEqBkaLvMSRi.8nHlrPpcdj/WfqcODy8DCR2/cygsPVi', 'student', 1, '419919', 'active', NULL, '2024-02-02 11:05:52', '2024-02-02 11:05:52'),
(294, '419920', '$2y$10$94hqwFgUiHdqzyd4Xhmfc.RiEvHSmT.QknEj7vjiACjOM1N7zjwNO', 'student', 1, '419920', 'active', NULL, '2024-02-02 11:14:05', '2024-02-02 11:14:05'),
(295, '419921', '$2y$10$PobCFFxBPwlfpaZ3FaUhEuPGixOjpwyYusRtE5k.Sh9.tQX63J0gS', 'student', 1, '419921', 'active', NULL, '2024-02-02 11:22:07', '2024-02-02 11:22:07'),
(296, '419922', '$2y$10$OVW9i7odywHhlLu3VqbtfeKtVMvoKXk0JCcHDosItHd4f79wTq1gq', 'student', 1, '419922', 'active', NULL, '2024-02-02 11:29:07', '2024-02-02 11:29:07'),
(297, '419923', '$2y$10$KgAVcrRYBjls7lUcTVq.xuHlsVN4eFhoUvrIntxU2Tfn1ArHZaKrG', 'student', 1, '419923', 'active', NULL, '2024-02-02 12:06:11', '2024-02-02 12:06:11'),
(298, '419924', '$2y$10$8d5GqmQv7DK.fLYihIqKi.lCghUjM1GsrBAKeKuwPvqSN0vggR6o.', 'student', 1, '419924', 'active', NULL, '2024-02-02 12:10:57', '2024-02-02 12:10:57'),
(299, '419925', '$2y$10$pcVEzIlgEeE4Zk1AOSX8B.r2TRT1nw7dwkzGmYVAL1YIczJhSPlrS', 'student', 1, '419925', 'active', NULL, '2024-02-02 12:55:04', '2024-02-02 12:55:04'),
(300, '419926', '$2y$10$SARKyziXVu8EjnW47sP29.UlhA49cB.fZWrAgiQsx9kaL0aJq1GKC', 'student', 1, '419926', 'active', NULL, '2024-02-02 13:05:52', '2024-02-02 13:05:52'),
(301, '419927', '$2y$10$wTmLiKDHC98MF/4WgkA5F.5xJn/h2QnK7n05.GSToNxgw7vX5ZICK', 'student', 1, '419927', 'active', NULL, '2024-02-02 13:22:51', '2024-02-02 13:22:51'),
(302, '419928', '$2y$10$ILUpj03vBVl30l1lG69phecSrnIPs8P9XmGv65u9Pf.vwUXL.pAfO', 'student', 1, '419928', 'active', NULL, '2024-02-02 13:29:49', '2024-02-02 13:29:49'),
(303, '419929', '$2y$10$2QXBcPW43BlLfHtrTuGvJO1Ms3yFOw35d97nE/uLlYstWE2obBV7q', 'student', 1, '419929', 'active', NULL, '2024-02-02 13:35:47', '2024-02-02 13:35:47'),
(304, '419930', '$2y$10$FTj3zpWeAakzDYax284DoekETtvnM3vUhYivl14PwBFCe2PRfpJ.m', 'student', 1, '419930', 'active', NULL, '2024-02-02 13:40:34', '2024-02-02 13:40:34'),
(305, '419931', '$2y$10$56/uc8VzIGYIpLUiWIT6UeqWyQspkRG3sEUaHSOn/xXXw3Cu3aYte', 'student', 1, '419931', 'active', NULL, '2024-02-02 13:44:58', '2024-02-02 13:44:58'),
(306, '419932', '$2y$10$F5l1TKGSlMvyKRaxGxboc.vh7xAECEKkOtj05ZiSf75InrzzupSl6', 'student', 1, '419932', 'active', NULL, '2024-02-02 13:50:28', '2024-02-02 13:50:28'),
(307, '419933', '$2y$10$RnMKwZ6BBlNz5qhZwlcFk.J5ziNTjDQxvHCIFKh1z8dCvqVXsV6CG', 'student', 1, '419933', 'active', NULL, '2024-02-02 14:16:22', '2024-02-02 14:16:22'),
(308, '419934', '$2y$10$SlWlSUQk78tU7aqpk5TWX.pHuES7qSida7P5ty5B.mYqQM58DvCHO', 'student', 1, '419934', 'active', NULL, '2024-02-02 14:29:40', '2024-02-02 14:29:40'),
(309, '419935', '$2y$10$UfklxfyeHpcm2C.wIFgraOwwa/mMEeI6W4gqrjGQBYow/OS6f2XEO', 'student', 1, '419935', 'active', NULL, '2024-02-02 14:55:42', '2024-02-02 14:55:42'),
(310, '419936', '$2y$10$0n10FjztpuF9uZAvdbrJIuimoiiKVWdGsbAzPSQt1JGN0bZPAyfCS', 'student', 1, '419936', 'active', NULL, '2024-02-02 15:03:51', '2024-02-02 15:03:51'),
(311, '419937', '$2y$10$gGlVGxzpq2vQfU298YNoye7xab8k8ertWYY.RVgTBrM8KyDXTapsm', 'student', 1, '419937', 'active', NULL, '2024-02-02 15:07:30', '2024-02-02 15:07:30'),
(312, '419938', '$2y$10$Vhfoxh0moUo7r67kZB6Aw.t8FSYtntoQ4NHJB509hQbU0OuFSijQ.', 'student', 1, '419938', 'active', NULL, '2024-02-02 15:13:39', '2024-02-02 15:13:39'),
(313, '419939', '$2y$10$uMSjxDnnhDg5Uk4XZR0l6.TQHlKAmTMGV1cm3Ztm6tEV3MkBQimKK', 'student', 1, '419939', 'active', NULL, '2024-02-02 15:18:31', '2024-02-02 15:18:31'),
(314, '419940', '$2y$10$jUHHGrN64YU0seEvOSbM/OfnsJuqe7HGgJwtZDGKDj3eyPVKA81Tq', 'student', 1, '419940', 'active', NULL, '2024-02-02 15:23:52', '2024-02-02 15:23:52'),
(315, '419941', '$2y$10$F9J/nAAA92kz408RFSUY3.SV53C4imy.XrbN2WkD./WkmT8P64fUK', 'student', 1, '419941', 'active', NULL, '2024-02-02 15:26:53', '2024-02-02 15:26:53'),
(316, '419942', '$2y$10$aA/qnZyhzozmBIvWVS.e5OvACU4DqfRC15y2eX1h/0JSUa.r56Ose', 'student', 1, '419942', 'active', NULL, '2024-02-02 15:30:12', '2024-02-02 15:30:12'),
(317, '419943', '$2y$10$155yoINUgHiCgkDXoZultu9zN9Y.hjBpDDVFX/tCYXoGuH9UA.nM6', 'student', 1, '419943', 'active', NULL, '2024-02-02 15:32:58', '2024-02-02 15:32:58');

--
-- Indexes for dumped tables
--

--
-- Indexes for table `admission_types`
--
ALTER TABLE `admission_types`
  ADD PRIMARY KEY (`id`);

--
-- Indexes for table `attendances`
--
ALTER TABLE `attendances`
  ADD PRIMARY KEY (`id`),
  ADD KEY `attendances_student_id_foreign` (`student_id`),
  ADD KEY `attendances_classroom_id_foreign` (`classroom_id`),
  ADD KEY `attendances_level_id_foreign` (`level_id`),
  ADD KEY `attendances_user_id_foreign` (`user_id`);

--
-- Indexes for table `classrooms`
--
ALTER TABLE `classrooms`
  ADD PRIMARY KEY (`id`),
  ADD KEY `classrooms_user_id_foreign` (`user_id`),
  ADD KEY `classrooms_level_id_foreign` (`level_id`);

--
-- Indexes for table `courses`
--
ALTER TABLE `courses`
  ADD PRIMARY KEY (`id`),
  ADD KEY `courses_user_id_foreign` (`user_id`);

--
-- Indexes for table `departments`
--
ALTER TABLE `departments`
  ADD PRIMARY KEY (`id`),
  ADD KEY `departments_user_id_foreign` (`user_id`);

--
-- Indexes for table `deposit_slips`
--
ALTER TABLE `deposit_slips`
  ADD PRIMARY KEY (`id`),
  ADD KEY `deposit_slips_student_id_foreign` (`student_id`),
  ADD KEY `deposit_slips_user_id_foreign` (`user_id`);

--
-- Indexes for table `duration_payments`
--
ALTER TABLE `duration_payments`
  ADD PRIMARY KEY (`id`),
  ADD KEY `duration_payments_student_id_foreign` (`student_id`),
  ADD KEY `duration_payments_classroom_id_foreign` (`classroom_id`),
  ADD KEY `duration_payments_level_id_foreign` (`level_id`),
  ADD KEY `duration_payments_user_id_foreign` (`user_id`),
  ADD KEY `duration_payments_fee_id_foreign` (`fee_id`),
  ADD KEY `duration_payments_fee_payment_id_foreign` (`fee_payment_id`);

--
-- Indexes for table `entry_types`
--
ALTER TABLE `entry_types`
  ADD PRIMARY KEY (`id`);

--
-- Indexes for table `exams`
--
ALTER TABLE `exams`
  ADD PRIMARY KEY (`id`),
  ADD KEY `exams_user_id_foreign` (`user_id`);

--
-- Indexes for table `exam_hosts`
--
ALTER TABLE `exam_hosts`
  ADD PRIMARY KEY (`id`),
  ADD KEY `exam_hosts_classroom_id_foreign` (`classroom_id`),
  ADD KEY `exam_hosts_level_id_foreign` (`level_id`),
  ADD KEY `exam_hosts_exam_id_foreign` (`exam_id`),
  ADD KEY `exam_hosts_user_id_foreign` (`user_id`);

--
-- Indexes for table `exam_marks`
--
ALTER TABLE `exam_marks`
  ADD PRIMARY KEY (`id`),
  ADD KEY `exam_marks_student_id_foreign` (`student_id`),
  ADD KEY `exam_marks_subject_id_foreign` (`subject_id`),
  ADD KEY `exam_marks_classroom_id_foreign` (`classroom_id`),
  ADD KEY `exam_marks_level_id_foreign` (`level_id`),
  ADD KEY `exam_marks_exam_id_foreign` (`exam_id`),
  ADD KEY `exam_marks_user_id_foreign` (`user_id`);

--
-- Indexes for table `failed_jobs`
--
ALTER TABLE `failed_jobs`
  ADD PRIMARY KEY (`id`),
  ADD UNIQUE KEY `failed_jobs_uuid_unique` (`uuid`);

--
-- Indexes for table `fees`
--
ALTER TABLE `fees`
  ADD PRIMARY KEY (`id`),
  ADD KEY `fees_user_id_foreign` (`user_id`);

--
-- Indexes for table `fee_balances`
--
ALTER TABLE `fee_balances`
  ADD PRIMARY KEY (`id`),
  ADD KEY `fee_balances_student_id_foreign` (`student_id`),
  ADD KEY `fee_balances_user_id_foreign` (`user_id`);

--
-- Indexes for table `fee_payments`
--
ALTER TABLE `fee_payments`
  ADD PRIMARY KEY (`id`),
  ADD KEY `fee_payments_student_id_foreign` (`student_id`),
  ADD KEY `fee_payments_classroom_id_foreign` (`classroom_id`),
  ADD KEY `fee_payments_level_id_foreign` (`level_id`),
  ADD KEY `fee_payments_user_id_foreign` (`user_id`),
  ADD KEY `fee_payments_fee_id_foreign` (`fee_id`);

--
-- Indexes for table `fee_statuses`
--
ALTER TABLE `fee_statuses`
  ADD PRIMARY KEY (`id`);

--
-- Indexes for table `genders`
--
ALTER TABLE `genders`
  ADD PRIMARY KEY (`id`);

--
-- Indexes for table `grades`
--
ALTER TABLE `grades`
  ADD PRIMARY KEY (`id`),
  ADD KEY `grades_level_id_foreign` (`level_id`),
  ADD KEY `grades_user_id_foreign` (`user_id`);

--
-- Indexes for table `health_statuses`
--
ALTER TABLE `health_statuses`
  ADD PRIMARY KEY (`id`);

--
-- Indexes for table `host_exam_marks`
--
ALTER TABLE `host_exam_marks`
  ADD PRIMARY KEY (`id`),
  ADD KEY `host_exam_marks_student_id_foreign` (`student_id`),
  ADD KEY `host_exam_marks_classroom_id_foreign` (`classroom_id`),
  ADD KEY `host_exam_marks_level_id_foreign` (`level_id`),
  ADD KEY `host_exam_marks_exam_id_foreign` (`exam_id`),
  ADD KEY `host_exam_marks_user_id_foreign` (`user_id`);

--
-- Indexes for table `levels`
--
ALTER TABLE `levels`
  ADD PRIMARY KEY (`id`);

--
-- Indexes for table `logs`
--
ALTER TABLE `logs`
  ADD PRIMARY KEY (`id`),
  ADD KEY `logs_user_id_foreign` (`user_id`);

--
-- Indexes for table `migrations`
--
ALTER TABLE `migrations`
  ADD PRIMARY KEY (`id`);

--
-- Indexes for table `parents`
--
ALTER TABLE `parents`
  ADD PRIMARY KEY (`id`),
  ADD KEY `parents_user_id_foreign` (`user_id`);

--
-- Indexes for table `parent_statuses`
--
ALTER TABLE `parent_statuses`
  ADD PRIMARY KEY (`id`);

--
-- Indexes for table `password_resets`
--
ALTER TABLE `password_resets`
  ADD KEY `password_resets_email_index` (`email`);

--
-- Indexes for table `personal_access_tokens`
--
ALTER TABLE `personal_access_tokens`
  ADD PRIMARY KEY (`id`),
  ADD UNIQUE KEY `personal_access_tokens_token_unique` (`token`),
  ADD KEY `personal_access_tokens_tokenable_type_tokenable_id_index` (`tokenable_type`,`tokenable_id`);

--
-- Indexes for table `relation_tos`
--
ALTER TABLE `relation_tos`
  ADD PRIMARY KEY (`id`);

--
-- Indexes for table `remove_fees`
--
ALTER TABLE `remove_fees`
  ADD PRIMARY KEY (`id`),
  ADD KEY `remove_fees_student_id_foreign` (`student_id`),
  ADD KEY `remove_fees_user_id_foreign` (`user_id`),
  ADD KEY `remove_fees_fee_id_foreign` (`fee_id`);

--
-- Indexes for table `roles`
--
ALTER TABLE `roles`
  ADD PRIMARY KEY (`id`);

--
-- Indexes for table `session_atendances`
--
ALTER TABLE `session_atendances`
  ADD PRIMARY KEY (`id`),
  ADD KEY `session_atendances_student_id_foreign` (`student_id`),
  ADD KEY `session_atendances_classroom_id_foreign` (`classroom_id`),
  ADD KEY `session_atendances_subject_id_foreign` (`subject_id`),
  ADD KEY `session_atendances_level_id_foreign` (`level_id`),
  ADD KEY `session_atendances_user_id_foreign` (`user_id`);

--
-- Indexes for table `staff`
--
ALTER TABLE `staff`
  ADD PRIMARY KEY (`id`),
  ADD KEY `staff_user_id_foreign` (`user_id`),
  ADD KEY `staff_role_id_foreign` (`role_id`),
  ADD KEY `staff_department_id_foreign` (`department_id`);

--
-- Indexes for table `students`
--
ALTER TABLE `students`
  ADD PRIMARY KEY (`id`),
  ADD KEY `students_student_status_id_foreign` (`student_status_id`),
  ADD KEY `students_classroom_id_foreign` (`classroom_id`),
  ADD KEY `students_level_id_foreign` (`level_id`),
  ADD KEY `students_parent_id_foreign` (`parent_id`),
  ADD KEY `students_user_id_foreign` (`user_id`);

--
-- Indexes for table `student_statuses`
--
ALTER TABLE `student_statuses`
  ADD PRIMARY KEY (`id`);

--
-- Indexes for table `subjects`
--
ALTER TABLE `subjects`
  ADD PRIMARY KEY (`id`),
  ADD KEY `subjects_user_id_foreign` (`user_id`);

--
-- Indexes for table `users`
--
ALTER TABLE `users`
  ADD PRIMARY KEY (`id`),
  ADD UNIQUE KEY `users_username_unique` (`username`),
  ADD KEY `users_role_id_foreign` (`role_id`);

--
-- AUTO_INCREMENT for dumped tables
--

--
-- AUTO_INCREMENT for table `admission_types`
--
ALTER TABLE `admission_types`
  MODIFY `id` bigint(20) UNSIGNED NOT NULL AUTO_INCREMENT, AUTO_INCREMENT=3;

--
-- AUTO_INCREMENT for table `attendances`
--
ALTER TABLE `attendances`
  MODIFY `id` bigint(20) UNSIGNED NOT NULL AUTO_INCREMENT, AUTO_INCREMENT=47;

--
-- AUTO_INCREMENT for table `classrooms`
--
ALTER TABLE `classrooms`
  MODIFY `id` bigint(20) UNSIGNED NOT NULL AUTO_INCREMENT, AUTO_INCREMENT=52;

--
-- AUTO_INCREMENT for table `courses`
--
ALTER TABLE `courses`
  MODIFY `id` bigint(20) UNSIGNED NOT NULL AUTO_INCREMENT, AUTO_INCREMENT=22;

--
-- AUTO_INCREMENT for table `departments`
--
ALTER TABLE `departments`
  MODIFY `id` bigint(20) UNSIGNED NOT NULL AUTO_INCREMENT, AUTO_INCREMENT=40;

--
-- AUTO_INCREMENT for table `deposit_slips`
--
ALTER TABLE `deposit_slips`
  MODIFY `id` bigint(20) UNSIGNED NOT NULL AUTO_INCREMENT, AUTO_INCREMENT=14;

--
-- AUTO_INCREMENT for table `duration_payments`
--
ALTER TABLE `duration_payments`
  MODIFY `id` bigint(20) UNSIGNED NOT NULL AUTO_INCREMENT, AUTO_INCREMENT=32;

--
-- AUTO_INCREMENT for table `entry_types`
--
ALTER TABLE `entry_types`
  MODIFY `id` bigint(20) UNSIGNED NOT NULL AUTO_INCREMENT, AUTO_INCREMENT=3;

--
-- AUTO_INCREMENT for table `exams`
--
ALTER TABLE `exams`
  MODIFY `id` bigint(20) UNSIGNED NOT NULL AUTO_INCREMENT, AUTO_INCREMENT=10;

--
-- AUTO_INCREMENT for table `exam_hosts`
--
ALTER TABLE `exam_hosts`
  MODIFY `id` bigint(20) UNSIGNED NOT NULL AUTO_INCREMENT, AUTO_INCREMENT=6;

--
-- AUTO_INCREMENT for table `exam_marks`
--
ALTER TABLE `exam_marks`
  MODIFY `id` bigint(20) UNSIGNED NOT NULL AUTO_INCREMENT, AUTO_INCREMENT=60;

--
-- AUTO_INCREMENT for table `failed_jobs`
--
ALTER TABLE `failed_jobs`
  MODIFY `id` bigint(20) UNSIGNED NOT NULL AUTO_INCREMENT;

--
-- AUTO_INCREMENT for table `fees`
--
ALTER TABLE `fees`
  MODIFY `id` bigint(20) UNSIGNED NOT NULL AUTO_INCREMENT, AUTO_INCREMENT=79;

--
-- AUTO_INCREMENT for table `fee_balances`
--
ALTER TABLE `fee_balances`
  MODIFY `id` bigint(20) UNSIGNED NOT NULL AUTO_INCREMENT, AUTO_INCREMENT=264;

--
-- AUTO_INCREMENT for table `fee_payments`
--
ALTER TABLE `fee_payments`
  MODIFY `id` bigint(20) UNSIGNED NOT NULL AUTO_INCREMENT, AUTO_INCREMENT=632;

--
-- AUTO_INCREMENT for table `fee_statuses`
--
ALTER TABLE `fee_statuses`
  MODIFY `id` bigint(20) UNSIGNED NOT NULL AUTO_INCREMENT, AUTO_INCREMENT=4;

--
-- AUTO_INCREMENT for table `genders`
--
ALTER TABLE `genders`
  MODIFY `id` bigint(20) UNSIGNED NOT NULL AUTO_INCREMENT, AUTO_INCREMENT=3;

--
-- AUTO_INCREMENT for table `grades`
--
ALTER TABLE `grades`
  MODIFY `id` bigint(20) UNSIGNED NOT NULL AUTO_INCREMENT, AUTO_INCREMENT=45;

--
-- AUTO_INCREMENT for table `health_statuses`
--
ALTER TABLE `health_statuses`
  MODIFY `id` bigint(20) UNSIGNED NOT NULL AUTO_INCREMENT, AUTO_INCREMENT=3;

--
-- AUTO_INCREMENT for table `host_exam_marks`
--
ALTER TABLE `host_exam_marks`
  MODIFY `id` bigint(20) UNSIGNED NOT NULL AUTO_INCREMENT, AUTO_INCREMENT=46;

--
-- AUTO_INCREMENT for table `levels`
--
ALTER TABLE `levels`
  MODIFY `id` bigint(20) UNSIGNED NOT NULL AUTO_INCREMENT, AUTO_INCREMENT=10;

--
-- AUTO_INCREMENT for table `logs`
--
ALTER TABLE `logs`
  MODIFY `id` bigint(20) UNSIGNED NOT NULL AUTO_INCREMENT, AUTO_INCREMENT=491;

--
-- AUTO_INCREMENT for table `migrations`
--
ALTER TABLE `migrations`
  MODIFY `id` int(10) UNSIGNED NOT NULL AUTO_INCREMENT, AUTO_INCREMENT=61;

--
-- AUTO_INCREMENT for table `parents`
--
ALTER TABLE `parents`
  MODIFY `id` bigint(20) UNSIGNED NOT NULL AUTO_INCREMENT, AUTO_INCREMENT=263;

--
-- AUTO_INCREMENT for table `parent_statuses`
--
ALTER TABLE `parent_statuses`
  MODIFY `id` bigint(20) UNSIGNED NOT NULL AUTO_INCREMENT, AUTO_INCREMENT=5;

--
-- AUTO_INCREMENT for table `personal_access_tokens`
--
ALTER TABLE `personal_access_tokens`
  MODIFY `id` bigint(20) UNSIGNED NOT NULL AUTO_INCREMENT, AUTO_INCREMENT=122;

--
-- AUTO_INCREMENT for table `relation_tos`
--
ALTER TABLE `relation_tos`
  MODIFY `id` bigint(20) UNSIGNED NOT NULL AUTO_INCREMENT, AUTO_INCREMENT=9;

--
-- AUTO_INCREMENT for table `remove_fees`
--
ALTER TABLE `remove_fees`
  MODIFY `id` bigint(20) UNSIGNED NOT NULL AUTO_INCREMENT, AUTO_INCREMENT=5;

--
-- AUTO_INCREMENT for table `roles`
--
ALTER TABLE `roles`
  MODIFY `id` bigint(20) UNSIGNED NOT NULL AUTO_INCREMENT, AUTO_INCREMENT=5;

--
-- AUTO_INCREMENT for table `session_atendances`
--
ALTER TABLE `session_atendances`
  MODIFY `id` bigint(20) UNSIGNED NOT NULL AUTO_INCREMENT, AUTO_INCREMENT=25;

--
-- AUTO_INCREMENT for table `staff`
--
ALTER TABLE `staff`
  MODIFY `id` bigint(20) UNSIGNED NOT NULL AUTO_INCREMENT, AUTO_INCREMENT=36;

--
-- AUTO_INCREMENT for table `students`
--
ALTER TABLE `students`
  MODIFY `id` bigint(20) UNSIGNED NOT NULL AUTO_INCREMENT, AUTO_INCREMENT=277;

--
-- AUTO_INCREMENT for table `student_statuses`
--
ALTER TABLE `student_statuses`
  MODIFY `id` bigint(20) UNSIGNED NOT NULL AUTO_INCREMENT, AUTO_INCREMENT=6;

--
-- AUTO_INCREMENT for table `subjects`
--
ALTER TABLE `subjects`
  MODIFY `id` bigint(20) UNSIGNED NOT NULL AUTO_INCREMENT, AUTO_INCREMENT=52;

--
-- AUTO_INCREMENT for table `users`
--
ALTER TABLE `users`
  MODIFY `id` bigint(20) UNSIGNED NOT NULL AUTO_INCREMENT, AUTO_INCREMENT=318;

--
-- Constraints for dumped tables
--

--
-- Constraints for table `attendances`
--
ALTER TABLE `attendances`
  ADD CONSTRAINT `attendances_classroom_id_foreign` FOREIGN KEY (`classroom_id`) REFERENCES `classrooms` (`id`),
  ADD CONSTRAINT `attendances_level_id_foreign` FOREIGN KEY (`level_id`) REFERENCES `levels` (`id`),
  ADD CONSTRAINT `attendances_student_id_foreign` FOREIGN KEY (`student_id`) REFERENCES `students` (`id`),
  ADD CONSTRAINT `attendances_user_id_foreign` FOREIGN KEY (`user_id`) REFERENCES `users` (`id`);

--
-- Constraints for table `classrooms`
--
ALTER TABLE `classrooms`
  ADD CONSTRAINT `classrooms_level_id_foreign` FOREIGN KEY (`level_id`) REFERENCES `levels` (`id`),
  ADD CONSTRAINT `classrooms_user_id_foreign` FOREIGN KEY (`user_id`) REFERENCES `users` (`id`);

--
-- Constraints for table `courses`
--
ALTER TABLE `courses`
  ADD CONSTRAINT `courses_user_id_foreign` FOREIGN KEY (`user_id`) REFERENCES `users` (`id`);

--
-- Constraints for table `departments`
--
ALTER TABLE `departments`
  ADD CONSTRAINT `departments_user_id_foreign` FOREIGN KEY (`user_id`) REFERENCES `users` (`id`);

--
-- Constraints for table `deposit_slips`
--
ALTER TABLE `deposit_slips`
  ADD CONSTRAINT `deposit_slips_student_id_foreign` FOREIGN KEY (`student_id`) REFERENCES `students` (`id`),
  ADD CONSTRAINT `deposit_slips_user_id_foreign` FOREIGN KEY (`user_id`) REFERENCES `users` (`id`);

--
-- Constraints for table `duration_payments`
--
ALTER TABLE `duration_payments`
  ADD CONSTRAINT `duration_payments_classroom_id_foreign` FOREIGN KEY (`classroom_id`) REFERENCES `classrooms` (`id`),
  ADD CONSTRAINT `duration_payments_fee_id_foreign` FOREIGN KEY (`fee_id`) REFERENCES `fees` (`id`),
  ADD CONSTRAINT `duration_payments_fee_payment_id_foreign` FOREIGN KEY (`fee_payment_id`) REFERENCES `fee_payments` (`id`),
  ADD CONSTRAINT `duration_payments_level_id_foreign` FOREIGN KEY (`level_id`) REFERENCES `levels` (`id`),
  ADD CONSTRAINT `duration_payments_student_id_foreign` FOREIGN KEY (`student_id`) REFERENCES `students` (`id`),
  ADD CONSTRAINT `duration_payments_user_id_foreign` FOREIGN KEY (`user_id`) REFERENCES `users` (`id`);

--
-- Constraints for table `exams`
--
ALTER TABLE `exams`
  ADD CONSTRAINT `exams_user_id_foreign` FOREIGN KEY (`user_id`) REFERENCES `users` (`id`);

--
-- Constraints for table `exam_hosts`
--
ALTER TABLE `exam_hosts`
  ADD CONSTRAINT `exam_hosts_classroom_id_foreign` FOREIGN KEY (`classroom_id`) REFERENCES `classrooms` (`id`),
  ADD CONSTRAINT `exam_hosts_exam_id_foreign` FOREIGN KEY (`exam_id`) REFERENCES `exams` (`id`),
  ADD CONSTRAINT `exam_hosts_level_id_foreign` FOREIGN KEY (`level_id`) REFERENCES `levels` (`id`),
  ADD CONSTRAINT `exam_hosts_user_id_foreign` FOREIGN KEY (`user_id`) REFERENCES `users` (`id`);

--
-- Constraints for table `exam_marks`
--
ALTER TABLE `exam_marks`
  ADD CONSTRAINT `exam_marks_classroom_id_foreign` FOREIGN KEY (`classroom_id`) REFERENCES `classrooms` (`id`),
  ADD CONSTRAINT `exam_marks_exam_id_foreign` FOREIGN KEY (`exam_id`) REFERENCES `exams` (`id`),
  ADD CONSTRAINT `exam_marks_level_id_foreign` FOREIGN KEY (`level_id`) REFERENCES `levels` (`id`),
  ADD CONSTRAINT `exam_marks_student_id_foreign` FOREIGN KEY (`student_id`) REFERENCES `students` (`id`),
  ADD CONSTRAINT `exam_marks_subject_id_foreign` FOREIGN KEY (`subject_id`) REFERENCES `subjects` (`id`),
  ADD CONSTRAINT `exam_marks_user_id_foreign` FOREIGN KEY (`user_id`) REFERENCES `users` (`id`);

--
-- Constraints for table `fees`
--
ALTER TABLE `fees`
  ADD CONSTRAINT `fees_user_id_foreign` FOREIGN KEY (`user_id`) REFERENCES `users` (`id`);

--
-- Constraints for table `fee_balances`
--
ALTER TABLE `fee_balances`
  ADD CONSTRAINT `fee_balances_student_id_foreign` FOREIGN KEY (`student_id`) REFERENCES `students` (`id`),
  ADD CONSTRAINT `fee_balances_user_id_foreign` FOREIGN KEY (`user_id`) REFERENCES `users` (`id`);

--
-- Constraints for table `fee_payments`
--
ALTER TABLE `fee_payments`
  ADD CONSTRAINT `fee_payments_classroom_id_foreign` FOREIGN KEY (`classroom_id`) REFERENCES `classrooms` (`id`),
  ADD CONSTRAINT `fee_payments_fee_id_foreign` FOREIGN KEY (`fee_id`) REFERENCES `fees` (`id`),
  ADD CONSTRAINT `fee_payments_level_id_foreign` FOREIGN KEY (`level_id`) REFERENCES `levels` (`id`),
  ADD CONSTRAINT `fee_payments_student_id_foreign` FOREIGN KEY (`student_id`) REFERENCES `students` (`id`),
  ADD CONSTRAINT `fee_payments_user_id_foreign` FOREIGN KEY (`user_id`) REFERENCES `users` (`id`);

--
-- Constraints for table `grades`
--
ALTER TABLE `grades`
  ADD CONSTRAINT `grades_level_id_foreign` FOREIGN KEY (`level_id`) REFERENCES `levels` (`id`),
  ADD CONSTRAINT `grades_user_id_foreign` FOREIGN KEY (`user_id`) REFERENCES `users` (`id`);

--
-- Constraints for table `host_exam_marks`
--
ALTER TABLE `host_exam_marks`
  ADD CONSTRAINT `host_exam_marks_classroom_id_foreign` FOREIGN KEY (`classroom_id`) REFERENCES `classrooms` (`id`),
  ADD CONSTRAINT `host_exam_marks_exam_id_foreign` FOREIGN KEY (`exam_id`) REFERENCES `exams` (`id`),
  ADD CONSTRAINT `host_exam_marks_level_id_foreign` FOREIGN KEY (`level_id`) REFERENCES `levels` (`id`),
  ADD CONSTRAINT `host_exam_marks_student_id_foreign` FOREIGN KEY (`student_id`) REFERENCES `students` (`id`),
  ADD CONSTRAINT `host_exam_marks_user_id_foreign` FOREIGN KEY (`user_id`) REFERENCES `users` (`id`);

--
-- Constraints for table `logs`
--
ALTER TABLE `logs`
  ADD CONSTRAINT `logs_user_id_foreign` FOREIGN KEY (`user_id`) REFERENCES `users` (`id`);

--
-- Constraints for table `parents`
--
ALTER TABLE `parents`
  ADD CONSTRAINT `parents_user_id_foreign` FOREIGN KEY (`user_id`) REFERENCES `users` (`id`);

--
-- Constraints for table `remove_fees`
--
ALTER TABLE `remove_fees`
  ADD CONSTRAINT `remove_fees_fee_id_foreign` FOREIGN KEY (`fee_id`) REFERENCES `fees` (`id`),
  ADD CONSTRAINT `remove_fees_student_id_foreign` FOREIGN KEY (`student_id`) REFERENCES `students` (`id`),
  ADD CONSTRAINT `remove_fees_user_id_foreign` FOREIGN KEY (`user_id`) REFERENCES `users` (`id`);

--
-- Constraints for table `session_atendances`
--
ALTER TABLE `session_atendances`
  ADD CONSTRAINT `session_atendances_classroom_id_foreign` FOREIGN KEY (`classroom_id`) REFERENCES `classrooms` (`id`),
  ADD CONSTRAINT `session_atendances_level_id_foreign` FOREIGN KEY (`level_id`) REFERENCES `levels` (`id`),
  ADD CONSTRAINT `session_atendances_student_id_foreign` FOREIGN KEY (`student_id`) REFERENCES `students` (`id`),
  ADD CONSTRAINT `session_atendances_subject_id_foreign` FOREIGN KEY (`subject_id`) REFERENCES `subjects` (`id`),
  ADD CONSTRAINT `session_atendances_user_id_foreign` FOREIGN KEY (`user_id`) REFERENCES `users` (`id`);

--
-- Constraints for table `staff`
--
ALTER TABLE `staff`
  ADD CONSTRAINT `staff_department_id_foreign` FOREIGN KEY (`department_id`) REFERENCES `departments` (`id`),
  ADD CONSTRAINT `staff_role_id_foreign` FOREIGN KEY (`role_id`) REFERENCES `roles` (`id`),
  ADD CONSTRAINT `staff_user_id_foreign` FOREIGN KEY (`user_id`) REFERENCES `users` (`id`);

--
-- Constraints for table `students`
--
ALTER TABLE `students`
  ADD CONSTRAINT `students_classroom_id_foreign` FOREIGN KEY (`classroom_id`) REFERENCES `classrooms` (`id`),
  ADD CONSTRAINT `students_level_id_foreign` FOREIGN KEY (`level_id`) REFERENCES `levels` (`id`),
  ADD CONSTRAINT `students_parent_id_foreign` FOREIGN KEY (`parent_id`) REFERENCES `parents` (`id`),
  ADD CONSTRAINT `students_student_status_id_foreign` FOREIGN KEY (`student_status_id`) REFERENCES `student_statuses` (`id`),
  ADD CONSTRAINT `students_user_id_foreign` FOREIGN KEY (`user_id`) REFERENCES `users` (`id`);

--
-- Constraints for table `subjects`
--
ALTER TABLE `subjects`
  ADD CONSTRAINT `subjects_user_id_foreign` FOREIGN KEY (`user_id`) REFERENCES `users` (`id`);

--
-- Constraints for table `users`
--
ALTER TABLE `users`
  ADD CONSTRAINT `users_role_id_foreign` FOREIGN KEY (`role_id`) REFERENCES `roles` (`id`);
COMMIT;

/*!40101 SET CHARACTER_SET_CLIENT=@OLD_CHARACTER_SET_CLIENT */;
/*!40101 SET CHARACTER_SET_RESULTS=@OLD_CHARACTER_SET_RESULTS */;
/*!40101 SET COLLATION_CONNECTION=@OLD_COLLATION_CONNECTION */;
